// Generated by tools/generate_vr_shaders.py; do not edit.
// Source SHA-256: fcf6a3f3b12c98da4e4a471857c6e31e710550847330cf294741983a0b99a9d6
#pragma once
#include <cstdint>
namespace starfox::vr::shader {
inline constexpr std::uint32_t vertex[]={
0x7230203,0x10000,0xe0000,0x2a9,0x0,0x20011,0x1,0x6000b,
0x1,0x4c534c47,0x6474732e,0x3035342e,0x0,0x3000e,0x0,0x1,
0x26000f,0x0,0x2,0x74726576,0x6d5f7865,0x6e6961,0x3,0x4,
0x5,0x6,0x7,0x8,0x9,0xa,0xb,0xc,
0xd,0xe,0xf,0x10,0x11,0x12,0x13,0x14,
0x15,0x16,0x17,0x18,0x19,0x1a,0x1b,0x1c,
0x1d,0x1e,0x1f,0x20,0x21,0x22,0x30003,0x5,
0x258,0x90005,0x23,0x65707974,0x6e6f432e,0x6e617473,0x66754274,0x2e726566,
0x656d6143,0x6172,0x60006,0x23,0x0,0x77656976,0x776f725f,0x73,
0x60006,0x23,0x1,0x6a6f7270,0x69746365,0x6e6f,0x50006,0x23,
0x2,0x65666665,0x737463,0x40005,0x24,0x656d6163,0x6172,0x60005,
0x3,0x762e6e69,0x502e7261,0x5449534f,0x4e4f49,0x60005,0x4,0x762e6e69,
0x432e7261,0x524f4c4f,0x30,0x60005,0x5,0x762e6e69,0x432e7261,0x524f4c4f,
0x31,0x70005,0x6,0x762e6e69,0x542e7261,0x4f435845,0x3044524f,0x0,
0x70005,0x7,0x762e6e69,0x542e7261,0x4f435845,0x3144524f,0x0,0x70005,
0x8,0x762e6e69,0x542e7261,0x4f435845,0x3244524f,0x0,0x70005,0x9,
0x762e6e69,0x542e7261,0x4f435845,0x3344524f,0x0,0x70005,0xa,0x762e6e69,
0x542e7261,0x4f435845,0x3444524f,0x0,0x70005,0xb,0x762e6e69,0x542e7261,
0x4f435845,0x3544524f,0x0,0x70005,0xc,0x762e6e69,0x542e7261,0x4f435845,
0x3644524f,0x0,0x70005,0xd,0x762e6e69,0x542e7261,0x4f435845,0x3744524f,
0x0,0x70005,0xe,0x762e6e69,0x542e7261,0x4f435845,0x3844524f,0x0,
0x70005,0xf,0x762e6e69,0x542e7261,0x4f435845,0x3944524f,0x0,0x70005,
0x10,0x762e6e69,0x542e7261,0x4f435845,0x3144524f,0x30,0x70005,0x11,
0x762e6e69,0x542e7261,0x4f435845,0x3144524f,0x31,0x60005,0x13,0x2e74756f,
0x2e726176,0x4f4c4f43,0x3052,0x60005,0x14,0x2e74756f,0x2e726176,0x4f4c4f43,
0x3152,0x70005,0x15,0x2e74756f,0x2e726176,0x43584554,0x44524f4f,0x30,
0x70005,0x16,0x2e74756f,0x2e726176,0x43584554,0x44524f4f,0x31,0x70005,
0x17,0x2e74756f,0x2e726176,0x43584554,0x44524f4f,0x32,0x70005,0x18,
0x2e74756f,0x2e726176,0x43584554,0x44524f4f,0x33,0x70005,0x19,0x2e74756f,
0x2e726176,0x43584554,0x44524f4f,0x34,0x70005,0x1a,0x2e74756f,0x2e726176,
0x43584554,0x44524f4f,0x35,0x70005,0x1b,0x2e74756f,0x2e726176,0x43584554,
0x44524f4f,0x36,0x70005,0x1c,0x2e74756f,0x2e726176,0x43584554,0x44524f4f,
0x37,0x70005,0x1d,0x2e74756f,0x2e726176,0x43584554,0x44524f4f,0x38,
0x70005,0x1e,0x2e74756f,0x2e726176,0x43584554,0x44524f4f,0x39,0x70005,
0x1f,0x2e74756f,0x2e726176,0x43584554,0x44524f4f,0x3031,0x70005,0x20,
0x2e74756f,0x2e726176,0x43584554,0x44524f4f,0x3131,0x70005,0x21,0x2e74756f,
0x2e726176,0x43584554,0x44524f4f,0x3231,0x70005,0x22,0x2e74756f,0x2e726176,
0x43584554,0x44524f4f,0x3331,0x50005,0x2,0x74726576,0x6d5f7865,0x6e6961,
0x40047,0x12,0xb,0x0,0x30047,0x13,0xe,0x30047,
0x14,0xe,0x30047,0x15,0xe,0x30047,0x16,0xe,
0x30047,0x17,0xd,0x30047,0x18,0xe,0x30047,0x19,
0xe,0x30047,0x1a,0xe,0x30047,0x1d,0xe,0x30047,
0x1e,0xe,0x30047,0x1f,0xe,0x30047,0x20,0xe,
0x30047,0x21,0xe,0x30047,0x22,0xe,0x40047,0x3,
0x1e,0x0,0x40047,0x4,0x1e,0x1,0x40047,0x5,
0x1e,0x2,0x40047,0x6,0x1e,0x3,0x40047,0x7,
0x1e,0x4,0x40047,0x8,0x1e,0x5,0x40047,0x9,
0x1e,0x6,0x40047,0xa,0x1e,0x7,0x40047,0xb,
0x1e,0x8,0x40047,0xc,0x1e,0x9,0x40047,0xd,
0x1e,0xa,0x40047,0xe,0x1e,0xb,0x40047,0xf,
0x1e,0xc,0x40047,0x10,0x1e,0xd,0x40047,0x11,
0x1e,0xe,0x40047,0x13,0x1e,0x0,0x40047,0x14,
0x1e,0x1,0x40047,0x15,0x1e,0x2,0x40047,0x16,
0x1e,0x3,0x40047,0x17,0x1e,0x4,0x40047,0x18,
0x1e,0x5,0x40047,0x19,0x1e,0x6,0x40047,0x1a,
0x1e,0x7,0x40047,0x1b,0x1e,0x8,0x40047,0x1c,
0x1e,0x9,0x40047,0x1d,0x1e,0xa,0x40047,0x1e,
0x1e,0xb,0x40047,0x1f,0x1e,0xc,0x40047,0x20,
0x1e,0xd,0x40047,0x21,0x1e,0xe,0x40047,0x22,
0x1e,0xf,0x40047,0x25,0x6,0x10,0x50048,0x23,
0x0,0x23,0x0,0x50048,0x23,0x1,0x23,0x30,
0x50048,0x23,0x1,0x7,0x10,0x40048,0x23,0x1,
0x4,0x50048,0x23,0x2,0x23,0x70,0x30047,0x23,
0x2,0x30047,0x26,0x2a,0x30047,0x27,0x2a,0x30047,
0x28,0x2a,0x30047,0x29,0x2a,0x30047,0x2a,0x2a,
0x30047,0x2b,0x2a,0x30047,0x2c,0x2a,0x30047,0x2d,
0x2a,0x30047,0x2e,0x2a,0x30047,0x2f,0x2a,0x30047,
0x30,0x2a,0x30047,0x31,0x2a,0x30047,0x32,0x2a,
0x30047,0x33,0x2a,0x30047,0x34,0x2a,0x30047,0x35,
0x2a,0x30047,0x36,0x2a,0x30047,0x37,0x2a,0x30047,
0x38,0x2a,0x30047,0x39,0x2a,0x30047,0x3a,0x2a,
0x30047,0x3b,0x2a,0x30047,0x3c,0x2a,0x30047,0x3d,
0x2a,0x30047,0x3e,0x2a,0x30047,0x3f,0x2a,0x30047,
0x40,0x2a,0x30047,0x41,0x2a,0x40015,0x42,0x20,
0x0,0x20014,0x43,0x30029,0x43,0x44,0x40015,0x45,
0x20,0x1,0x4002b,0x42,0x46,0x80000000,0x4002b,0x42,
0x47,0x0,0x4002b,0x45,0x48,0x10,0x40017,0x49,
0x45,0x3,0x6002c,0x49,0x4a,0x48,0x48,0x48,
0x4002b,0x45,0x4b,0x0,0x4002b,0x45,0x4c,0x1,
0x4002b,0x45,0x4d,0x2,0x30016,0x4e,0x20,0x4002b,
0x4e,0x4f,0x43800000,0x3002a,0x43,0x50,0x4002b,0x4e,
0x51,0x0,0x4002b,0x4e,0x52,0x3f800000,0x4002b,0x42,
0x53,0x3,0x4002b,0x42,0x54,0x2,0x4002b,0x42,
0x55,0x1,0x6002c,0x49,0x56,0x4d,0x4d,0x4d,
0x4002b,0x4e,0x57,0xbf800000,0x40017,0x58,0x4e,0x3,
0x6002c,0x58,0x59,0x52,0x57,0x57,0x4002b,0x42,
0x5a,0x4,0x40017,0x5b,0x4e,0x4,0x7002c,0x5b,
0x5c,0x52,0x51,0x51,0x51,0x7002c,0x5b,0x5d,
0x51,0x52,0x51,0x51,0x4002b,0x42,0x5e,0x8000,
0x4002b,0x4e,0x5f,0x358637bd,0x4002b,0x42,0x60,0x10000,
0x6002c,0x58,0x61,0x51,0x51,0x51,0x6002c,0x58,
0x62,0x52,0x52,0x52,0x40017,0x63,0x42,0x4,
0x7002c,0x63,0x64,0x47,0x47,0x47,0x47,0x4002b,
0x45,0x65,0xf,0x4002b,0x42,0x66,0x2001,0x4002b,
0x4e,0x67,0x3f000000,0x4002b,0x42,0x68,0x10,0x7002c,
0x5b,0x69,0x51,0x51,0x51,0x52,0x4002b,0x4e,
0x6a,0x2b8cbccc,0x4002b,0x4e,0x6b,0x47000000,0x6002c,0x49,
0x6c,0x65,0x65,0x65,0x4001c,0x25,0x5b,0x53,
0x40018,0x6d,0x5b,0x4,0x5001e,0x23,0x25,0x6d,
0x63,0x40020,0x6e,0x9,0x23,0x40020,0x6f,0x1,
0x58,0x40020,0x70,0x1,0x5b,0x40020,0x71,0x1,
0x42,0x40017,0x72,0x4e,0x2,0x40020,0x73,0x1,
0x72,0x40020,0x74,0x1,0x63,0x40020,0x75,0x3,
0x5b,0x40020,0x76,0x3,0x42,0x40020,0x77,0x3,
0x72,0x40020,0x78,0x3,0x63,0x40020,0x79,0x3,
0x58,0x20013,0x7a,0x30021,0x7b,0x7a,0x40020,0x7c,
0x9,0x6d,0x40020,0x7d,0x9,0x5b,0x4003b,0x6e,
0x24,0x9,0x4003b,0x6f,0x3,0x1,0x4003b,0x70,
0x4,0x1,0x4003b,0x70,0x5,0x1,0x4003b,0x71,
0x6,0x1,0x4003b,0x6f,0x7,0x1,0x4003b,0x6f,
0x8,0x1,0x4003b,0x6f,0x9,0x1,0x4003b,0x71,
0xa,0x1,0x4003b,0x6f,0xb,0x1,0x4003b,0x6f,
0xc,0x1,0x4003b,0x6f,0xd,0x1,0x4003b,0x71,
0xe,0x1,0x4003b,0x73,0xf,0x1,0x4003b,0x74,
0x10,0x1,0x4003b,0x73,0x11,0x1,0x4003b,0x75,
0x12,0x3,0x4003b,0x75,0x13,0x3,0x4003b,0x75,
0x14,0x3,0x4003b,0x76,0x15,0x3,0x4003b,0x76,
0x16,0x3,0x4003b,0x77,0x17,0x3,0x4003b,0x78,
0x18,0x3,0x4003b,0x79,0x19,0x3,0x4003b,0x76,
0x1a,0x3,0x4003b,0x77,0x1b,0x3,0x4003b,0x79,
0x1c,0x3,0x4003b,0x79,0x1d,0x3,0x4003b,0x79,
0x1e,0x3,0x4003b,0x78,0x1f,0x3,0x4003b,0x78,
0x20,0x3,0x4003b,0x78,0x21,0x3,0x4003b,0x78,
0x22,0x3,0x4002b,0x42,0x7e,0x7fffffff,0x4002b,0x4e,
0x7f,0x3c000000,0x40017,0x80,0x43,0x3,0x50036,0x7a,
0x2,0x0,0x7b,0x200f8,0x81,0x4003d,0x58,0x82,
0x3,0x4003d,0x5b,0x83,0x4,0x4003d,0x5b,0x84,
0x5,0x4003d,0x42,0x85,0x6,0x4003d,0x58,0x86,
0x7,0x4003d,0x58,0x87,0x8,0x4003d,0x58,0x88,
0x9,0x4003d,0x42,0x89,0xa,0x4003d,0x58,0x8a,
0xb,0x4003d,0x58,0x8b,0xc,0x4003d,0x58,0x8c,
0xd,0x4003d,0x42,0x8d,0xe,0x4003d,0x72,0x8e,
0xf,0x4003d,0x63,0x8f,0x10,0x4003d,0x72,0x90,
0x11,0x50051,0x42,0x91,0x8f,0x3,0x500c7,0x42,
0x92,0x91,0x46,0x500ab,0x43,0x93,0x92,0x47,
0x300f7,0x94,0x0,0x400fa,0x93,0x95,0x94,0x200f8,
0x95,0x4006e,0x49,0x96,0x8b,0x4006e,0x49,0x97,
0x8a,0x50082,0x49,0x98,0x96,0x97,0x500c4,0x49,
0x99,0x98,0x4a,0x500c3,0x49,0x9a,0x99,0x4a,
0x4006f,0x58,0x9b,0x9a,0x50051,0x4e,0x9c,0x8c,
0x0,0x5008e,0x58,0x9d,0x9b,0x9c,0x50081,0x58,
0x9e,0x8a,0x9d,0x50051,0x4e,0x9f,0x8c,0x1,
0x50051,0x4e,0xa0,0x9e,0x2,0x50081,0x4e,0xa1,
0x9f,0xa0,0x500be,0x43,0xa2,0xa1,0x4f,0x300f7,
0xa3,0x0,0x400fa,0xa2,0xa4,0xa3,0x200f8,0xa4,
0x50051,0x4e,0xa5,0x8c,0x2,0x500b7,0x43,0xa6,
0xa5,0x51,0x300f7,0xa7,0x0,0x400fa,0xa6,0xa8,
0xa7,0x200f8,0xa8,0x50051,0x4e,0xa9,0x8a,0x2,
0x50081,0x4e,0xaa,0x9f,0xa9,0x500be,0x43,0xab,
0xaa,0x4f,0x200f9,0xa7,0x200f8,0xa7,0x700f5,0x43,
0xac,0x44,0xa4,0xab,0xa8,0x200f9,0xa3,0x200f8,
0xa3,0x700f5,0x43,0xad,0x50,0x95,0xac,0xa7,
0x50051,0x4e,0xae,0x8c,0x2,0x500b4,0x43,0xaf,
0xae,0x52,0x60050,0x80,0xb0,0xaf,0xaf,0xaf,
0x600a9,0x58,0xb1,0xb0,0x8a,0x9e,0x50085,0x4e,
0xb2,0xa1,0x7f,0x5008e,0x72,0xb3,0x90,0xb2,
0x500c7,0x42,0xb4,0x91,0x7e,0x60052,0x63,0xb5,
0xb4,0x8f,0x3,0x200f9,0x94,0x200f8,0x94,0x700f5,
0x43,0xb6,0x44,0x81,0xad,0xa3,0x700f5,0x63,
0xb7,0x8f,0x81,0xb5,0xa3,0x700f5,0x72,0xb8,
0x90,0x81,0xb3,0xa3,0x700f5,0x58,0xb9,0x82,
0x81,0xb1,0xa3,0x500aa,0x43,0xba,0x89,0x54,
0x300f7,0xbb,0x0,0x400fa,0xba,0xbc,0xbb,0x200f8,
0xbc,0x300f7,0xbd,0x0,0x300fb,0x47,0xbe,0x200f8,
0xbe,0x50051,0x4e,0xbf,0x8c,0x2,0x500b6,0x43,
0xc0,0xbf,0x51,0x300f7,0xc1,0x0,0x400fa,0xc0,
0xc2,0xc1,0x200f8,0xc2,0x5008e,0x58,0xc3,0x86,
0x6b,0x6000c,0x58,0xc4,0x1,0x2,0xc3,0x4006e,
0x49,0xc5,0xc4,0x50051,0x4e,0xc6,0xb9,0x0,
0x6000c,0x4e,0xc7,0x1,0x6,0xc6,0x4006e,0x45,
0xc8,0xc7,0x4006f,0x4e,0xc9,0xc8,0x6000c,0x4e,
0xca,0x1,0x4,0xc6,0x50081,0x4e,0xcb,0xca,
0x67,0x6000c,0x4e,0xcc,0x1,0x8,0xcb,0x50085,
0x4e,0xcd,0xc9,0xcc,0x4006e,0x45,0xce,0xcd,
0x4007c,0x42,0xcf,0xce,0x500c4,0x42,0xd0,0xcf,
0x68,0x4007c,0x45,0xd1,0xd0,0x500c3,0x45,0xd2,
0xd1,0x48,0x50051,0x4e,0xd3,0xb9,0x1,0x6000c,
0x4e,0xd4,0x1,0x6,0xd3,0x4006e,0x45,0xd5,
0xd4,0x4006f,0x4e,0xd6,0xd5,0x6000c,0x4e,0xd7,
0x1,0x4,0xd3,0x50081,0x4e,0xd8,0xd7,0x67,
0x6000c,0x4e,0xd9,0x1,0x8,0xd8,0x50085,0x4e,
0xda,0xd6,0xd9,0x4006e,0x45,0xdb,0xda,0x4007c,
0x42,0xdc,0xdb,0x500c4,0x42,0xdd,0xdc,0x68,
0x4007c,0x45,0xde,0xdd,0x500c3,0x45,0xdf,0xde,
0x48,0x50051,0x4e,0xe0,0xb9,0x2,0x6000c,0x4e,
0xe1,0x1,0x6,0xe0,0x4006e,0x45,0xe2,0xe1,
0x4006f,0x4e,0xe3,0xe2,0x6000c,0x4e,0xe4,0x1,
0x4,0xe0,0x50081,0x4e,0xe5,0xe4,0x67,0x6000c,
0x4e,0xe6,0x1,0x8,0xe5,0x50085,0x4e,0xe7,
0xe3,0xe6,0x4006e,0x45,0xe8,0xe7,0x4007c,0x42,
0xe9,0xe8,0x500c4,0x42,0xea,0xe9,0x68,0x4007c,
0x45,0xeb,0xea,0x500c3,0x45,0xec,0xeb,0x48,
0x60050,0x49,0xed,0xd2,0xdf,0xec,0x50084,0x49,
0xee,0xc5,0xed,0x500c3,0x49,0xef,0xee,0x6c,
0x50051,0x45,0xf0,0xef,0x0,0x50051,0x45,0xf1,
0xef,0x1,0x50080,0x45,0xf2,0xf0,0xf1,0x50051,
0x45,0xf3,0xef,0x2,0x50080,0x45,0xf4,0xf2,
0xf3,0x4007c,0x42,0xf5,0xf4,0x500c4,0x42,0xf6,
0xf5,0x68,0x4007c,0x45,0xf7,0xf6,0x500c3,0x45,
0xf8,0xf7,0x48,0x4006f,0x4e,0xf9,0xf8,0x5008e,
0x58,0xfa,0x87,0x6b,0x6000c,0x58,0xfb,0x1,
0x2,0xfa,0x4006e,0x49,0xfc,0xfb,0x50084,0x49,
0xfd,0xfc,0xed,0x500c3,0x49,0xfe,0xfd,0x6c,
0x50051,0x45,0xff,0xfe,0x0,0x50051,0x45,0x100,
0xfe,0x1,0x50080,0x45,0x101,0xff,0x100,0x50051,
0x45,0x102,0xfe,0x2,0x50080,0x45,0x103,0x101,
0x102,0x4007c,0x42,0x104,0x103,0x500c4,0x42,0x105,
0x104,0x68,0x4007c,0x45,0x106,0x105,0x500c3,0x45,
0x107,0x106,0x48,0x4006f,0x4e,0x108,0x107,0x5008e,
0x58,0x109,0x88,0x6b,0x6000c,0x58,0x10a,0x1,
0x2,0x109,0x4006e,0x49,0x10b,0x10a,0x50084,0x49,
0x10c,0x10b,0xed,0x500c3,0x49,0x10d,0x10c,0x6c,
0x50051,0x45,0x10e,0x10d,0x0,0x50051,0x45,0x10f,
0x10d,0x1,0x50080,0x45,0x110,0x10e,0x10f,0x50051,
0x45,0x111,0x10d,0x2,0x50080,0x45,0x112,0x110,
0x111,0x4007c,0x42,0x113,0x112,0x500c4,0x42,0x114,
0x113,0x68,0x4007c,0x45,0x115,0x114,0x500c3,0x45,
0x116,0x115,0x48,0x4006f,0x4e,0x117,0x116,0x60050,
0x58,0x118,0xf9,0x108,0x117,0x200f9,0xbd,0x200f8,
0xc1,0x50094,0x4e,0x119,0x86,0xb9,0x50094,0x4e,
0x11a,0x87,0xb9,0x50094,0x4e,0x11b,0x88,0xb9,
0x60050,0x58,0x11c,0x119,0x11a,0x11b,0x200f9,0xbd,
0x200f8,0xbd,0x700f5,0x58,0x11d,0x118,0xc2,0x11c,
0xc1,0x300f7,0x11e,0x0,0x400fa,0xc0,0x11f,0x120,
0x200f8,0x11f,0x50051,0x4e,0x121,0x11d,0x0,0x4006e,
0x45,0x122,0x121,0x50051,0x4e,0x123,0x8a,0x0,
0x6000c,0x4e,0x124,0x1,0x6,0x123,0x4006e,0x45,
0x125,0x124,0x4006f,0x4e,0x126,0x125,0x6000c,0x4e,
0x127,0x1,0x4,0x123,0x50081,0x4e,0x128,0x127,
0x67,0x6000c,0x4e,0x129,0x1,0x8,0x128,0x50085,
0x4e,0x12a,0x126,0x129,0x4006e,0x45,0x12b,0x12a,
0x50080,0x45,0x12c,0x122,0x12b,0x4007c,0x42,0x12d,
0x12c,0x500c4,0x42,0x12e,0x12d,0x68,0x4007c,0x45,
0x12f,0x12e,0x500c3,0x45,0x130,0x12f,0x48,0x4006f,
0x4e,0x131,0x130,0x50051,0x4e,0x132,0x11d,0x1,
0x4006e,0x45,0x133,0x132,0x50051,0x4e,0x134,0x8a,
0x1,0x6000c,0x4e,0x135,0x1,0x6,0x134,0x4006e,
0x45,0x136,0x135,0x4006f,0x4e,0x137,0x136,0x6000c,
0x4e,0x138,0x1,0x4,0x134,0x50081,0x4e,0x139,
0x138,0x67,0x6000c,0x4e,0x13a,0x1,0x8,0x139,
0x50085,0x4e,0x13b,0x137,0x13a,0x4006e,0x45,0x13c,
0x13b,0x50080,0x45,0x13d,0x133,0x13c,0x4007c,0x42,
0x13e,0x13d,0x500c4,0x42,0x13f,0x13e,0x68,0x4007c,
0x45,0x140,0x13f,0x500c3,0x45,0x141,0x140,0x48,
0x4006f,0x4e,0x142,0x141,0x50051,0x4e,0x143,0x11d,
0x2,0x4006e,0x45,0x144,0x143,0x50051,0x4e,0x145,
0x8a,0x2,0x6000c,0x4e,0x146,0x1,0x6,0x145,
0x4006e,0x45,0x147,0x146,0x4006f,0x4e,0x148,0x147,
0x6000c,0x4e,0x149,0x1,0x4,0x145,0x50081,0x4e,
0x14a,0x149,0x67,0x6000c,0x4e,0x14b,0x1,0x8,
0x14a,0x50085,0x4e,0x14c,0x148,0x14b,0x4006e,0x45,
0x14d,0x14c,0x50080,0x45,0x14e,0x144,0x14d,0x4007c,
0x42,0x14f,0x14e,0x500c4,0x42,0x150,0x14f,0x68,
0x4007c,0x45,0x151,0x150,0x500c3,0x45,0x152,0x151,
0x48,0x4006f,0x4e,0x153,0x152,0x60050,0x58,0x154,
0x131,0x142,0x153,0x200f9,0x11e,0x200f8,0x120,0x50081,
0x58,0x155,0x11d,0x8a,0x200f9,0x11e,0x200f8,0x11e,
0x700f5,0x58,0x156,0x154,0x11f,0x155,0x120,0x300f7,
0x157,0x0,0x300fb,0x47,0x158,0x200f8,0x158,0x300f7,
0x159,0x0,0x400fa,0xc0,0x15a,0x159,0x200f8,0x15a,
0x5008e,0x58,0x15b,0x86,0x6b,0x6000c,0x58,0x15c,
0x1,0x2,0x15b,0x4006e,0x49,0x15d,0x15c,0x50051,
0x4e,0x15e,0x8b,0x0,0x6000c,0x4e,0x15f,0x1,
0x6,0x15e,0x4006e,0x45,0x160,0x15f,0x4006f,0x4e,
0x161,0x160,0x6000c,0x4e,0x162,0x1,0x4,0x15e,
0x50081,0x4e,0x163,0x162,0x67,0x6000c,0x4e,0x164,
0x1,0x8,0x163,0x50085,0x4e,0x165,0x161,0x164,
0x4006e,0x45,0x166,0x165,0x4007c,0x42,0x167,0x166,
0x500c4,0x42,0x168,0x167,0x68,0x4007c,0x45,0x169,
0x168,0x500c3,0x45,0x16a,0x169,0x48,0x50051,0x4e,
0x16b,0x8b,0x1,0x6000c,0x4e,0x16c,0x1,0x6,
0x16b,0x4006e,0x45,0x16d,0x16c,0x4006f,0x4e,0x16e,
0x16d,0x6000c,0x4e,0x16f,0x1,0x4,0x16b,0x50081,
0x4e,0x170,0x16f,0x67,0x6000c,0x4e,0x171,0x1,
0x8,0x170,0x50085,0x4e,0x172,0x16e,0x171,0x4006e,
0x45,0x173,0x172,0x4007c,0x42,0x174,0x173,0x500c4,
0x42,0x175,0x174,0x68,0x4007c,0x45,0x176,0x175,
0x500c3,0x45,0x177,0x176,0x48,0x50051,0x4e,0x178,
0x8b,0x2,0x6000c,0x4e,0x179,0x1,0x6,0x178,
0x4006e,0x45,0x17a,0x179,0x4006f,0x4e,0x17b,0x17a,
0x6000c,0x4e,0x17c,0x1,0x4,0x178,0x50081,0x4e,
0x17d,0x17c,0x67,0x6000c,0x4e,0x17e,0x1,0x8,
0x17d,0x50085,0x4e,0x17f,0x17b,0x17e,0x4006e,0x45,
0x180,0x17f,0x4007c,0x42,0x181,0x180,0x500c4,0x42,
0x182,0x181,0x68,0x4007c,0x45,0x183,0x182,0x500c3,
0x45,0x184,0x183,0x48,0x60050,0x49,0x185,0x16a,
0x177,0x184,0x50084,0x49,0x186,0x15d,0x185,0x500c3,
0x49,0x187,0x186,0x6c,0x50051,0x45,0x188,0x187,
0x0,0x50051,0x45,0x189,0x187,0x1,0x50080,0x45,
0x18a,0x188,0x189,0x50051,0x45,0x18b,0x187,0x2,
0x50080,0x45,0x18c,0x18a,0x18b,0x4007c,0x42,0x18d,
0x18c,0x500c4,0x42,0x18e,0x18d,0x68,0x4007c,0x45,
0x18f,0x18e,0x500c3,0x45,0x190,0x18f,0x48,0x4006f,
0x4e,0x191,0x190,0x5008e,0x58,0x192,0x87,0x6b,
0x6000c,0x58,0x193,0x1,0x2,0x192,0x4006e,0x49,
0x194,0x193,0x50084,0x49,0x195,0x194,0x185,0x500c3,
0x49,0x196,0x195,0x6c,0x50051,0x45,0x197,0x196,
0x0,0x50051,0x45,0x198,0x196,0x1,0x50080,0x45,
0x199,0x197,0x198,0x50051,0x45,0x19a,0x196,0x2,
0x50080,0x45,0x19b,0x199,0x19a,0x4007c,0x42,0x19c,
0x19b,0x500c4,0x42,0x19d,0x19c,0x68,0x4007c,0x45,
0x19e,0x19d,0x500c3,0x45,0x19f,0x19e,0x48,0x4006f,
0x4e,0x1a0,0x19f,0x5008e,0x58,0x1a1,0x88,0x6b,
0x6000c,0x58,0x1a2,0x1,0x2,0x1a1,0x4006e,0x49,
0x1a3,0x1a2,0x50084,0x49,0x1a4,0x1a3,0x185,0x500c3,
0x49,0x1a5,0x1a4,0x6c,0x50051,0x45,0x1a6,0x1a5,
0x0,0x50051,0x45,0x1a7,0x1a5,0x1,0x50080,0x45,
0x1a8,0x1a6,0x1a7,0x50051,0x45,0x1a9,0x1a5,0x2,
0x50080,0x45,0x1aa,0x1a8,0x1a9,0x4007c,0x42,0x1ab,
0x1aa,0x500c4,0x42,0x1ac,0x1ab,0x68,0x4007c,0x45,
0x1ad,0x1ac,0x500c3,0x45,0x1ae,0x1ad,0x48,0x4006f,
0x4e,0x1af,0x1ae,0x60050,0x58,0x1b0,0x191,0x1a0,
0x1af,0x200f9,0x157,0x200f8,0x159,0x50094,0x4e,0x1b1,
0x86,0x8b,0x50094,0x4e,0x1b2,0x87,0x8b,0x50094,
0x4e,0x1b3,0x88,0x8b,0x60050,0x58,0x1b4,0x1b1,
0x1b2,0x1b3,0x200f9,0x157,0x200f8,0x157,0x700f5,0x58,
0x1b5,0x1b0,0x15a,0x1b4,0x159,0x50051,0x4e,0x1b6,
0x1b5,0x1,0x6000c,0x4e,0x1b7,0x1,0x4,0x1b6,
0x4007f,0x4e,0x1b8,0x1b7,0x50051,0x4e,0x1b9,0x1b5,
0x0,0x6000c,0x4e,0x1ba,0x1,0x6,0x1b9,0x4006e,
0x45,0x1bb,0x1ba,0x4006f,0x4e,0x1bc,0x1bb,0x6000c,
0x4e,0x1bd,0x1,0x4,0x1b9,0x50081,0x4e,0x1be,
0x1bd,0x67,0x6000c,0x4e,0x1bf,0x1,0x8,0x1be,
0x50085,0x4e,0x1c0,0x1bc,0x1bf,0x4006e,0x45,0x1c1,
0x1c0,0x6000c,0x4e,0x1c2,0x1,0x6,0x1b8,0x4006e,
0x45,0x1c3,0x1c2,0x4006f,0x4e,0x1c4,0x1c3,0x6000c,
0x4e,0x1c5,0x1,0x4,0x1b8,0x50081,0x4e,0x1c6,
0x1c5,0x67,0x6000c,0x4e,0x1c7,0x1,0x8,0x1c6,
0x50085,0x4e,0x1c8,0x1c4,0x1c7,0x4006e,0x45,0x1c9,
0x1c8,0x50051,0x4e,0x1ca,0x1b5,0x2,0x6000c,0x4e,
0x1cb,0x1,0x6,0x1ca,0x4006e,0x45,0x1cc,0x1cb,
0x4006f,0x4e,0x1cd,0x1cc,0x6000c,0x4e,0x1ce,0x1,
0x4,0x1ca,0x50081,0x4e,0x1cf,0x1ce,0x67,0x6000c,
0x4e,0x1d0,0x1,0x8,0x1cf,0x50085,0x4e,0x1d1,
0x1cd,0x1d0,0x4006e,0x45,0x1d2,0x1d1,0x60050,0x49,
0x1d3,0x1c1,0x1c9,0x1d2,0x50051,0x4e,0x1d4,0x8c,
0x0,0x4006e,0x45,0x1d5,0x1d4,0x60050,0x49,0x1d6,
0x1d5,0x1d5,0x1d5,0x50084,0x49,0x1d7,0x1d3,0x1d6,
0x500c3,0x49,0x1d8,0x1d7,0x56,0x4006f,0x58,0x1d9,
0x1d8,0x50081,0x58,0x1da,0x156,0x1d9,0x50085,0x58,
0x1db,0x1da,0x59,0x50051,0x4e,0x1dc,0x8c,0x1,
0x60050,0x58,0x1dd,0x1dc,0x1dc,0x1dc,0x50088,0x58,
0x1de,0x1db,0x1dd,0x200f9,0xbb,0x200f8,0xbb,0x700f5,
0x58,0x1df,0xb9,0x94,0x1de,0x157,0x60041,0x7d,
0x1e0,0x24,0x4b,0x4b,0x4003d,0x5b,0x1e1,0x1e0,
0x60041,0x7d,0x1e2,0x24,0x4b,0x4c,0x4003d,0x5b,
0x1e3,0x1e2,0x60041,0x7d,0x1e4,0x24,0x4b,0x4d,
0x4003d,0x5b,0x1e5,0x1e4,0x70050,0x6d,0x1e6,0x1e1,
0x1e3,0x1e5,0x69,0x50051,0x4e,0x1e7,0x1df,0x0,
0x50051,0x4e,0x1e8,0x1df,0x1,0x50051,0x4e,0x1e9,
0x1df,0x2,0x70050,0x5b,0x1ea,0x1e7,0x1e8,0x1e9,
0x52,0x50090,0x5b,0x1eb,0x1ea,0x1e6,0x50051,0x42,
0x1ec,0xb7,0x3,0x500c7,0x42,0x1ed,0x1ec,0x5a,
0x500ab,0x43,0x1ee,0x1ed,0x47,0x300f7,0x1ef,0x0,
0x400fa,0x1ee,0x1f0,0x1ef,0x200f8,0x1f0,0x50090,0x5b,
0x1f1,0x5c,0x1e6,0x8004f,0x58,0x1f2,0x1f1,0x1f1,
0x0,0x1,0x2,0x6000c,0x4e,0x1f3,0x1,0x42,
0x1f2,0x50090,0x5b,0x1f4,0x5d,0x1e6,0x8004f,0x58,
0x1f5,0x1f4,0x1f4,0x0,0x1,0x2,0x6000c,0x4e,
0x1f6,0x1,0x42,0x1f5,0x300f7,0x1f7,0x0,0x400fa,
0xba,0x1f8,0x1f7,0x200f8,0x1f8,0x50051,0x4e,0x1f9,
0x8c,0x1,0x50088,0x4e,0x1fa,0x1f3,0x1f9,0x50088,
0x4e,0x1fb,0x1f6,0x1f9,0x200f9,0x1f7,0x200f8,0x1f7,
0x700f5,0x4e,0x1fc,0x1f6,0x1f0,0x1fb,0x1f8,0x700f5,
0x4e,0x1fd,0x1f3,0x1f0,0x1fa,0x1f8,0x50050,0x72,
0x1fe,0x1fd,0x1fc,0x50085,0x72,0x1ff,0xb8,0x1fe,
0x7004f,0x72,0x200,0x1eb,0x1eb,0x0,0x1,0x50081,
0x72,0x201,0x200,0x1ff,0x9004f,0x5b,0x202,0x1eb,
0x201,0x4,0x5,0x2,0x3,0x200f9,0x1ef,0x200f8,
0x1ef,0x700f5,0x5b,0x203,0x1eb,0xbb,0x202,0x1f7,
0x50041,0x7c,0x204,0x24,0x4c,0x4003d,0x6d,0x205,
0x204,0x50090,0x5b,0x206,0x203,0x205,0x500c7,0x42,
0x207,0x1ec,0x5e,0x500ab,0x43,0x208,0x207,0x47,
0x300f7,0x209,0x0,0x400fa,0x208,0x20a,0x209,0x200f8,
0x20a,0x50051,0x4e,0x20b,0x206,0x3,0x50085,0x4e,
0x20c,0x20b,0x5f,0x50051,0x4e,0x20d,0x206,0x2,
0x50083,0x4e,0x20e,0x20d,0x20c,0x60052,0x5b,0x20f,
0x20e,0x206,0x2,0x200f9,0x209,0x200f8,0x209,0x700f5,
0x5b,0x210,0x206,0x1ef,0x20f,0x20a,0x500c7,0x42,
0x211,0x1ec,0x60,0x500ab,0x43,0x212,0x211,0x47,
0x300f7,0x213,0x0,0x400fa,0x212,0x214,0x213,0x200f8,
0x214,0x50051,0x4e,0x215,0xb8,0x0,0x500b4,0x43,
0x216,0x215,0x51,0x600a9,0x4e,0x217,0x216,0x52,
0x215,0x50051,0x4e,0x218,0x8e,0x0,0x50051,0x4e,
0x219,0x8e,0x1,0x60050,0x58,0x21a,0x218,0x219,
0x217,0x200f9,0x213,0x200f8,0x213,0x700f5,0x58,0x21b,
0x1df,0x209,0x21a,0x214,0x600a9,0x45,0x21c,0xb6,
0x4c,0x4b,0x4007c,0x42,0x21d,0x21c,0x500c7,0x42,
0x21e,0x1ec,0x66,0x500aa,0x43,0x21f,0x21e,0x66,
0x300f7,0x220,0x0,0x400fa,0x21f,0x221,0x220,0x200f8,
0x221,0x50051,0x4e,0x222,0x87,0x0,0x4006d,0x42,
0x223,0x222,0x50051,0x4e,0x224,0x86,0x0,0x50051,
0x4e,0x225,0x86,0x1,0x50051,0x4e,0x226,0x86,
0x2,0x4006d,0x42,0x227,0x224,0x4006d,0x42,0x228,
0x225,0x4006d,0x42,0x229,0x226,0x70050,0x63,0x22a,
0x227,0x228,0x229,0x223,0x50051,0x4e,0x22b,0x87,
0x1,0x50051,0x4e,0x22c,0x87,0x2,0x4006d,0x42,
0x22d,0x22b,0x4006d,0x42,0x22e,0x22c,0x50051,0x4e,
0x22f,0x88,0x0,0x50051,0x4e,0x230,0x88,0x1,
0x4006d,0x42,0x231,0x22f,0x4006d,0x42,0x232,0x230,
0x70050,0x63,0x233,0x22d,0x22e,0x231,0x232,0x50051,
0x4e,0x234,0x88,0x2,0x4006d,0x42,0x235,0x234,
0x50051,0x4e,0x236,0x8a,0x0,0x50051,0x4e,0x237,
0x8a,0x1,0x50051,0x4e,0x238,0x8a,0x2,0x4006d,
0x42,0x239,0x236,0x4006d,0x42,0x23a,0x237,0x4006d,
0x42,0x23b,0x238,0x70050,0x63,0x23c,0x235,0x239,
0x23a,0x23b,0x50051,0x4e,0x23d,0x8c,0x0,0x4006d,
0x42,0x23e,0x23d,0x50051,0x4e,0x23f,0x8b,0x0,
0x50051,0x4e,0x240,0x8b,0x1,0x50051,0x4e,0x241,
0x8b,0x2,0x4006d,0x42,0x242,0x23f,0x4006d,0x42,
0x243,0x240,0x4006d,0x42,0x244,0x241,0x70050,0x63,
0x245,0x242,0x243,0x244,0x23e,0x200f9,0x220,0x200f8,
0x220,0x700f5,0x63,0x246,0x64,0x213,0x22a,0x221,
0x700f5,0x63,0x247,0x64,0x213,0x233,0x221,0x700f5,
0x63,0x248,0x64,0x213,0x23c,0x221,0x700f5,0x63,
0x249,0x64,0x213,0x245,0x221,0x500aa,0x43,0x24a,
0x89,0x55,0x300f7,0x24b,0x0,0x400fa,0x24a,0x24c,
0x24b,0x200f8,0x24c,0x50051,0x4e,0x24d,0x86,0x0,
0x50051,0x4e,0x24e,0x86,0x1,0x50051,0x4e,0x24f,
0x86,0x2,0x70050,0x5b,0x250,0x24d,0x24e,0x24f,
0x52,0x50090,0x5b,0x251,0x250,0x1e6,0x8004f,0x58,
0x252,0x251,0x251,0x0,0x1,0x2,0x50051,0x4e,
0x253,0x87,0x0,0x50051,0x4e,0x254,0x87,0x1,
0x50051,0x4e,0x255,0x87,0x2,0x70050,0x5b,0x256,
0x253,0x254,0x255,0x52,0x50090,0x5b,0x257,0x256,
0x1e6,0x8004f,0x58,0x258,0x257,0x257,0x0,0x1,
0x2,0x50051,0x4e,0x259,0x88,0x0,0x50051,0x4e,
0x25a,0x88,0x1,0x50051,0x4e,0x25b,0x88,0x2,
0x70050,0x5b,0x25c,0x259,0x25a,0x25b,0x52,0x50090,
0x5b,0x25d,0x25c,0x1e6,0x8004f,0x58,0x25e,0x25d,
0x25d,0x0,0x1,0x2,0x50051,0x4e,0x25f,0x251,
0x0,0x50051,0x4e,0x260,0x257,0x1,0x50051,0x4e,
0x261,0x25d,0x2,0x50085,0x4e,0x26,0x260,0x261,
0x50051,0x4e,0x262,0x257,0x2,0x50051,0x4e,0x263,
0x25d,0x1,0x50085,0x4e,0x27,0x262,0x263,0x50083,
0x4e,0x28,0x26,0x27,0x50085,0x4e,0x29,0x25f,
0x28,0x50051,0x4e,0x264,0x251,0x1,0x50051,0x4e,
0x265,0x257,0x0,0x50085,0x4e,0x2a,0x265,0x261,
0x50051,0x4e,0x266,0x25d,0x0,0x50085,0x4e,0x2b,
0x262,0x266,0x50083,0x4e,0x2c,0x2a,0x2b,0x50085,
0x4e,0x2d,0x264,0x2c,0x50083,0x4e,0x2e,0x29,
0x2d,0x50051,0x4e,0x267,0x251,0x2,0x50085,0x4e,
0x2f,0x265,0x263,0x50085,0x4e,0x30,0x260,0x266,
0x50083,0x4e,0x31,0x2f,0x30,0x50085,0x4e,0x32,
0x267,0x31,0x50081,0x4e,0x33,0x2e,0x32,0x6000c,
0x58,0x268,0x1,0x4,0x252,0x6000c,0x58,0x269,
0x1,0x4,0x258,0x7000c,0x58,0x26a,0x1,0x50,
0x268,0x269,0x6000c,0x58,0x26b,0x1,0x4,0x25e,
0x7000c,0x58,0x26c,0x1,0x50,0x26a,0x26b,0x50051,
0x4e,0x26d,0x26c,0x0,0x50051,0x4e,0x26e,0x26c,
0x1,0x7000c,0x4e,0x26f,0x1,0x50,0x26d,0x26e,
0x50051,0x4e,0x270,0x26c,0x2,0x7000c,0x4e,0x271,
0x1,0x50,0x270,0x52,0x7000c,0x4e,0x272,0x1,
0x50,0x26f,0x271,0x50085,0x4e,0x273,0x272,0x272,
0x50085,0x4e,0x274,0x273,0x272,0x50085,0x4e,0x275,
0x274,0x6a,0x500bc,0x43,0x276,0x33,0x275,0x600a9,
0x42,0x277,0x276,0x55,0x47,0x200f9,0x24b,0x200f8,
0x24b,0x700f5,0x42,0x278,0x21d,0x220,0x277,0x24c,
0x500ab,0x43,0x279,0x8d,0x47,0x300f7,0x27a,0x0,
0x400fa,0x279,0x27b,0x27a,0x200f8,0x27b,0x50051,0x4e,
0x27c,0x8a,0x0,0x50051,0x4e,0x27d,0x8a,0x1,
0x50051,0x4e,0x27e,0x8a,0x2,0x70050,0x5b,0x27f,
0x27c,0x27d,0x27e,0x52,0x50090,0x5b,0x280,0x27f,
0x1e6,0x8004f,0x58,0x281,0x280,0x280,0x0,0x1,
0x2,0x50051,0x4e,0x282,0x8b,0x0,0x50051,0x4e,
0x283,0x8b,0x1,0x50051,0x4e,0x284,0x8b,0x2,
0x70050,0x5b,0x285,0x282,0x283,0x284,0x52,0x50090,
0x5b,0x286,0x285,0x1e6,0x8004f,0x58,0x287,0x286,
0x286,0x0,0x1,0x2,0x50051,0x4e,0x288,0x8c,
0x0,0x50051,0x4e,0x289,0x8c,0x1,0x50051,0x4e,
0x28a,0x8c,0x2,0x70050,0x5b,0x28b,0x288,0x289,
0x28a,0x52,0x50090,0x5b,0x28c,0x28b,0x1e6,0x8004f,
0x58,0x28d,0x28c,0x28c,0x0,0x1,0x2,0x50051,
0x4e,0x28e,0x280,0x0,0x50051,0x4e,0x28f,0x286,
0x1,0x50051,0x4e,0x290,0x28c,0x2,0x50085,0x4e,
0x34,0x28f,0x290,0x50051,0x4e,0x291,0x286,0x2,
0x50051,0x4e,0x292,0x28c,0x1,0x50085,0x4e,0x35,
0x291,0x292,0x50083,0x4e,0x36,0x34,0x35,0x50085,
0x4e,0x37,0x28e,0x36,0x50051,0x4e,0x293,0x280,
0x1,0x50051,0x4e,0x294,0x286,0x0,0x50085,0x4e,
0x38,0x294,0x290,0x50051,0x4e,0x295,0x28c,0x0,
0x50085,0x4e,0x39,0x291,0x295,0x50083,0x4e,0x3a,
0x38,0x39,0x50085,0x4e,0x3b,0x293,0x3a,0x50083,
0x4e,0x3c,0x37,0x3b,0x50051,0x4e,0x296,0x280,
0x2,0x50085,0x4e,0x3d,0x294,0x292,0x50085,0x4e,
0x3e,0x28f,0x295,0x50083,0x4e,0x3f,0x3d,0x3e,
0x50085,0x4e,0x40,0x296,0x3f,0x50081,0x4e,0x41,
0x3c,0x40,0x6000c,0x58,0x297,0x1,0x4,0x281,
0x6000c,0x58,0x298,0x1,0x4,0x287,0x7000c,0x58,
0x299,0x1,0x50,0x297,0x298,0x6000c,0x58,0x29a,
0x1,0x4,0x28d,0x7000c,0x58,0x29b,0x1,0x50,
0x299,0x29a,0x50051,0x4e,0x29c,0x29b,0x0,0x50051,
0x4e,0x29d,0x29b,0x1,0x7000c,0x4e,0x29e,0x1,
0x50,0x29c,0x29d,0x50051,0x4e,0x29f,0x29b,0x2,
0x7000c,0x4e,0x2a0,0x1,0x50,0x29f,0x52,0x7000c,
0x4e,0x2a1,0x1,0x50,0x29e,0x2a0,0x50085,0x4e,
0x2a2,0x2a1,0x2a1,0x50085,0x4e,0x2a3,0x2a2,0x2a1,
0x50085,0x4e,0x2a4,0x2a3,0x6a,0x500bc,0x43,0x2a5,
0x41,0x2a4,0x600a9,0x42,0x2a6,0x2a5,0x55,0x47,
0x500c7,0x42,0x2a7,0x278,0x2a6,0x200f9,0x27a,0x200f8,
0x27a,0x700f5,0x42,0x2a8,0x278,0x24b,0x2a7,0x27b,
0x3003e,0x12,0x210,0x3003e,0x13,0x83,0x3003e,0x14,
0x84,0x3003e,0x15,0x85,0x3003e,0x16,0x2a8,0x3003e,
0x17,0x8e,0x3003e,0x18,0xb7,0x3003e,0x19,0x61,
0x3003e,0x1a,0x47,0x3003e,0x1b,0x8e,0x3003e,0x1c,
0x21b,0x3003e,0x1d,0x62,0x3003e,0x1e,0x61,0x3003e,
0x1f,0x246,0x3003e,0x20,0x247,0x3003e,0x21,0x248,
0x3003e,0x22,0x249,0x100fd,0x10038
};
inline constexpr std::uint32_t vertex_textured[]={
0x7230203,0x10000,0xe0000,0x1040,0x0,0x20011,0x1,0x6000b,
0x1,0x4c534c47,0x6474732e,0x3035342e,0x0,0x3000e,0x0,0x1,
0x29000f,0x0,0x2,0x74726576,0x745f7865,0x75747865,0x5f646572,0x6e69616d,
0x0,0x3,0x4,0x5,0x6,0x7,0x8,0x9,
0xa,0xb,0xc,0xd,0xe,0xf,0x10,0x11,
0x12,0x13,0x14,0x15,0x16,0x17,0x18,0x19,
0x1a,0x1b,0x1c,0x1d,0x1e,0x1f,0x20,0x21,
0x22,0x30003,0x5,0x258,0x90005,0x23,0x65707974,0x6e6f432e,
0x6e617473,0x66754274,0x2e726566,0x656d6143,0x6172,0x60006,0x23,0x0,
0x77656976,0x776f725f,0x73,0x60006,0x23,0x1,0x6a6f7270,0x69746365,
0x6e6f,0x50006,0x23,0x2,0x65666665,0x737463,0x40005,0x24,
0x656d6163,0x6172,0x90005,0x25,0x65707974,0x7274532e,0x75746375,0x42646572,
0x65666675,0x69752e72,0x746e,0x40005,0x26,0x65786574,0x736c,0x60005,
0x3,0x762e6e69,0x502e7261,0x5449534f,0x4e4f49,0x60005,0x4,0x762e6e69,
0x432e7261,0x524f4c4f,0x30,0x60005,0x5,0x762e6e69,0x432e7261,0x524f4c4f,
0x31,0x70005,0x6,0x762e6e69,0x542e7261,0x4f435845,0x3044524f,0x0,
0x70005,0x7,0x762e6e69,0x542e7261,0x4f435845,0x3144524f,0x0,0x70005,
0x8,0x762e6e69,0x542e7261,0x4f435845,0x3244524f,0x0,0x70005,0x9,
0x762e6e69,0x542e7261,0x4f435845,0x3344524f,0x0,0x70005,0xa,0x762e6e69,
0x542e7261,0x4f435845,0x3444524f,0x0,0x70005,0xb,0x762e6e69,0x542e7261,
0x4f435845,0x3544524f,0x0,0x70005,0xc,0x762e6e69,0x542e7261,0x4f435845,
0x3644524f,0x0,0x70005,0xd,0x762e6e69,0x542e7261,0x4f435845,0x3744524f,
0x0,0x70005,0xe,0x762e6e69,0x542e7261,0x4f435845,0x3844524f,0x0,
0x70005,0xf,0x762e6e69,0x542e7261,0x4f435845,0x3944524f,0x0,0x70005,
0x10,0x762e6e69,0x542e7261,0x4f435845,0x3144524f,0x30,0x70005,0x11,
0x762e6e69,0x542e7261,0x4f435845,0x3144524f,0x31,0x60005,0x13,0x2e74756f,
0x2e726176,0x4f4c4f43,0x3052,0x60005,0x14,0x2e74756f,0x2e726176,0x4f4c4f43,
0x3152,0x70005,0x15,0x2e74756f,0x2e726176,0x43584554,0x44524f4f,0x30,
0x70005,0x16,0x2e74756f,0x2e726176,0x43584554,0x44524f4f,0x31,0x70005,
0x17,0x2e74756f,0x2e726176,0x43584554,0x44524f4f,0x32,0x70005,0x18,
0x2e74756f,0x2e726176,0x43584554,0x44524f4f,0x33,0x70005,0x19,0x2e74756f,
0x2e726176,0x43584554,0x44524f4f,0x34,0x70005,0x1a,0x2e74756f,0x2e726176,
0x43584554,0x44524f4f,0x35,0x70005,0x1b,0x2e74756f,0x2e726176,0x43584554,
0x44524f4f,0x36,0x70005,0x1c,0x2e74756f,0x2e726176,0x43584554,0x44524f4f,
0x37,0x70005,0x1d,0x2e74756f,0x2e726176,0x43584554,0x44524f4f,0x38,
0x70005,0x1e,0x2e74756f,0x2e726176,0x43584554,0x44524f4f,0x39,0x70005,
0x1f,0x2e74756f,0x2e726176,0x43584554,0x44524f4f,0x3031,0x70005,0x20,
0x2e74756f,0x2e726176,0x43584554,0x44524f4f,0x3131,0x70005,0x21,0x2e74756f,
0x2e726176,0x43584554,0x44524f4f,0x3231,0x70005,0x22,0x2e74756f,0x2e726176,
0x43584554,0x44524f4f,0x3331,0x80005,0x2,0x74726576,0x745f7865,0x75747865,
0x5f646572,0x6e69616d,0x0,0x40047,0x12,0xb,0x0,0x30047,
0x13,0xe,0x30047,0x14,0xe,0x30047,0x15,0xe,
0x30047,0x16,0xe,0x30047,0x17,0xd,0x30047,0x18,
0xe,0x30047,0x19,0xe,0x30047,0x1a,0xe,0x30047,
0x1d,0xe,0x30047,0x1e,0xe,0x30047,0x1f,0xe,
0x30047,0x20,0xe,0x30047,0x21,0xe,0x30047,0x22,
0xe,0x40047,0x3,0x1e,0x0,0x40047,0x4,0x1e,
0x1,0x40047,0x5,0x1e,0x2,0x40047,0x6,0x1e,
0x3,0x40047,0x7,0x1e,0x4,0x40047,0x8,0x1e,
0x5,0x40047,0x9,0x1e,0x6,0x40047,0xa,0x1e,
0x7,0x40047,0xb,0x1e,0x8,0x40047,0xc,0x1e,
0x9,0x40047,0xd,0x1e,0xa,0x40047,0xe,0x1e,
0xb,0x40047,0xf,0x1e,0xc,0x40047,0x10,0x1e,
0xd,0x40047,0x11,0x1e,0xe,0x40047,0x13,0x1e,
0x0,0x40047,0x14,0x1e,0x1,0x40047,0x15,0x1e,
0x2,0x40047,0x16,0x1e,0x3,0x40047,0x17,0x1e,
0x4,0x40047,0x18,0x1e,0x5,0x40047,0x19,0x1e,
0x6,0x40047,0x1a,0x1e,0x7,0x40047,0x1b,0x1e,
0x8,0x40047,0x1c,0x1e,0x9,0x40047,0x1d,0x1e,
0xa,0x40047,0x1e,0x1e,0xb,0x40047,0x1f,0x1e,
0xc,0x40047,0x20,0x1e,0xd,0x40047,0x21,0x1e,
0xe,0x40047,0x22,0x1e,0xf,0x40047,0x26,0x22,
0x0,0x40047,0x26,0x21,0x0,0x40047,0x27,0x6,
0x10,0x50048,0x23,0x0,0x23,0x0,0x50048,0x23,
0x1,0x23,0x30,0x50048,0x23,0x1,0x7,0x10,
0x40048,0x23,0x1,0x4,0x50048,0x23,0x2,0x23,
0x70,0x30047,0x23,0x2,0x40047,0x28,0x6,0x4,
0x50048,0x25,0x0,0x23,0x0,0x40048,0x25,0x0,
0x18,0x30047,0x25,0x3,0x30047,0x29,0x2a,0x30047,
0x2a,0x2a,0x30047,0x2b,0x2a,0x30047,0x2c,0x2a,
0x30047,0x2d,0x2a,0x30047,0x2e,0x2a,0x30047,0x2f,
0x2a,0x30047,0x30,0x2a,0x30047,0x31,0x2a,0x30047,
0x32,0x2a,0x30047,0x33,0x2a,0x30047,0x34,0x2a,
0x30047,0x35,0x2a,0x30047,0x36,0x2a,0x30047,0x37,
0x2a,0x30047,0x38,0x2a,0x30047,0x39,0x2a,0x30047,
0x3a,0x2a,0x30047,0x3b,0x2a,0x30047,0x3c,0x2a,
0x30047,0x3d,0x2a,0x30047,0x3e,0x2a,0x30047,0x3f,
0x2a,0x30047,0x40,0x2a,0x30047,0x41,0x2a,0x30047,
0x42,0x2a,0x30047,0x43,0x2a,0x30047,0x44,0x2a,
0x30047,0x45,0x2a,0x30047,0x46,0x2a,0x30047,0x47,
0x2a,0x30047,0x48,0x2a,0x30047,0x49,0x2a,0x30047,
0x4a,0x2a,0x30047,0x4b,0x2a,0x30047,0x4c,0x2a,
0x30047,0x4d,0x2a,0x30047,0x4e,0x2a,0x30047,0x4f,
0x2a,0x40015,0x50,0x20,0x0,0x40015,0x51,0x20,
0x1,0x4002b,0x51,0x52,0x0,0x4002b,0x50,0x53,
0x1,0x4002b,0x51,0x54,0x3,0x4002b,0x50,0x55,
0x10000000,0x4002b,0x50,0x56,0x0,0x4002b,0x50,0x57,
0x110,0x4002b,0x50,0x58,0x4000,0x30016,0x59,0x20,
0x4002b,0x59,0x5a,0x38d1b717,0x4002b,0x51,0x5b,0x1,
0x4002b,0x59,0x5c,0xb8d1b717,0x4002b,0x59,0x5d,0x45800000,
0x4002b,0x59,0x5e,0x0,0x40017,0x5f,0x59,0x2,
0x5002c,0x5f,0x60,0x5e,0x5e,0x4002b,0x50,0x61,
0x3,0x4002b,0x50,0x62,0x8000000,0x4002b,0x51,0x63,
0x8,0x20014,0x64,0x3002a,0x64,0x65,0x4002b,0x59,
0x66,0x43000000,0x4002b,0x50,0x67,0x400,0x4002b,0x59,
0x68,0x43800000,0x4002b,0x59,0x69,0x43700000,0x4002b,0x59,
0x6a,0x44000000,0x4002b,0x51,0x6b,0x2,0x4002b,0x59,
0x6c,0x3f800000,0x4002b,0x50,0x6d,0x4,0x4002b,0x50,
0x6e,0x4000000,0x4002b,0x50,0x6f,0x8,0x4002b,0x50,
0x70,0x2,0x4002b,0x59,0x71,0xbf800000,0x40017,0x72,
0x59,0x3,0x6002c,0x72,0x73,0x6c,0x71,0x71,
0x6002c,0x72,0x74,0x5e,0x5e,0x71,0x4002b,0x50,
0x75,0xf,0x4002b,0x50,0x76,0x10,0x4002b,0x50,
0x77,0xe,0x4002b,0x50,0x78,0xff,0x4002b,0x50,
0x79,0x5,0x4002b,0x50,0x7a,0x1f,0x4002b,0x50,
0x7b,0x18,0x40017,0x7c,0x59,0x4,0x4002b,0x59,
0x7d,0x3d25aee6,0x6002c,0x72,0x7e,0x7d,0x7d,0x7d,
0x4002b,0x59,0x7f,0x3d6147ae,0x6002c,0x72,0x80,0x7f,
0x7f,0x7f,0x4002b,0x59,0x81,0x4019999a,0x6002c,0x72,
0x82,0x81,0x81,0x81,0x4002b,0x50,0x83,0x6,
0x40017,0x84,0x50,0x4,0x7002c,0x84,0x85,0x56,
0x56,0x56,0x56,0x4002b,0x50,0x86,0x20000,0x4002b,
0x50,0x87,0x400000,0x4002b,0x50,0x88,0x2000000,0x4002b,
0x50,0x89,0x7,0x4002b,0x50,0x8a,0x40000,0x4002b,
0x50,0x8b,0x80000,0x4002b,0x50,0x8c,0x1000000,0x4002b,
0x50,0x8d,0xa,0x4002b,0x50,0x8e,0xc,0x4002b,
0x50,0x8f,0x20,0x4002b,0x50,0x90,0x80,0x6002c,
0x72,0x91,0x5e,0x5e,0x5e,0x4002b,0x50,0x92,
0x9,0x30029,0x64,0x93,0x4002b,0x59,0x94,0x7149f2ca,
0x5002c,0x5f,0x95,0x94,0x94,0x4002b,0x50,0x96,
0xb,0x4002b,0x50,0x97,0x80000000,0x4002b,0x59,0x98,
0x40800000,0x4002b,0x50,0x99,0xd,0x4002b,0x51,0x9a,
0x7,0x4002b,0x50,0x9b,0x15,0x4002b,0x50,0x9c,
0x12,0x4002b,0x50,0x9d,0x11,0x4002b,0x59,0x9e,
0x42800000,0x4002b,0x59,0x9f,0x3f000000,0x5002c,0x5f,0xa0,
0x71,0x6c,0x5002c,0x5f,0xa1,0x6c,0x6c,0x5002c,
0x5f,0xa2,0x6c,0x71,0x5002c,0x5f,0xa3,0x71,
0x71,0x4002b,0x50,0xa4,0x16,0x4002b,0x50,0xa5,
0x17,0x4002b,0x50,0xa6,0x13,0x4002b,0x50,0xa7,
0x800000,0x4002b,0x50,0xa8,0x8000,0x4002b,0x50,0xa9,
0x10000,0x4002b,0x50,0xaa,0x14,0x4002b,0x50,0xab,
0x800,0x4002b,0x59,0xac,0x47800000,0x4002b,0x59,0xad,
0x47000000,0x4002b,0x59,0xae,0x44800000,0x4002b,0x59,0xaf,
0x457ff000,0x4002b,0x50,0xb0,0xfff,0x4002b,0x59,0xb1,
0x42a00000,0x4002b,0x59,0xb2,0x42880000,0x5002c,0x5f,0xb3,
0xb1,0xb2,0x4002b,0x50,0xb4,0x40,0x40017,0xb5,
0x51,0x3,0x6002c,0xb5,0xb6,0x52,0x52,0x52,
0x4002b,0x51,0xb7,0xf,0x4002b,0x51,0xb8,0x1f,
0x4002b,0x51,0xb9,0x10,0x4002b,0x50,0xba,0x2000,
0x4002b,0x51,0xbb,0x2fff,0x4002b,0x59,0xbc,0x463ffc00,
0x4002b,0x50,0xbd,0x40000000,0x4002b,0x59,0xbe,0x43d40000,
0x4002b,0x59,0xbf,0x43c80000,0x4002b,0x59,0xc0,0x43c00000,
0x4002b,0x59,0xc1,0x42200000,0x4002b,0x59,0xc2,0x41700000,
0x4002b,0x50,0xc3,0x1d,0x4002b,0x50,0xc4,0x3d,
0x4002b,0x59,0xc5,0x3e99999a,0x4002b,0x59,0xc6,0x3e800000,
0x7002c,0x7c,0xc7,0x5e,0x6c,0x5e,0x5e,0x4002b,
0x50,0xc8,0xffff,0x4002b,0x50,0xc9,0xffffffff,0x4002b,
0x50,0xca,0x100,0x4002b,0x50,0xcb,0x4d,0x4002b,
0x50,0xcc,0x96,0x6002c,0xb5,0xcd,0xb9,0xb9,
0xb9,0x6002c,0xb5,0xce,0x6b,0x6b,0x6b,0x7002c,
0x7c,0xcf,0x6c,0x5e,0x5e,0x5e,0x4002b,0x59,
0xd0,0x358637bd,0x6002c,0x72,0xd1,0x6c,0x6c,0x6c,
0x4002b,0x50,0xd2,0x2001,0x4002b,0x59,0xd3,0x42e00000,
0x4002b,0x51,0xd4,0x40,0x4002b,0x51,0xd5,0x20,
0x4002b,0x59,0xd6,0x435f0000,0x4002b,0x59,0xd7,0xc3800000,
0x4002b,0x51,0xd8,0xe0,0x7002c,0x7c,0xd9,0x5e,
0x5e,0x5e,0x5e,0x4002b,0x51,0xda,0x100,0x4002b,
0x51,0xdb,0xdf,0x4002b,0x50,0xdc,0x200,0x4002b,
0x50,0xdd,0x9e3779b9,0x4002b,0x50,0xde,0x85ebca6b,0x4002b,
0x50,0xdf,0x7feb352d,0x4002b,0x50,0xe0,0x20000000,0x4002b,
0x50,0xe1,0x150,0x4002b,0x50,0xe2,0x188,0x4002b,
0x50,0xe3,0x140,0x4002b,0x50,0xe4,0x180,0x4002b,
0x50,0xe5,0x7f,0x4002b,0x51,0xe6,0x200,0x4002b,
0x50,0xe7,0x158,0x4002b,0x50,0xe8,0x168,0x4002b,
0x50,0xe9,0x160,0x4002b,0x50,0xea,0xc0,0x4002b,
0x50,0xeb,0x1b8,0x4002b,0x51,0xec,0xd0,0x4002b,
0x50,0xed,0xd0,0x4002b,0x50,0xee,0x108,0x4002b,
0x51,0xef,0x80,0x4002b,0x51,0xf0,0x400,0x4002b,
0x51,0xf1,0x800,0x4002b,0x50,0xf2,0x3ff,0x4002b,
0x50,0xf3,0x120,0x4002b,0x50,0xf4,0x51,0x4002b,
0x50,0xf5,0x5f,0x4002b,0x50,0xf6,0x130,0x4002b,
0x50,0xf7,0x56,0x4002b,0x50,0xf8,0x58,0x4002b,
0x50,0xf9,0x70,0x4002b,0x50,0xfa,0x90,0x4002b,
0x50,0xfb,0x30,0x4002b,0x50,0xfc,0x50,0x4002b,
0x50,0xfd,0x60,0x4002b,0x50,0xfe,0x78,0x4002b,
0x50,0xff,0x98,0x4002b,0x50,0x100,0x28,0x4002b,
0x50,0x101,0xb0,0x4002b,0x50,0x102,0xc8,0x4002b,
0x50,0x103,0x178,0x4002b,0x50,0x104,0x198,0x4002b,
0x50,0x105,0xa0,0x4002b,0x50,0x106,0x1b0,0x4002b,
0x50,0x107,0x1d0,0x4002b,0x50,0x108,0xa8,0x4002b,
0x50,0x109,0x1f0,0x4002b,0x50,0x10a,0xd8,0x4002b,
0x50,0x10b,0xf8,0x4002b,0x50,0x10c,0x170,0x4002b,
0x50,0x10d,0x1c0,0x4002b,0x50,0x10e,0x128,0x4002b,
0x50,0x10f,0x148,0x4002b,0x50,0x110,0x190,0x4002b,
0x50,0x111,0xb8,0x4002b,0x50,0x112,0x1d8,0x4002b,
0x50,0x113,0x1a0,0x4002b,0x50,0x114,0xe8,0x4002b,
0x50,0x115,0x88,0x4002b,0x50,0x116,0x138,0x4002b,
0x50,0x117,0xffffff,0x7002c,0x7c,0x118,0x5e,0x5e,
0x5e,0x6c,0x4002b,0x50,0x119,0x2fa0,0x4002b,0x50,
0x11a,0x1fff,0x4002b,0x51,0x11b,0x1fff,0x4002b,0x51,
0x11c,0xfff,0x4002b,0x51,0x11d,0x2000,0x4002b,0x59,
0x11e,0x2b8cbccc,0x40017,0x11f,0x50,0x3,0x6002c,0x11f,
0x120,0x75,0x75,0x75,0x4002b,0x51,0x121,0xffffffff,
0x4002b,0x59,0x122,0xc0000000,0x4002b,0x59,0x123,0x3f600000,
0x6002c,0xb5,0x124,0xb7,0xb7,0xb7,0x4001c,0x27,
0x7c,0x61,0x40018,0x125,0x7c,0x4,0x5001e,0x23,
0x27,0x125,0x84,0x40020,0x126,0x9,0x23,0x3001d,
0x28,0x50,0x3001e,0x25,0x28,0x40020,0x127,0x2,
0x25,0x40020,0x128,0x1,0x72,0x40020,0x129,0x1,
0x7c,0x40020,0x12a,0x1,0x50,0x40020,0x12b,0x1,
0x5f,0x40020,0x12c,0x1,0x84,0x40020,0x12d,0x3,
0x7c,0x40020,0x12e,0x3,0x50,0x40020,0x12f,0x3,
0x5f,0x40020,0x130,0x3,0x84,0x40020,0x131,0x3,
0x72,0x20013,0x132,0x30021,0x133,0x132,0x40020,0x134,
0x7,0x72,0x40020,0x135,0x7,0x5f,0x40020,0x136,
0x7,0x50,0x40020,0x137,0x7,0x59,0x40020,0x138,
0x7,0x51,0x4001c,0x139,0x5f,0x6d,0x40020,0x13a,
0x7,0x139,0x40020,0x13b,0x7,0xb5,0x40020,0x13c,
0x2,0x50,0x40017,0x13d,0x64,0x4,0x40017,0x13e,
0x64,0x3,0x40017,0x13f,0x50,0x2,0x40017,0x140,
0x64,0x2,0x40017,0x141,0x51,0x2,0x40020,0x142,
0x9,0x125,0x40020,0x143,0x9,0x7c,0x4001c,0x144,
0x50,0x8f,0x40020,0x145,0x7,0x144,0x40020,0x146,
0x9,0x59,0x4003b,0x126,0x24,0x9,0x4003b,0x127,
0x26,0x2,0x4003b,0x128,0x3,0x1,0x4003b,0x129,
0x4,0x1,0x4003b,0x129,0x5,0x1,0x4003b,0x12a,
0x6,0x1,0x4003b,0x128,0x7,0x1,0x4003b,0x128,
0x8,0x1,0x4003b,0x128,0x9,0x1,0x4003b,0x12a,
0xa,0x1,0x4003b,0x128,0xb,0x1,0x4003b,0x128,
0xc,0x1,0x4003b,0x128,0xd,0x1,0x4003b,0x12a,
0xe,0x1,0x4003b,0x12b,0xf,0x1,0x4003b,0x12c,
0x10,0x1,0x4003b,0x12b,0x11,0x1,0x4003b,0x12d,
0x12,0x3,0x4003b,0x12d,0x13,0x3,0x4003b,0x12d,
0x14,0x3,0x4003b,0x12e,0x15,0x3,0x4003b,0x12e,
0x16,0x3,0x4003b,0x12f,0x17,0x3,0x4003b,0x130,
0x18,0x3,0x4003b,0x131,0x19,0x3,0x4003b,0x12e,
0x1a,0x3,0x4003b,0x12f,0x1b,0x3,0x4003b,0x131,
0x1c,0x3,0x4003b,0x131,0x1d,0x3,0x4003b,0x131,
0x1e,0x3,0x4003b,0x130,0x1f,0x3,0x4003b,0x130,
0x20,0x3,0x4003b,0x130,0x21,0x3,0x4003b,0x130,
0x22,0x3,0x4002b,0x50,0x147,0xefffffff,0x4002b,0x50,
0x148,0x440000,0x4002b,0x50,0x149,0xffb3ffff,0x4002b,0x50,
0x14a,0x7fffffff,0x4002b,0x50,0x14b,0xfffffffb,0x4002b,0x50,
0x14c,0xf7ffffff,0x4002b,0x59,0x14d,0xf149f2ca,0x5002c,0x5f,
0x14e,0x14d,0x14d,0x7002c,0x139,0x14f,0xa0,0xa1,
0xa2,0xa3,0x4002b,0x50,0x150,0x4110,0x4002b,0x59,
0x151,0x3b000000,0x4002b,0x59,0x152,0x3b808081,0x7002c,0x7c,
0x153,0x152,0x152,0x152,0x152,0x4002b,0x59,0x154,
0x3d9e8391,0x6002c,0x72,0x155,0x154,0x154,0x154,0x4002b,
0x59,0x156,0x3f72a76f,0x6002c,0x72,0x157,0x156,0x156,
0x156,0x4002b,0x50,0x158,0x204,0x4002b,0x59,0x159,
0xbf000000,0x4002b,0x59,0x15a,0x3b800000,0x4002b,0x59,0x15b,
0x3c000000,0x4002b,0x59,0x15c,0x44d90fdb,0x4002b,0x50,0x15d,
0x41f0,0x4002b,0x51,0x15e,0xfffffff8,0x5002c,0x5f,0x15f,
0xd7,0xd3,0x4002b,0x50,0x160,0x800002,0x4002b,0x59,
0x161,0x45000000,0x4002b,0x59,0x162,0xc5000000,0x4002b,0x59,
0x163,0xc7000000,0x50036,0x132,0x2,0x0,0x133,0x200f8,
0x164,0x4003b,0x145,0x165,0x7,0x4003b,0x13a,0x166,
0x7,0x4003b,0x134,0x167,0x7,0x4003b,0x13b,0x168,
0x7,0x4003d,0x72,0x169,0x3,0x4003d,0x7c,0x16a,
0x4,0x4003d,0x7c,0x16b,0x5,0x4003d,0x50,0x16c,
0x6,0x4003d,0x72,0x16d,0x7,0x4003d,0x72,0x16e,
0x8,0x4003d,0x72,0x16f,0x9,0x4003d,0x50,0x170,
0xa,0x4003d,0x72,0x171,0xb,0x4003d,0x72,0x172,
0xc,0x4003d,0x72,0x173,0xd,0x4003d,0x50,0x174,
0xe,0x4003d,0x5f,0x175,0xf,0x4003d,0x84,0x176,
0x10,0x4003d,0x5f,0x177,0x11,0x50051,0x50,0x178,
0x176,0x3,0x500c7,0x50,0x179,0x178,0x55,0x500ab,
0x64,0x17a,0x179,0x56,0x300f7,0x17b,0x2,0x400fa,
0x17a,0x17c,0x17b,0x200f8,0x17c,0x50051,0x50,0x17d,
0x176,0x0,0x50080,0x50,0x17e,0x17d,0x150,0x60041,
0x13c,0x17f,0x26,0x52,0x17e,0x4003d,0x50,0x180,
0x17f,0x4007c,0x59,0x181,0x180,0x7004f,0x5f,0x182,
0x169,0x169,0x0,0x2,0x6000c,0x59,0x183,0x1,
0x42,0x182,0x500ba,0x64,0x184,0x183,0x5a,0x300f7,
0x185,0x0,0x400fa,0x184,0x186,0x187,0x200f8,0x187,
0x8004f,0x72,0x188,0x169,0x60,0x3,0x1,0x4,
0x200f9,0x185,0x200f8,0x186,0x50051,0x59,0x189,0x169,
0x1,0x500b8,0x64,0x18a,0x189,0x5c,0x300f7,0x18b,
0x0,0x400fa,0x18a,0x18c,0x18d,0x200f8,0x18d,0x200f9,
0x18b,0x200f8,0x18c,0x50085,0x59,0x18e,0x183,0x181,
0x50088,0x59,0x18f,0x18e,0x189,0x7000c,0x59,0x190,
0x1,0x4f,0x5d,0x18f,0x200f9,0x18b,0x200f8,0x18b,
0x700f5,0x59,0x191,0x190,0x18c,0x5d,0x18d,0x50088,
0x59,0x192,0x191,0x183,0x5008e,0x5f,0x193,0x182,
0x192,0x8004f,0x72,0x194,0x169,0x193,0x3,0x1,
0x4,0x200f9,0x185,0x200f8,0x185,0x700f5,0x72,0x195,
0x194,0x18b,0x188,0x187,0x60052,0x72,0x196,0x181,
0x195,0x1,0x500c7,0x50,0x197,0x178,0x147,0x60052,
0x84,0x198,0x197,0x176,0x3,0x200f9,0x17b,0x200f8,
0x17b,0x700f5,0x72,0x199,0x169,0x164,0x196,0x185,
0x700f5,0x84,0x19a,0x176,0x164,0x198,0x185,0x50051,
0x50,0x19b,0x19a,0x3,0x500c7,0x50,0x19c,0x19b,
0x62,0x500ab,0x64,0x19d,0x19c,0x56,0x300f7,0x19e,
0x2,0x400fa,0x19d,0x19f,0x19e,0x200f8,0x19f,0x50051,
0x59,0x1a0,0x171,0x0,0x50051,0x59,0x1a1,0x171,
0x1,0x4009c,0x64,0x1a2,0x1a0,0x4009d,0x64,0x1a3,
0x1a0,0x500a6,0x64,0x1a4,0x1a2,0x1a3,0x400a8,0x64,
0x1a5,0x1a4,0x300f7,0x1a6,0x0,0x400fa,0x1a5,0x1a7,
0x1a6,0x200f8,0x1a7,0x4009c,0x64,0x1a8,0x1a1,0x4009d,
0x64,0x1a9,0x1a1,0x500a6,0x64,0x1aa,0x1a8,0x1a9,
0x400a8,0x64,0x1ab,0x1aa,0x200f9,0x1a6,0x200f8,0x1a6,
0x700f5,0x64,0x1ac,0x65,0x19f,0x1ab,0x1a7,0x300f7,
0x1ad,0x0,0x400fa,0x1ac,0x1ae,0x1ad,0x200f8,0x1ae,
0x500ba,0x64,0x1af,0x1a0,0x5e,0x200f9,0x1ad,0x200f8,
0x1ad,0x700f5,0x64,0x1b0,0x65,0x1a6,0x1af,0x1ae,
0x300f7,0x1b1,0x0,0x400fa,0x1b0,0x1b2,0x1b1,0x200f8,
0x1b2,0x500be,0x64,0x1b3,0x1a1,0x66,0x200f9,0x1b1,
0x200f8,0x1b1,0x700f5,0x64,0x1b4,0x65,0x1ad,0x1b3,
0x1b2,0x500c7,0x50,0x1b5,0x19b,0x67,0x500ab,0x64,
0x1b6,0x1b5,0x56,0x300f7,0x1b7,0x0,0x400fa,0x1b4,
0x1b8,0x1b9,0x200f8,0x1b9,0x200f9,0x1b7,0x200f8,0x1b8,
0x50085,0x59,0x29,0x1a0,0x68,0x50088,0x59,0x2a,
0x29,0x1a1,0x6000c,0x59,0x1ba,0x1,0x3,0x2a,
0x200f9,0x1b7,0x200f8,0x1b7,0x700f5,0x59,0x1bb,0x1ba,
0x1b8,0x5e,0x1b9,0x300f7,0x1bc,0x0,0x400fa,0x1b6,
0x1bd,0x1be,0x200f8,0x1be,0x8000c,0x59,0x1bf,0x1,
0x2b,0x1bb,0x5e,0x69,0x50085,0x59,0x1c0,0x1bf,
0x1a1,0x50085,0x59,0x1c1,0x1c0,0x151,0x5008e,0x5f,
0x1c2,0x177,0x1c1,0x200f9,0x1bc,0x200f8,0x1bd,0x50085,
0x59,0x2b,0x1bb,0x1a1,0x50088,0x59,0x2c,0x2b,
0x68,0x50051,0x59,0x1c3,0x172,0x0,0x50085,0x59,
0x2d,0x1c3,0x2c,0x50051,0x59,0x1c4,0x177,0x0,
0x50085,0x59,0x1c5,0x1c4,0x2c,0x50081,0x59,0x1c6,
0x2d,0x1c5,0x50051,0x59,0x1c7,0x177,0x1,0x50085,
0x59,0x1c8,0x1c7,0x2c,0x50050,0x5f,0x1c9,0x1c6,
0x1c8,0x200f9,0x1bc,0x200f8,0x1bc,0x700f5,0x59,0x1ca,
0x1bb,0x1bd,0x1bf,0x1be,0x700f5,0x5f,0x1cb,0x1c9,
0x1bd,0x1c2,0x1be,0x400a8,0x64,0x1cc,0x1b6,0x300f7,
0x1cd,0x0,0x400fa,0x1cc,0x1ce,0x1cd,0x200f8,0x1ce,
0x50051,0x59,0x1cf,0x172,0x2,0x500b4,0x64,0x1d0,
0x1cf,0x6c,0x200f9,0x1cd,0x200f8,0x1cd,0x700f5,0x64,
0x1d1,0x65,0x1bc,0x1d0,0x1ce,0x300f7,0x1d2,0x0,
0x400fa,0x1d1,0x1d3,0x1d2,0x200f8,0x1d3,0x7004f,0x5f,
0x1d4,0x199,0x199,0x0,0x1,0x50081,0x5f,0x1d5,
0x1d4,0x1cb,0x8004f,0x72,0x1d6,0x199,0x1d5,0x3,
0x4,0x2,0x500c7,0x50,0x1d7,0x19b,0x14b,0x60052,
0x84,0x1d8,0x1d7,0x19a,0x3,0x200f9,0x1d2,0x200f8,
0x1d2,0x700f5,0x72,0x1d9,0x199,0x1cd,0x1d6,0x1d3,
0x700f5,0x84,0x1da,0x19a,0x1cd,0x1d8,0x1d3,0x50050,
0x140,0x1db,0x1d1,0x1d1,0x600a9,0x5f,0x1dc,0x1db,
0x60,0x1cb,0x300f7,0x1dd,0x0,0x400fa,0x1b4,0x1de,
0x1dd,0x200f8,0x1de,0x500ba,0x64,0x1df,0x1ca,0x5e,
0x200f9,0x1dd,0x200f8,0x1dd,0x700f5,0x64,0x1e0,0x65,
0x1d2,0x1df,0x1de,0x600a9,0x51,0x1e1,0x1e0,0x5b,
0x52,0x4007c,0x50,0x1e2,0x1e1,0x50051,0x50,0x1e3,
0x1da,0x3,0x500c7,0x50,0x1e4,0x1e3,0x14c,0x60052,
0x84,0x1e5,0x1e4,0x1da,0x3,0x200f9,0x19e,0x200f8,
0x19e,0x700f5,0x50,0x1e6,0x53,0x17b,0x1e2,0x1dd,
0x700f5,0x72,0x1e7,0x199,0x17b,0x1d9,0x1dd,0x700f5,
0x5f,0x1e8,0x177,0x17b,0x1dc,0x1dd,0x700f5,0x84,
0x1e9,0x19a,0x17b,0x1e5,0x1dd,0x50051,0x50,0x1ea,
0x1e9,0x3,0x500c7,0x50,0x1eb,0x1ea,0x6e,0x500ab,
0x64,0x1ec,0x1eb,0x56,0x300f7,0x1ed,0x2,0x400fa,
0x1ec,0x1ee,0x1ed,0x200f8,0x1ee,0x50051,0x50,0x1ef,
0x1e9,0x0,0x50051,0x50,0x1f0,0x1e9,0x1,0x7000c,
0x50,0x1f1,0x1,0x26,0x1f0,0x53,0x50084,0x50,
0x1f2,0x1f1,0x6f,0x50080,0x50,0x1f3,0x1ef,0x1f2,
0x60041,0x13c,0x1f4,0x26,0x52,0x1f3,0x4003d,0x50,
0x1f5,0x1f4,0x50080,0x50,0x1f6,0x1f3,0x53,0x60041,
0x13c,0x1f7,0x26,0x52,0x1f6,0x4003d,0x50,0x1f8,
0x1f7,0x50080,0x50,0x1f9,0x1f3,0x70,0x60041,0x13c,
0x1fa,0x26,0x52,0x1f9,0x4003d,0x50,0x1fb,0x1fa,
0x50080,0x50,0x1fc,0x1f3,0x61,0x60041,0x13c,0x1fd,
0x26,0x52,0x1fc,0x4003d,0x50,0x1fe,0x1fd,0x70050,
0x84,0x1ff,0x1f5,0x1f8,0x1fb,0x1fe,0x4007c,0x7c,
0x200,0x1ff,0x500b0,0x64,0x201,0x1f0,0x70,0x300f7,
0x202,0x0,0x400fa,0x201,0x203,0x202,0x200f8,0x203,
0x50051,0x59,0x204,0x200,0x3,0x500be,0x64,0x205,
0x204,0x5e,0x200f9,0x202,0x200f8,0x202,0x700f5,0x64,
0x206,0x65,0x1ee,0x205,0x203,0x300f7,0x207,0x0,
0x400fa,0x206,0x208,0x207,0x200f8,0x208,0x4009c,0x13d,
0x209,0x200,0x4009d,0x13d,0x20a,0x200,0x500a6,0x13d,
0x20b,0x209,0x20a,0x400a8,0x13d,0x20c,0x20b,0x4009b,
0x64,0x20d,0x20c,0x200f9,0x207,0x200f8,0x207,0x700f5,
0x64,0x20e,0x65,0x202,0x20d,0x208,0x300f7,0x20f,
0x0,0x400fa,0x20e,0x210,0x20f,0x200f8,0x210,0x50051,
0x59,0x211,0x1e8,0x1,0x4009c,0x64,0x212,0x211,
0x4009d,0x64,0x213,0x211,0x500a6,0x64,0x214,0x212,
0x213,0x400a8,0x64,0x215,0x214,0x200f9,0x20f,0x200f8,
0x20f,0x700f5,0x64,0x216,0x65,0x207,0x215,0x210,
0x300f7,0x217,0x0,0x400fa,0x216,0x218,0x217,0x200f8,
0x218,0x50051,0x59,0x219,0x1e8,0x1,0x500ba,0x64,
0x21a,0x219,0x5e,0x200f9,0x217,0x200f8,0x217,0x700f5,
0x64,0x21b,0x65,0x20f,0x21a,0x218,0x300f7,0x21c,
0x0,0x400fa,0x21b,0x21d,0x21e,0x200f8,0x21e,0x200f9,
0x21c,0x200f8,0x21d,0x8004f,0x72,0x21f,0x200,0x200,
0x0,0x1,0x2,0x50085,0x72,0x220,0x21f,0x73,
0x50051,0x59,0x221,0x1e8,0x1,0x60050,0x72,0x222,
0x221,0x221,0x221,0x50088,0x72,0x223,0x220,0x222,
0x200f9,0x21c,0x200f8,0x21c,0x700f5,0x72,0x224,0x223,
0x21d,0x74,0x21e,0x50051,0x50,0x225,0x1e9,0x2,
0x300f7,0x226,0x0,0x400fa,0x21b,0x227,0x226,0x200f8,
0x227,0x50080,0x50,0x228,0x225,0x75,0x60041,0x13c,
0x229,0x26,0x52,0x228,0x4003d,0x50,0x22a,0x229,
0x500c7,0x50,0x22b,0x22a,0x53,0x500ab,0x64,0x22c,
0x22b,0x56,0x200f9,0x226,0x200f8,0x226,0x700f5,0x64,
0x22d,0x65,0x21c,0x22c,0x227,0x300f7,0x22e,0x0,
0x400fa,0x22d,0x22f,0x22e,0x200f8,0x22f,0x50080,0x50,
0x230,0x225,0x76,0x60041,0x13c,0x231,0x26,0x52,
0x230,0x4003d,0x50,0x232,0x231,0x50080,0x50,0x233,
0x225,0x77,0x60041,0x13c,0x234,0x26,0x52,0x233,
0x4003d,0x50,0x235,0x234,0x50080,0x50,0x236,0x232,
0x6d,0x60041,0x13c,0x237,0x26,0x52,0x236,0x4003d,
0x50,0x238,0x237,0x500c7,0x50,0x239,0x238,0x78,
0x50080,0x50,0x23a,0x235,0x239,0x60041,0x13c,0x23b,
0x26,0x52,0x23a,0x4003d,0x50,0x23c,0x23b,0x50080,
0x50,0x23d,0x232,0x79,0x60041,0x13c,0x23e,0x26,
0x52,0x23d,0x4003d,0x50,0x23f,0x23e,0x500c7,0x50,
0x240,0x23f,0x78,0x50080,0x50,0x241,0x235,0x240,
0x60041,0x13c,0x242,0x26,0x52,0x241,0x4003d,0x50,
0x243,0x242,0x500c7,0x50,0x244,0x23c,0x78,0x40070,
0x59,0x245,0x244,0x500c2,0x50,0x246,0x23c,0x6f,
0x500c7,0x50,0x247,0x246,0x78,0x40070,0x59,0x248,
0x247,0x500c2,0x50,0x249,0x23c,0x76,0x500c7,0x50,
0x24a,0x249,0x78,0x40070,0x59,0x24b,0x24a,0x500c2,
0x50,0x24c,0x23c,0x7b,0x40070,0x59,0x24d,0x24c,
0x70050,0x7c,0x24e,0x245,0x248,0x24b,0x24d,0x50085,
0x7c,0x24f,0x24e,0x153,0x500c7,0x50,0x250,0x243,
0x78,0x40070,0x59,0x251,0x250,0x500c2,0x50,0x252,
0x243,0x6f,0x500c7,0x50,0x253,0x252,0x78,0x40070,
0x59,0x254,0x253,0x500c2,0x50,0x255,0x243,0x76,
0x500c7,0x50,0x256,0x255,0x78,0x40070,0x59,0x257,
0x256,0x500c2,0x50,0x258,0x243,0x7b,0x40070,0x59,
0x259,0x258,0x70050,0x7c,0x25a,0x251,0x254,0x257,
0x259,0x50085,0x7c,0x25b,0x25a,0x153,0x50080,0x50,
0x25c,0x225,0x75,0x60041,0x13c,0x25d,0x26,0x52,
0x25c,0x4003d,0x50,0x25e,0x25d,0x500c7,0x50,0x25f,
0x25e,0x70,0x500ab,0x64,0x260,0x25f,0x56,0x300f7,
0x261,0x0,0x400fa,0x260,0x262,0x261,0x200f8,0x262,
0x8004f,0x72,0x263,0x24f,0x24f,0x0,0x1,0x2,
0x500bc,0x13e,0x264,0x263,0x7e,0x50085,0x72,0x265,
0x263,0x155,0x50081,0x72,0x266,0x263,0x80,0x50085,
0x72,0x267,0x266,0x157,0x7000c,0x72,0x268,0x1,
0x1a,0x267,0x82,0x600a9,0x72,0x269,0x264,0x265,
0x268,0x9004f,0x7c,0x26a,0x24f,0x269,0x4,0x5,
0x6,0x3,0x8004f,0x72,0x26b,0x25b,0x25b,0x0,
0x1,0x2,0x500bc,0x13e,0x26c,0x26b,0x7e,0x50085,
0x72,0x26d,0x26b,0x155,0x50081,0x72,0x26e,0x26b,
0x80,0x50085,0x72,0x26f,0x26e,0x157,0x7000c,0x72,
0x270,0x1,0x1a,0x26f,0x82,0x600a9,0x72,0x271,
0x26c,0x26d,0x270,0x9004f,0x7c,0x272,0x25b,0x271,
0x4,0x5,0x6,0x3,0x200f9,0x261,0x200f8,0x261,
0x700f5,0x7c,0x273,0x24f,0x22f,0x26a,0x262,0x700f5,
0x7c,0x274,0x25b,0x22f,0x272,0x262,0x50080,0x50,
0x275,0x232,0x83,0x60041,0x13c,0x276,0x26,0x52,
0x275,0x4003d,0x50,0x277,0x276,0x500ab,0x64,0x278,
0x277,0x56,0x600a9,0x50,0x279,0x278,0x53,0x56,
0x200f9,0x22e,0x200f8,0x22e,0x700f5,0x7c,0x27a,0x16a,
0x226,0x273,0x261,0x700f5,0x7c,0x27b,0x16b,0x226,
0x274,0x261,0x700f5,0x50,0x27c,0x16c,0x226,0x279,
0x261,0x600a9,0x51,0x27d,0x21b,0x5b,0x52,0x4007c,
0x50,0x27e,0x27d,0x200f9,0x1ed,0x200f8,0x1ed,0x700f5,
0x50,0x27f,0x1e6,0x19e,0x27e,0x22e,0x700f5,0x7c,
0x280,0x16a,0x19e,0x27a,0x22e,0x700f5,0x7c,0x281,
0x16b,0x19e,0x27b,0x22e,0x700f5,0x50,0x282,0x16c,
0x19e,0x27c,0x22e,0x700f5,0x72,0x283,0x1e7,0x19e,
0x224,0x22e,0x700f5,0x5f,0x284,0x1e8,0x19e,0x60,
0x22e,0x700f5,0x84,0x285,0x1e9,0x19e,0x85,0x22e,
0x50051,0x50,0x286,0x285,0x3,0x500c7,0x50,0x287,
0x286,0x86,0x500ab,0x64,0x288,0x287,0x56,0x300f7,
0x289,0x2,0x400fa,0x288,0x28a,0x289,0x200f8,0x28a,
0x50051,0x50,0x28b,0x285,0x0,0x50051,0x50,0x28c,
0x285,0x1,0x500c7,0x50,0x28d,0x286,0x87,0x500ab,
0x64,0x28e,0x28d,0x56,0x50080,0x50,0x28f,0x28b,
0x53,0x60041,0x13c,0x290,0x26,0x52,0x28f,0x4003d,
0x50,0x291,0x290,0x50080,0x50,0x292,0x28b,0x6d,
0x60041,0x13c,0x293,0x26,0x52,0x292,0x4003d,0x50,
0x294,0x293,0x60041,0x13c,0x295,0x26,0x52,0x291,
0x4003d,0x50,0x296,0x295,0x50080,0x50,0x297,0x291,
0x53,0x60041,0x13c,0x298,0x26,0x52,0x297,0x4003d,
0x50,0x299,0x298,0x500aa,0x64,0x29a,0x299,0x56,
0x300f7,0x29b,0x0,0x400fa,0x29a,0x29c,0x29b,0x200f8,
0x29c,0x500b2,0x64,0x29d,0x296,0x294,0x200f9,0x29b,
0x200f8,0x29b,0x700f5,0x64,0x29e,0x65,0x28a,0x29d,
0x29c,0x300f7,0x29f,0x0,0x400fa,0x29e,0x2a0,0x29f,
0x200f8,0x2a0,0x500b0,0x64,0x2a1,0x28c,0x296,0x200f9,
0x29f,0x200f8,0x29f,0x700f5,0x64,0x2a2,0x65,0x29b,
0x2a1,0x2a0,0x300f7,0x2a3,0x0,0x400fa,0x2a2,0x2a4,
0x2a3,0x200f8,0x2a4,0x50080,0x50,0x2a5,0x28b,0x75,
0x60041,0x13c,0x2a6,0x26,0x52,0x2a5,0x4003d,0x50,
0x2a7,0x2a6,0x500c7,0x50,0x2a8,0x2a7,0x6d,0x500ab,
0x64,0x2a9,0x2a8,0x56,0x300f7,0x2aa,0x0,0x400fa,
0x2a9,0x2ab,0x2ac,0x200f8,0x2ac,0x60041,0x13c,0x2ad,
0x26,0x52,0x28b,0x4003d,0x50,0x2ae,0x2ad,0x50080,
0x50,0x2af,0x2ae,0x28c,0x60041,0x13c,0x2b0,0x26,
0x52,0x2af,0x4003d,0x50,0x2b1,0x2b0,0x200f9,0x2aa,
0x200f8,0x2ab,0x200f9,0x2aa,0x200f8,0x2aa,0x700f5,0x50,
0x2b2,0x28c,0x2ab,0x2b1,0x2ac,0x50080,0x50,0x2b3,
0x28b,0x79,0x60041,0x13c,0x2b4,0x26,0x52,0x2b3,
0x4003d,0x50,0x2b5,0x2b4,0x500b0,0x64,0x2b6,0x2b2,
0x2b5,0x200f9,0x2a3,0x200f8,0x2a3,0x700f5,0x50,0x2b7,
0x56,0x29f,0x2b2,0x2aa,0x700f5,0x64,0x2b8,0x2a2,
0x29f,0x2b6,0x2aa,0x500c7,0x50,0x2b9,0x286,0x88,
0x500ab,0x64,0x2ba,0x2b9,0x56,0x600a9,0x64,0x2bb,
0x2ba,0x2b8,0x65,0x300f7,0x2bc,0x0,0x400fa,0x2bb,
0x2bd,0x2bc,0x200f8,0x2bd,0x50080,0x50,0x2be,0x28b,
0x6f,0x60041,0x13c,0x2bf,0x26,0x52,0x2be,0x4003d,
0x50,0x2c0,0x2bf,0x50084,0x50,0x2c1,0x2b7,0x6d,
0x50080,0x50,0x2c2,0x2c0,0x2c1,0x50080,0x50,0x2c3,
0x2c2,0x61,0x60041,0x13c,0x2c4,0x26,0x52,0x2c3,
0x4003d,0x50,0x2c5,0x2c4,0x500c7,0x50,0x2c6,0x2c5,
0x89,0x500ab,0x64,0x2c7,0x2c6,0x56,0x500c7,0x50,
0x2c8,0x286,0x149,0x600a9,0x50,0x2c9,0x2c7,0x148,
0x8b,0x500c5,0x50,0x2ca,0x2c8,0x2c9,0x60052,0x84,
0x2cb,0x2ca,0x285,0x3,0x400a8,0x64,0x2cc,0x2c7,
0x300f7,0x2cd,0x0,0x400fa,0x2cc,0x2ce,0x2cd,0x200f8,
0x2ce,0x500c7,0x50,0x2cf,0x2ca,0x8c,0x500ab,0x64,
0x2d0,0x2cf,0x56,0x200f9,0x2cd,0x200f8,0x2cd,0x700f5,
0x64,0x2d1,0x65,0x2bd,0x2d0,0x2ce,0x600a9,0x64,
0x2d2,0x2d1,0x65,0x2b8,0x200f9,0x2bc,0x200f8,0x2bc,
0x700f5,0x64,0x2d3,0x28e,0x2a3,0x2c7,0x2cd,0x700f5,
0x64,0x2d4,0x2b8,0x2a3,0x2d2,0x2cd,0x700f5,0x84,
0x2d5,0x285,0x2a3,0x2cb,0x2cd,0x50051,0x50,0x2d6,
0x2d5,0x3,0x500c7,0x50,0x2d7,0x2d6,0x8b,0x500ab,
0x64,0x2d8,0x2d7,0x56,0x300f7,0x2d9,0x0,0x400fa,
0x2d8,0x2da,0x2db,0x200f8,0x2db,0x500c7,0x50,0x2dc,
0x2d6,0x8a,0x500ab,0x64,0x2dd,0x2dc,0x56,0x300f7,
0x2de,0x0,0x400fa,0x2dd,0x2df,0x2de,0x200f8,0x2df,
0x50051,0x50,0x2e0,0x2d5,0x2,0x300f7,0x2e1,0x0,
0x400fa,0x2d4,0x2e2,0x2e1,0x200f8,0x2e2,0x50051,0x59,
0x2e3,0x284,0x1,0x4009c,0x64,0x2e4,0x2e3,0x4009d,
0x64,0x2e5,0x2e3,0x500a6,0x64,0x2e6,0x2e4,0x2e5,
0x400a8,0x64,0x2e7,0x2e6,0x200f9,0x2e1,0x200f8,0x2e1,
0x700f5,0x64,0x2e8,0x65,0x2df,0x2e7,0x2e2,0x300f7,
0x2e9,0x0,0x400fa,0x2e8,0x2ea,0x2e9,0x200f8,0x2ea,
0x50051,0x59,0x2eb,0x284,0x1,0x500ba,0x64,0x2ec,
0x2eb,0x5e,0x200f9,0x2e9,0x200f8,0x2e9,0x700f5,0x64,
0x2ed,0x65,0x2e1,0x2ec,0x2ea,0x300f7,0x2ee,0x0,
0x400fa,0x2ed,0x2ef,0x2ee,0x200f8,0x2ef,0x50080,0x50,
0x2f0,0x28b,0x6f,0x60041,0x13c,0x2f1,0x26,0x52,
0x2f0,0x4003d,0x50,0x2f2,0x2f1,0x50084,0x50,0x2f3,
0x2b7,0x6d,0x50080,0x50,0x2f4,0x2f2,0x2f3,0x60041,
0x13c,0x2f5,0x26,0x52,0x2f4,0x4003d,0x50,0x2f6,
0x2f5,0x50080,0x50,0x2f7,0x2f4,0x53,0x60041,0x13c,
0x2f8,0x26,0x52,0x2f7,0x4003d,0x50,0x2f9,0x2f8,
0x50080,0x50,0x2fa,0x28b,0x8d,0x60041,0x13c,0x2fb,
0x26,0x52,0x2fa,0x4003d,0x50,0x2fc,0x2fb,0x500c7,
0x50,0x2fd,0x2d6,0x8c,0x500ab,0x64,0x2fe,0x2fd,
0x56,0x50080,0x50,0x2ff,0x2f4,0x61,0x60041,0x13c,
0x300,0x26,0x52,0x2ff,0x4003d,0x50,0x301,0x300,
0x500c7,0x50,0x302,0x301,0x70,0x500ab,0x64,0x303,
0x302,0x56,0x300f7,0x304,0x0,0x400fa,0x2d3,0x305,
0x304,0x200f8,0x305,0x4003d,0x50,0x306,0x300,0x500c7,
0x50,0x307,0x306,0x6d,0x500ab,0x64,0x308,0x307,
0x56,0x200f9,0x304,0x200f8,0x304,0x700f5,0x64,0x309,
0x65,0x2ef,0x308,0x305,0x300f7,0x30a,0x0,0x400fa,
0x309,0x30b,0x30a,0x200f8,0x30b,0x7000c,0x50,0x30c,
0x1,0x26,0x2e0,0x61,0x200f9,0x30a,0x200f8,0x30a,
0x700f5,0x50,0x30d,0x2e0,0x304,0x30c,0x30b,0x300f7,
0x30e,0x0,0x400fa,0x2d3,0x30f,0x30e,0x200f8,0x30f,
0x500ae,0x64,0x310,0x2f9,0x61,0x200f9,0x30e,0x200f8,
0x30e,0x700f5,0x64,0x311,0x65,0x30a,0x310,0x30f,
0x300f7,0x312,0x0,0x400fa,0x311,0x313,0x312,0x200f8,
0x313,0x50082,0x50,0x314,0x2f9,0x53,0x7000c,0x50,
0x315,0x1,0x26,0x30d,0x314,0x200f9,0x312,0x200f8,
0x312,0x700f5,0x50,0x316,0x30d,0x30e,0x315,0x313,
0x500b2,0x64,0x317,0x2f6,0x2fc,0x300f7,0x318,0x0,
0x400fa,0x317,0x319,0x318,0x200f8,0x319,0x50082,0x50,
0x31a,0x2fc,0x2f6,0x500b2,0x64,0x31b,0x2f9,0x31a,
0x200f9,0x318,0x200f8,0x318,0x700f5,0x64,0x31c,0x65,
0x312,0x31b,0x319,0x300f7,0x31d,0x0,0x400fa,0x31c,
0x31e,0x31d,0x200f8,0x31e,0x300f7,0x31f,0x0,0x400fa,
0x309,0x320,0x321,0x200f8,0x321,0x500b0,0x64,0x322,
0x316,0x2f9,0x200f9,0x31f,0x200f8,0x320,0x500aa,0x64,
0x323,0x2f9,0x53,0x200f9,0x31f,0x200f8,0x31f,0x700f5,
0x64,0x324,0x323,0x320,0x322,0x321,0x200f9,0x31d,
0x200f8,0x31d,0x700f5,0x64,0x325,0x65,0x318,0x324,
0x31f,0x300f7,0x326,0x0,0x400fa,0x325,0x327,0x326,
0x200f8,0x327,0x300f7,0x328,0x0,0x400fa,0x2d3,0x329,
0x328,0x200f8,0x329,0x500a4,0x64,0x32a,0x2fe,0x303,
0x300f7,0x32b,0x0,0x400fa,0x32a,0x32c,0x32b,0x200f8,
0x32c,0x300f7,0x32d,0x0,0x400fa,0x303,0x32e,0x32f,
0x200f8,0x32f,0x400a8,0x64,0x330,0x309,0x300f7,0x331,
0x0,0x400fa,0x330,0x332,0x331,0x200f8,0x332,0x500ae,
0x64,0x333,0x2f9,0x61,0x200f9,0x331,0x200f8,0x331,
0x700f5,0x64,0x334,0x93,0x32f,0x333,0x332,0x200f9,
0x32d,0x200f8,0x32e,0x500aa,0x64,0x335,0x2f9,0x70,
0x200f9,0x32d,0x200f8,0x32d,0x700f5,0x64,0x336,0x335,
0x32e,0x334,0x331,0x200f9,0x32b,0x200f8,0x32b,0x700f5,
0x64,0x337,0x65,0x329,0x336,0x32d,0x200f9,0x328,
0x200f8,0x328,0x700f5,0x64,0x338,0x93,0x327,0x337,
0x32b,0x200f9,0x326,0x200f8,0x326,0x700f5,0x64,0x339,
0x65,0x31d,0x338,0x328,0x300f7,0x33a,0x0,0x400fa,
0x309,0x33b,0x33a,0x200f8,0x33b,0x300f7,0x33c,0x0,
0x400fa,0x339,0x33d,0x33c,0x200f8,0x33d,0x50080,0x50,
0x33e,0x28b,0x76,0x60041,0x13c,0x33f,0x26,0x52,
0x33e,0x4003d,0x50,0x340,0x33f,0x50084,0x50,0x341,
0x2b7,0x7b,0x50080,0x50,0x342,0x340,0x341,0x50080,
0x50,0x343,0x342,0x9b,0x60041,0x13c,0x344,0x26,
0x52,0x343,0x4003d,0x50,0x345,0x344,0x500ab,0x64,
0x346,0x345,0x56,0x200f9,0x33c,0x200f8,0x33c,0x700f5,
0x64,0x347,0x65,0x33b,0x346,0x33d,0x200f9,0x33a,
0x200f8,0x33a,0x700f5,0x64,0x348,0x339,0x326,0x347,
0x33c,0x600a9,0x64,0x349,0x348,0x2d3,0x65,0x300f7,
0x34a,0x0,0x400fa,0x349,0x34b,0x34a,0x200f8,0x34b,
0x50080,0x50,0x34c,0x2f4,0x70,0x60041,0x13c,0x34d,
0x26,0x52,0x34c,0x4003d,0x50,0x34e,0x34d,0x50080,
0x50,0x34f,0x28b,0x9c,0x60041,0x13c,0x350,0x26,
0x52,0x34f,0x4003d,0x50,0x351,0x350,0x500b0,0x64,
0x352,0x34e,0x351,0x300f7,0x353,0x0,0x400fa,0x352,
0x354,0x353,0x200f8,0x354,0x50080,0x50,0x355,0x28b,
0x9d,0x60041,0x13c,0x356,0x26,0x52,0x355,0x4003d,
0x50,0x357,0x356,0x50080,0x50,0x358,0x357,0x34e,
0x60041,0x13c,0x359,0x26,0x52,0x358,0x4003d,0x50,
0x35a,0x359,0x500ab,0x64,0x35b,0x35a,0x56,0x200f9,
0x353,0x200f8,0x353,0x700f5,0x64,0x35c,0x65,0x34b,
0x35b,0x354,0x200f9,0x34a,0x200f8,0x34a,0x700f5,0x64,
0x35d,0x348,0x33a,0x35c,0x353,0x300f7,0x35e,0x0,
0x400fa,0x35d,0x35f,0x35e,0x200f8,0x35f,0x50080,0x50,
0x360,0x28b,0x92,0x60041,0x13c,0x361,0x26,0x52,
0x360,0x4003d,0x50,0x362,0x361,0x600a9,0x50,0x363,
0x309,0x56,0x316,0x50080,0x50,0x364,0x2f6,0x363,
0x50084,0x50,0x365,0x364,0x6d,0x50080,0x50,0x366,
0x362,0x365,0x60041,0x13c,0x367,0x26,0x52,0x366,
0x4003d,0x50,0x368,0x367,0x50080,0x50,0x369,0x28b,
0x83,0x60041,0x13c,0x36a,0x26,0x52,0x369,0x4003d,
0x50,0x36b,0x36a,0x500b0,0x64,0x36c,0x368,0x36b,
0x300f7,0x36d,0x0,0x400fa,0x36c,0x36e,0x36d,0x200f8,
0x36e,0x50080,0x50,0x36f,0x28b,0x70,0x60041,0x13c,
0x370,0x26,0x52,0x36f,0x4003d,0x50,0x371,0x370,
0x50084,0x50,0x372,0x368,0x6f,0x50080,0x50,0x373,
0x371,0x372,0x60041,0x13c,0x374,0x26,0x52,0x373,
0x4003d,0x50,0x375,0x374,0x50080,0x50,0x376,0x373,
0x53,0x60041,0x13c,0x377,0x26,0x52,0x376,0x4003d,
0x50,0x378,0x377,0x50080,0x50,0x379,0x373,0x70,
0x60041,0x13c,0x37a,0x26,0x52,0x379,0x4003d,0x50,
0x37b,0x37a,0x50080,0x50,0x37c,0x373,0x61,0x60041,
0x13c,0x37d,0x26,0x52,0x37c,0x4003d,0x50,0x37e,
0x37d,0x70050,0x84,0x37f,0x375,0x378,0x37b,0x37e,
0x4007c,0x7c,0x380,0x37f,0x50080,0x50,0x381,0x373,
0x6d,0x60041,0x13c,0x382,0x26,0x52,0x381,0x4003d,
0x50,0x383,0x382,0x50080,0x50,0x384,0x373,0x79,
0x60041,0x13c,0x385,0x26,0x52,0x384,0x4003d,0x50,
0x386,0x385,0x50050,0x13f,0x387,0x383,0x386,0x4007c,
0x5f,0x388,0x387,0x50051,0x59,0x389,0x380,0x3,
0x500be,0x64,0x38a,0x389,0x5e,0x300f7,0x38b,0x0,
0x400fa,0x38a,0x38c,0x38b,0x200f8,0x38c,0x400a8,0x64,
0x38d,0x2d3,0x300f7,0x38e,0x0,0x400fa,0x38d,0x38f,
0x38e,0x200f8,0x38f,0x50051,0x59,0x390,0x380,0x2,
0x500ba,0x64,0x391,0x390,0x5e,0x200f9,0x38e,0x200f8,
0x38e,0x700f5,0x64,0x392,0x93,0x38c,0x391,0x38f,
0x200f9,0x38b,0x200f8,0x38b,0x700f5,0x64,0x393,0x65,
0x36e,0x392,0x38e,0x300f7,0x394,0x0,0x400fa,0x393,
0x395,0x394,0x200f8,0x395,0x4009c,0x13d,0x396,0x380,
0x4009d,0x13d,0x397,0x380,0x500a6,0x13d,0x398,0x396,
0x397,0x400a8,0x13d,0x399,0x398,0x4009b,0x64,0x39a,
0x399,0x200f9,0x394,0x200f8,0x394,0x700f5,0x64,0x39b,
0x65,0x38b,0x39a,0x395,0x300f7,0x39c,0x0,0x400fa,
0x39b,0x39d,0x39c,0x200f8,0x39d,0x4009c,0x140,0x39e,
0x388,0x4009d,0x140,0x39f,0x388,0x500a6,0x140,0x3a0,
0x39e,0x39f,0x400a8,0x140,0x3a1,0x3a0,0x4009b,0x64,
0x3a2,0x3a1,0x200f9,0x39c,0x200f8,0x39c,0x700f5,0x64,
0x3a3,0x65,0x394,0x3a2,0x39d,0x300f7,0x3a4,0x0,
0x400fa,0x3a3,0x3a5,0x3a4,0x200f8,0x3a5,0x50051,0x59,
0x3a6,0x284,0x1,0x50051,0x59,0x3a7,0x380,0x0,
0x50051,0x59,0x3a8,0x380,0x1,0x4007f,0x59,0x3a9,
0x3a8,0x50051,0x59,0x3aa,0x380,0x2,0x4007f,0x59,
0x3ab,0x3aa,0x60050,0x72,0x3ac,0x3a7,0x3a9,0x3ab,
0x60050,0x72,0x3ad,0x3a6,0x3a6,0x3a6,0x50088,0x72,
0x3ae,0x3ac,0x3ad,0x5008e,0x5f,0x3af,0x388,0x3aa,
0x60052,0x5f,0x3b0,0x3aa,0x284,0x0,0x300f7,0x3b1,
0x0,0x400fa,0x2d3,0x3b2,0x3b1,0x200f8,0x3b2,0x50080,
0x50,0x3b3,0x28b,0x76,0x60041,0x13c,0x3b4,0x26,
0x52,0x3b3,0x4003d,0x50,0x3b5,0x3b4,0x50084,0x50,
0x3b6,0x2b7,0x7b,0x50080,0x50,0x3b7,0x3b5,0x3b6,
0x50080,0x50,0x3b8,0x3b7,0x9b,0x60041,0x13c,0x3b9,
0x26,0x52,0x3b8,0x4003d,0x50,0x3ba,0x3b9,0x500ab,
0x64,0x3bb,0x3ba,0x56,0x300f7,0x3bc,0x0,0x400fa,
0x3bb,0x3bd,0x3bc,0x200f8,0x3bd,0x300f7,0x3be,0x0,
0x400fa,0x309,0x3bf,0x3c0,0x200f8,0x3c0,0x4003d,0x50,
0x3c1,0x361,0x50080,0x50,0x3c2,0x2f6,0x316,0x50084,
0x50,0x3c3,0x3c2,0x6d,0x50080,0x50,0x3c4,0x3c1,
0x3c3,0x50080,0x50,0x3c5,0x3c4,0x53,0x60041,0x13c,
0x3c6,0x26,0x52,0x3c5,0x4003d,0x50,0x3c7,0x3c6,
0x40070,0x59,0x3c8,0x3c7,0x50080,0x50,0x3c9,0x3c4,
0x70,0x60041,0x13c,0x3ca,0x26,0x52,0x3c9,0x4003d,
0x50,0x3cb,0x3ca,0x40070,0x59,0x3cc,0x3cb,0x50050,
0x5f,0x3cd,0x3c8,0x3cc,0x50080,0x50,0x3ce,0x3b7,
0xa4,0x60041,0x13c,0x3cf,0x26,0x52,0x3ce,0x4003d,
0x50,0x3d0,0x3cf,0x4007c,0x51,0x3d1,0x3d0,0x4006f,
0x59,0x3d2,0x3d1,0x50080,0x50,0x3d3,0x3b7,0xa5,
0x60041,0x13c,0x3d4,0x26,0x52,0x3d3,0x4003d,0x50,
0x3d5,0x3d4,0x4007c,0x51,0x3d6,0x3d5,0x4006f,0x59,
0x3d7,0x3d6,0x50050,0x5f,0x3d8,0x3d2,0x3d7,0x50081,
0x5f,0x3d9,0x3cd,0x3d8,0x200f9,0x3be,0x200f8,0x3bf,
0x50080,0x50,0x3da,0x3b7,0x92,0x60041,0x13c,0x3db,
0x26,0x52,0x3da,0x4003d,0x50,0x3dc,0x3db,0x50080,
0x50,0x3dd,0x3dc,0x53,0x40070,0x59,0x3de,0x3dd,
0x500b4,0x64,0x3df,0x3de,0x9e,0x600a9,0x59,0x3e0,
0x3df,0x6c,0x9f,0x50085,0x59,0x3e1,0x3de,0x3e0,
0x50088,0x59,0x3e2,0x3e1,0x3a6,0x3003e,0x166,0x14f,
0x50041,0x135,0x3e3,0x166,0x316,0x4003d,0x5f,0x3e4,
0x3e3,0x5008e,0x5f,0x3e5,0x3e4,0x3e2,0x60041,0x137,
0x3e6,0x166,0x316,0x52,0x4003d,0x59,0x3e7,0x3e6,
0x500ba,0x64,0x3e8,0x3e7,0x5e,0x600a9,0x59,0x3e9,
0x3e8,0x3de,0x5e,0x60041,0x137,0x3ea,0x166,0x316,
0x5b,0x4003d,0x59,0x3eb,0x3ea,0x500b8,0x64,0x3ec,
0x3eb,0x5e,0x600a9,0x59,0x3ed,0x3ec,0x3de,0x5e,
0x50050,0x5f,0x3ee,0x3e9,0x3ed,0x200f9,0x3be,0x200f8,
0x3be,0x700f5,0x5f,0x3ef,0x3ee,0x3bf,0x3d9,0x3c0,
0x700f5,0x5f,0x3f0,0x3e5,0x3bf,0x3b0,0x3c0,0x200f9,
0x3bc,0x200f8,0x3bc,0x700f5,0x5f,0x3f1,0x3af,0x3b2,
0x3ef,0x3be,0x700f5,0x5f,0x3f2,0x3b0,0x3b2,0x3f0,
0x3be,0x200f9,0x3b1,0x200f8,0x3b1,0x700f5,0x5f,0x3f3,
0x3af,0x3a5,0x3f1,0x3bc,0x700f5,0x5f,0x3f4,0x3b0,
0x3a5,0x3f2,0x3bc,0x200f9,0x3a4,0x200f8,0x3a4,0x700f5,
0x5f,0x3f5,0x175,0x39c,0x3f3,0x3b1,0x700f5,0x72,
0x3f6,0x283,0x39c,0x3ae,0x3b1,0x700f5,0x5f,0x3f7,
0x284,0x39c,0x3f4,0x3b1,0x600a9,0x50,0x3f8,0x3a3,
0x56,0x170,0x600a9,0x50,0x3f9,0x3a3,0x56,0x174,
0x200f9,0x36d,0x200f8,0x36d,0x700f5,0x50,0x3fa,0x170,
0x35f,0x3f8,0x3a4,0x700f5,0x50,0x3fb,0x174,0x35f,
0x3f9,0x3a4,0x700f5,0x5f,0x3fc,0x175,0x35f,0x3f5,
0x3a4,0x700f5,0x72,0x3fd,0x283,0x35f,0x3f6,0x3a4,
0x700f5,0x5f,0x3fe,0x284,0x35f,0x3f7,0x3a4,0x700f5,
0x64,0x3ff,0x36c,0x35f,0x3a3,0x3a4,0x200f9,0x35e,
0x200f8,0x35e,0x700f5,0x50,0x400,0x170,0x34a,0x3fa,
0x36d,0x700f5,0x50,0x401,0x174,0x34a,0x3fb,0x36d,
0x700f5,0x5f,0x402,0x175,0x34a,0x3fc,0x36d,0x700f5,
0x72,0x403,0x283,0x34a,0x3fd,0x36d,0x700f5,0x5f,
0x404,0x284,0x34a,0x3fe,0x36d,0x700f5,0x64,0x405,
0x35d,0x34a,0x3ff,0x36d,0x200f9,0x2ee,0x200f8,0x2ee,
0x700f5,0x50,0x406,0x170,0x2e9,0x400,0x35e,0x700f5,
0x50,0x407,0x174,0x2e9,0x401,0x35e,0x700f5,0x5f,
0x408,0x175,0x2e9,0x402,0x35e,0x700f5,0x72,0x409,
0x283,0x2e9,0x403,0x35e,0x700f5,0x5f,0x40a,0x284,
0x2e9,0x404,0x35e,0x700f5,0x64,0x40b,0x2ed,0x2e9,
0x405,0x35e,0x400a8,0x64,0x40c,0x40b,0x300f7,0x40d,
0x0,0x400fa,0x40c,0x40e,0x40d,0x200f8,0x40e,0x60052,
0x5f,0x40f,0x6c,0x40a,0x0,0x200f9,0x40d,0x200f8,
0x40d,0x700f5,0x5f,0x410,0x40a,0x2ee,0x40f,0x40e,
0x50050,0x140,0x411,0x40c,0x40c,0x600a9,0x5f,0x412,
0x411,0x60,0x408,0x60050,0x13e,0x413,0x40c,0x40c,
0x40c,0x600a9,0x72,0x414,0x413,0x91,0x409,0x200f9,
0x2de,0x200f8,0x2de,0x700f5,0x50,0x415,0x170,0x2db,
0x406,0x40d,0x700f5,0x50,0x416,0x174,0x2db,0x407,
0x40d,0x700f5,0x5f,0x417,0x175,0x2db,0x412,0x40d,
0x700f5,0x5f,0x418,0x284,0x2db,0x410,0x40d,0x700f5,
0x72,0x419,0x283,0x2db,0x414,0x40d,0x700f5,0x64,
0x41a,0x2d4,0x2db,0x40b,0x40d,0x200f9,0x2d9,0x200f8,
0x2da,0x50051,0x50,0x41b,0x2d5,0x2,0x500c7,0x50,
0x41c,0x2d6,0x88,0x500ab,0x64,0x41d,0x41c,0x56,
0x300f7,0x41e,0x0,0x400fa,0x41d,0x41f,0x41e,0x200f8,
0x41f,0x7000c,0x50,0x420,0x1,0x26,0x41b,0x61,
0x200f9,0x41e,0x200f8,0x41e,0x700f5,0x50,0x421,0x41b,
0x2da,0x420,0x41f,0x300f7,0x422,0x0,0x400fa,0x2d4,
0x423,0x422,0x200f8,0x423,0x500b0,0x64,0x424,0x421,
0x6d,0x200f9,0x422,0x200f8,0x422,0x700f5,0x64,0x425,
0x65,0x41e,0x424,0x423,0x300f7,0x426,0x0,0x400fa,
0x425,0x427,0x426,0x200f8,0x427,0x50051,0x59,0x428,
0x284,0x1,0x4009c,0x64,0x429,0x428,0x4009d,0x64,
0x42a,0x428,0x500a6,0x64,0x42b,0x429,0x42a,0x400a8,
0x64,0x42c,0x42b,0x200f9,0x426,0x200f8,0x426,0x700f5,
0x64,0x42d,0x65,0x422,0x42c,0x427,0x300f7,0x42e,
0x0,0x400fa,0x42d,0x42f,0x42e,0x200f8,0x42f,0x50051,
0x59,0x430,0x284,0x1,0x500ba,0x64,0x431,0x430,
0x5e,0x200f9,0x42e,0x200f8,0x42e,0x700f5,0x64,0x432,
0x65,0x426,0x431,0x42f,0x300f7,0x433,0x0,0x400fa,
0x432,0x434,0x433,0x200f8,0x434,0x50080,0x50,0x435,
0x28b,0x6f,0x60041,0x13c,0x436,0x26,0x52,0x435,
0x4003d,0x50,0x437,0x436,0x50084,0x50,0x438,0x2b7,
0x6d,0x50080,0x50,0x439,0x437,0x438,0x60041,0x13c,
0x43a,0x26,0x52,0x439,0x4003d,0x50,0x43b,0x43a,
0x50080,0x50,0x43c,0x439,0x53,0x60041,0x13c,0x43d,
0x26,0x52,0x43c,0x4003d,0x50,0x43e,0x43d,0x50080,
0x50,0x43f,0x28b,0x8d,0x60041,0x13c,0x440,0x26,
0x52,0x43f,0x4003d,0x50,0x441,0x440,0x50080,0x50,
0x442,0x28b,0x8e,0x60041,0x13c,0x443,0x26,0x52,
0x442,0x4003d,0x50,0x444,0x443,0x50084,0x50,0x445,
0x2b7,0x158,0x50080,0x50,0x446,0x444,0x445,0x60041,
0x13c,0x447,0x26,0x52,0x446,0x4003d,0x50,0x448,
0x447,0x500b2,0x64,0x449,0x43b,0x441,0x300f7,0x44a,
0x0,0x400fa,0x449,0x44b,0x44a,0x200f8,0x44b,0x50082,
0x50,0x44c,0x441,0x43b,0x500b2,0x64,0x44d,0x43e,
0x44c,0x200f9,0x44a,0x200f8,0x44a,0x700f5,0x64,0x44e,
0x65,0x434,0x44d,0x44b,0x300f7,0x44f,0x0,0x400fa,
0x44e,0x450,0x44f,0x200f8,0x450,0x500ae,0x64,0x451,
0x43e,0x61,0x200f9,0x44f,0x200f8,0x44f,0x700f5,0x64,
0x452,0x65,0x44a,0x451,0x450,0x300f7,0x453,0x0,
0x400fa,0x452,0x454,0x453,0x200f8,0x454,0x500b2,0x64,
0x455,0x43e,0x8f,0x200f9,0x453,0x200f8,0x453,0x700f5,
0x64,0x456,0x65,0x44f,0x455,0x454,0x300f7,0x457,
0x0,0x400fa,0x456,0x458,0x457,0x200f8,0x458,0x50080,
0x50,0x459,0x446,0x53,0x60041,0x13c,0x45a,0x26,
0x52,0x459,0x4003d,0x50,0x45b,0x45a,0x500aa,0x64,
0x45c,0x45b,0x56,0x200f9,0x457,0x200f8,0x457,0x700f5,
0x64,0x45d,0x65,0x453,0x45c,0x458,0x300f7,0x45e,
0x0,0x400fa,0x45d,0x45f,0x45e,0x200f8,0x45f,0x500ae,
0x64,0x460,0x448,0x61,0x200f9,0x45e,0x200f8,0x45e,
0x700f5,0x64,0x461,0x65,0x457,0x460,0x45f,0x300f7,
0x462,0x0,0x400fa,0x461,0x463,0x462,0x200f8,0x463,
0x500b2,0x64,0x464,0x448,0x90,0x200f9,0x462,0x200f8,
0x462,0x700f5,0x64,0x465,0x65,0x45e,0x464,0x463,
0x300f7,0x466,0x0,0x400fa,0x465,0x467,0x466,0x200f8,
0x467,0x200f9,0x468,0x200f8,0x468,0x700f5,0x59,0x469,
0x5e,0x467,0x46a,0x46b,0x700f5,0x72,0x46c,0x91,
0x467,0x46d,0x46b,0x700f5,0x72,0x46e,0x91,0x467,
0x46f,0x46b,0x700f5,0x50,0x470,0x56,0x467,0x471,
0x46b,0x700f5,0x72,0x472,0x91,0x467,0x473,0x46b,
0x500b0,0x64,0x474,0x470,0x43e,0x400f6,0x475,0x46b,
0x0,0x400fa,0x474,0x476,0x475,0x200f8,0x476,0x50080,
0x50,0x477,0x28b,0x92,0x60041,0x13c,0x478,0x26,
0x52,0x477,0x4003d,0x50,0x479,0x478,0x50080,0x50,
0x47a,0x43b,0x470,0x50084,0x50,0x47b,0x47a,0x6d,
0x50080,0x50,0x47c,0x479,0x47b,0x60041,0x13c,0x47d,
0x26,0x52,0x47c,0x4003d,0x50,0x47e,0x47d,0x50080,
0x50,0x47f,0x28b,0x83,0x60041,0x13c,0x480,0x26,
0x52,0x47f,0x4003d,0x50,0x481,0x480,0x500ae,0x64,
0x482,0x47e,0x481,0x300f7,0x483,0x0,0x400fa,0x482,
0x484,0x483,0x200f8,0x484,0x200f9,0x475,0x200f8,0x483,
0x50080,0x50,0x485,0x28b,0x70,0x60041,0x13c,0x486,
0x26,0x52,0x485,0x4003d,0x50,0x487,0x486,0x50084,
0x50,0x488,0x47e,0x6f,0x50080,0x50,0x489,0x487,
0x488,0x60041,0x13c,0x48a,0x26,0x52,0x489,0x4003d,
0x50,0x48b,0x48a,0x50080,0x50,0x48c,0x489,0x53,
0x60041,0x13c,0x48d,0x26,0x52,0x48c,0x4003d,0x50,
0x48e,0x48d,0x50080,0x50,0x48f,0x489,0x70,0x60041,
0x13c,0x490,0x26,0x52,0x48f,0x4003d,0x50,0x491,
0x490,0x50080,0x50,0x492,0x489,0x61,0x60041,0x13c,
0x493,0x26,0x52,0x492,0x4003d,0x50,0x494,0x493,
0x70050,0x84,0x495,0x48b,0x48e,0x491,0x494,0x4007c,
0x7c,0x496,0x495,0x50051,0x59,0x497,0x496,0x3,
0x500bf,0x64,0x498,0x497,0x5e,0x300f7,0x499,0x0,
0x400fa,0x498,0x49a,0x499,0x200f8,0x49a,0x4009c,0x13d,
0x49b,0x496,0x4009d,0x13d,0x49c,0x496,0x500a6,0x13d,
0x49d,0x49b,0x49c,0x400a8,0x13d,0x49e,0x49d,0x4009b,
0x64,0x49f,0x49e,0x400a8,0x64,0x4a0,0x49f,0x200f9,
0x499,0x200f8,0x499,0x700f5,0x64,0x4a1,0x93,0x483,
0x4a0,0x49a,0x300f7,0x4a2,0x0,0x400fa,0x4a1,0x4a3,
0x4a2,0x200f8,0x4a3,0x200f9,0x475,0x200f8,0x4a2,0x500aa,
0x64,0x4a4,0x470,0x56,0x300f7,0x4a5,0x0,0x400fa,
0x4a4,0x4a6,0x4a7,0x200f8,0x4a7,0x500ae,0x64,0x4a8,
0x470,0x70,0x300f7,0x4a9,0x0,0x400fa,0x4a8,0x4aa,
0x4a9,0x200f8,0x4aa,0x50083,0x72,0x4ab,0x46e,0x46c,
0x8004f,0x72,0x4ac,0x496,0x496,0x0,0x1,0x2,
0x50083,0x72,0x4ad,0x4ac,0x46c,0x7000c,0x72,0x4ae,
0x1,0x44,0x4ab,0x4ad,0x50094,0x59,0x4af,0x4ae,
0x4ae,0x500ba,0x64,0x4b0,0x4af,0x469,0x600a9,0x59,
0x4b1,0x4b0,0x4af,0x469,0x60050,0x13e,0x4b2,0x4b0,
0x4b0,0x4b0,0x600a9,0x72,0x4b3,0x4b2,0x4ae,0x472,
0x200f9,0x4a9,0x200f8,0x4a9,0x700f5,0x59,0x4b4,0x469,
0x4a7,0x4b1,0x4aa,0x700f5,0x72,0x4b5,0x472,0x4a7,
0x4b3,0x4aa,0x200f9,0x4a5,0x200f8,0x4a6,0x8004f,0x72,
0x4b6,0x496,0x496,0x0,0x1,0x2,0x200f9,0x4a5,
0x200f8,0x4a5,0x700f5,0x59,0x46a,0x469,0x4a6,0x4b4,
0x4a9,0x700f5,0x72,0x46d,0x4b6,0x4a6,0x46c,0x4a9,
0x700f5,0x72,0x473,0x472,0x4a6,0x4b5,0x4a9,0x8004f,
0x72,0x46f,0x496,0x496,0x0,0x1,0x2,0x200f9,
0x46b,0x200f8,0x46b,0x50080,0x50,0x471,0x470,0x53,
0x200f9,0x468,0x200f8,0x475,0x900f5,0x64,0x4b7,0x465,
0x468,0x65,0x484,0x65,0x4a3,0x200f9,0x466,0x200f8,
0x466,0x700f5,0x72,0x4b8,0x91,0x462,0x46c,0x475,
0x700f5,0x72,0x4b9,0x91,0x462,0x472,0x475,0x700f5,
0x59,0x4ba,0x5e,0x462,0x469,0x475,0x700f5,0x64,
0x4bb,0x465,0x462,0x4b7,0x475,0x300f7,0x4bc,0x0,
0x400fa,0x4bb,0x4bd,0x4bc,0x200f8,0x4bd,0x500ba,0x64,
0x4be,0x4ba,0x5e,0x200f9,0x4bc,0x200f8,0x4bc,0x700f5,
0x64,0x4bf,0x65,0x466,0x4be,0x4bd,0x300f7,0x4c0,
0x0,0x400fa,0x4bf,0x4c1,0x4c0,0x200f8,0x4c1,0x4009c,
0x64,0x4c2,0x4ba,0x4009d,0x64,0x4c3,0x4ba,0x500a6,
0x64,0x4c4,0x4c2,0x4c3,0x400a8,0x64,0x4c5,0x4c4,
0x200f9,0x4c0,0x200f8,0x4c0,0x700f5,0x64,0x4c6,0x65,
0x4bc,0x4c5,0x4c1,0x300f7,0x4c7,0x0,0x400fa,0x4c6,
0x4c8,0x4c7,0x200f8,0x4c8,0x200f9,0x4c9,0x200f8,0x4c9,
0x700f5,0x5f,0x4ca,0x14e,0x4c8,0x4cb,0x4cc,0x700f5,
0x5f,0x4cd,0x95,0x4c8,0x4ce,0x4cc,0x700f5,0x50,
0x4cf,0x56,0x4c8,0x4d0,0x4cc,0x500b0,0x64,0x4d1,
0x4cf,0x448,0x400f6,0x4d2,0x4cc,0x0,0x400fa,0x4d1,
0x4d3,0x4d2,0x200f8,0x4d3,0x50080,0x50,0x4d4,0x446,
0x6d,0x50084,0x50,0x4d5,0x4cf,0x6d,0x50080,0x50,
0x4d6,0x4d4,0x4d5,0x60041,0x13c,0x4d7,0x26,0x52,
0x4d6,0x4003d,0x50,0x4d8,0x4d7,0x50080,0x50,0x4d9,
0x4d6,0x53,0x60041,0x13c,0x4da,0x26,0x52,0x4d9,
0x4003d,0x50,0x4db,0x4da,0x50050,0x13f,0x4dc,0x4d8,
0x4db,0x4007c,0x5f,0x4dd,0x4dc,0x4009c,0x140,0x4de,
0x4dd,0x4009d,0x140,0x4df,0x4dd,0x500a6,0x140,0x4e0,
0x4de,0x4df,0x400a8,0x140,0x4e1,0x4e0,0x4009b,0x64,
0x4e2,0x4e1,0x400a8,0x64,0x4e3,0x4e2,0x300f7,0x4e4,
0x0,0x400fa,0x4e3,0x4e5,0x4e4,0x200f8,0x4e5,0x200f9,
0x4d2,0x200f8,0x4e4,0x7000c,0x5f,0x4ce,0x1,0x4f,
0x4cd,0x4dd,0x7000c,0x5f,0x4cb,0x1,0x50,0x4ca,
0x4dd,0x200f9,0x4cc,0x200f8,0x4cc,0x50080,0x50,0x4d0,
0x4cf,0x53,0x200f9,0x4c9,0x200f8,0x4d2,0x700f5,0x64,
0x4e6,0x4c6,0x4c9,0x65,0x4e5,0x200f9,0x4c7,0x200f8,
0x4c7,0x700f5,0x5f,0x4e7,0x14e,0x4c0,0x4ca,0x4d2,
0x700f5,0x5f,0x4e8,0x95,0x4c0,0x4cd,0x4d2,0x700f5,
0x64,0x4e9,0x4c6,0x4c0,0x4e6,0x4d2,0x300f7,0x4ea,
0x0,0x400fa,0x4e9,0x4eb,0x4ea,0x200f8,0x4eb,0x50080,
0x50,0x4ec,0x28b,0x75,0x60041,0x13c,0x4ed,0x26,
0x52,0x4ec,0x4003d,0x50,0x4ee,0x4ed,0x500c7,0x50,
0x4ef,0x4ee,0x6d,0x500ab,0x64,0x4f0,0x4ef,0x56,
0x300f7,0x4f1,0x0,0x400fa,0x4f0,0x4f2,0x4f3,0x200f8,
0x4f3,0x200f9,0x4f1,0x200f8,0x4f2,0x60041,0x13c,0x4f4,
0x26,0x52,0x28b,0x4003d,0x50,0x4f5,0x4f4,0x50080,
0x50,0x4f6,0x4f5,0x28c,0x60041,0x13c,0x4f7,0x26,
0x52,0x4f6,0x4003d,0x50,0x4f8,0x4f7,0x200f9,0x4f1,
0x200f8,0x4f1,0x700f5,0x50,0x4f9,0x4f8,0x4f2,0x2b7,
0x4f3,0x50080,0x50,0x4fa,0x28b,0x96,0x60041,0x13c,
0x4fb,0x26,0x52,0x4fa,0x4003d,0x50,0x4fc,0x4fb,
0x50084,0x50,0x4fd,0x4f9,0x6d,0x50080,0x50,0x4fe,
0x4fc,0x4fd,0x60041,0x13c,0x4ff,0x26,0x52,0x4fe,
0x4003d,0x50,0x500,0x4ff,0x50080,0x50,0x501,0x4fe,
0x53,0x60041,0x13c,0x502,0x26,0x52,0x501,0x4003d,
0x50,0x503,0x502,0x50080,0x50,0x504,0x4fe,0x70,
0x60041,0x13c,0x505,0x26,0x52,0x504,0x4003d,0x50,
0x506,0x505,0x60050,0x11f,0x507,0x500,0x503,0x506,
0x4007c,0x72,0x508,0x507,0x50080,0x50,0x509,0x28b,
0x61,0x60041,0x13c,0x50a,0x26,0x52,0x509,0x4003d,
0x50,0x50b,0x50a,0x50084,0x50,0x50c,0x28c,0x6d,
0x50080,0x50,0x50d,0x50b,0x50c,0x50080,0x50,0x50e,
0x50d,0x61,0x60041,0x13c,0x50f,0x26,0x52,0x50e,
0x4003d,0x50,0x510,0x50f,0x500c7,0x50,0x511,0x510,
0x97,0x500ab,0x64,0x512,0x511,0x56,0x600a9,0x59,
0x513,0x512,0x98,0x5e,0x6000c,0x5f,0x514,0x1,
0x8,0x4e8,0x50050,0x5f,0x515,0x6c,0x513,0x50083,
0x5f,0x516,0x514,0x515,0x7000c,0x5f,0x517,0x1,
0x50,0x516,0x60,0x6000c,0x5f,0x518,0x1,0x9,
0x4e7,0x50081,0x5f,0x519,0x518,0x515,0x50080,0x50,
0x51a,0x28b,0x89,0x60041,0x13c,0x51b,0x26,0x52,
0x51a,0x4003d,0x50,0x51c,0x51b,0x40070,0x59,0x51d,
0x51c,0x50080,0x50,0x51e,0x28b,0x99,0x60041,0x13c,
0x51f,0x26,0x52,0x51e,0x4003d,0x50,0x520,0x51f,
0x40070,0x59,0x521,0x520,0x50050,0x5f,0x522,0x51d,
0x521,0x7000c,0x5f,0x523,0x1,0x4f,0x519,0x522,
0x500ba,0x140,0x524,0x523,0x517,0x4009b,0x64,0x525,
0x524,0x300f7,0x526,0x0,0x400fa,0x525,0x527,0x526,
0x200f8,0x527,0x4009c,0x13e,0x528,0x508,0x4009d,0x13e,
0x529,0x508,0x500a6,0x13e,0x52a,0x528,0x529,0x400a8,
0x13e,0x52b,0x52a,0x4009b,0x64,0x52c,0x52b,0x200f9,
0x526,0x200f8,0x526,0x700f5,0x64,0x52d,0x65,0x4f1,
0x52c,0x527,0x300f7,0x52e,0x0,0x400fa,0x52d,0x52f,
0x52e,0x200f8,0x52f,0x50051,0x59,0x530,0x508,0x2,
0x500ba,0x64,0x531,0x530,0x5e,0x200f9,0x52e,0x200f8,
0x52e,0x700f5,0x64,0x532,0x65,0x526,0x531,0x52f,
0x300f7,0x533,0x0,0x400fa,0x532,0x534,0x533,0x200f8,
0x534,0x200f9,0x535,0x200f8,0x535,0x700f5,0x50,0x536,
0x56,0x534,0x537,0x538,0x700f5,0x5f,0x539,0x60,
0x534,0x53a,0x538,0x700f5,0x72,0x53b,0x91,0x534,
0x53c,0x538,0x500b0,0x64,0x53d,0x536,0x6d,0x400f6,
0x53e,0x538,0x0,0x400fa,0x53d,0x53f,0x53e,0x200f8,
0x53f,0x500ab,0x64,0x540,0x536,0x53,0x300f7,0x541,
0x0,0x400fa,0x540,0x542,0x541,0x200f8,0x542,0x500aa,
0x64,0x543,0x536,0x70,0x200f9,0x541,0x200f8,0x541,
0x700f5,0x64,0x544,0x93,0x53f,0x543,0x542,0x300f7,
0x545,0x0,0x400fa,0x544,0x546,0x547,0x200f8,0x547,
0x50051,0x59,0x548,0x517,0x0,0x200f9,0x545,0x200f8,
0x546,0x50051,0x59,0x549,0x523,0x0,0x200f9,0x545,
0x200f8,0x545,0x700f5,0x59,0x54a,0x549,0x546,0x548,
0x547,0x500ae,0x64,0x54b,0x536,0x70,0x300f7,0x54c,
0x0,0x400fa,0x54b,0x54d,0x54e,0x200f8,0x54e,0x50051,
0x59,0x54f,0x517,0x1,0x200f9,0x54c,0x200f8,0x54d,
0x50051,0x59,0x550,0x523,0x1,0x200f9,0x54c,0x200f8,
0x54c,0x700f5,0x59,0x551,0x550,0x54d,0x54f,0x54e,
0x50050,0x5f,0x552,0x54a,0x551,0x7004f,0x5f,0x553,
0x508,0x508,0x0,0x1,0x50083,0x5f,0x554,0x552,
0x553,0x50051,0x59,0x555,0x508,0x2,0x50050,0x5f,
0x556,0x555,0x555,0x50088,0x5f,0x557,0x554,0x556,
0x50051,0x59,0x558,0x557,0x0,0x50051,0x59,0x559,
0x557,0x1,0x60050,0x72,0x55a,0x558,0x559,0x6c,
0x50094,0x59,0x55b,0x4b9,0x55a,0x50094,0x59,0x55c,
0x4b9,0x4b8,0x50088,0x59,0x55d,0x55c,0x55b,0x500b7,
0x64,0x55e,0x55b,0x5e,0x300f7,0x55f,0x0,0x400fa,
0x55e,0x560,0x55f,0x200f8,0x560,0x4009c,0x64,0x561,
0x55d,0x4009d,0x64,0x562,0x55d,0x500a6,0x64,0x563,
0x561,0x562,0x200f9,0x55f,0x200f8,0x55f,0x700f5,0x64,
0x564,0x93,0x54c,0x563,0x560,0x400a8,0x64,0x565,
0x564,0x300f7,0x566,0x0,0x400fa,0x565,0x567,0x566,
0x200f8,0x567,0x500bc,0x64,0x568,0x55d,0x5e,0x200f9,
0x566,0x200f8,0x566,0x700f5,0x64,0x569,0x93,0x55f,
0x568,0x567,0x300f7,0x56a,0x0,0x400fa,0x569,0x56b,
0x56a,0x200f8,0x56b,0x200f9,0x53e,0x200f8,0x56a,0x500aa,
0x64,0x56c,0x536,0x421,0x300f7,0x56d,0x0,0x400fa,
0x56c,0x56e,0x56d,0x200f8,0x56e,0x5008e,0x72,0x56f,
0x55a,0x55d,0x200f9,0x56d,0x200f8,0x56d,0x700f5,0x72,
0x53c,0x53b,0x56a,0x56f,0x56e,0x50050,0x140,0x570,
0x56c,0x56c,0x600a9,0x5f,0x53a,0x570,0x552,0x539,
0x200f9,0x538,0x200f8,0x538,0x50080,0x50,0x537,0x536,
0x53,0x200f9,0x535,0x200f8,0x53e,0x700f5,0x64,0x571,
0x532,0x535,0x65,0x56b,0x200f9,0x533,0x200f8,0x533,
0x700f5,0x5f,0x572,0x60,0x52e,0x539,0x53e,0x700f5,
0x72,0x573,0x91,0x52e,0x53b,0x53e,0x700f5,0x64,
0x574,0x532,0x52e,0x571,0x53e,0x300f7,0x575,0x0,
0x400fa,0x574,0x576,0x575,0x200f8,0x576,0x50051,0x59,
0x577,0x573,0x0,0x50051,0x59,0x578,0x573,0x1,
0x4007f,0x59,0x579,0x578,0x50051,0x59,0x57a,0x573,
0x2,0x4007f,0x59,0x57b,0x57a,0x60050,0x72,0x57c,
0x577,0x579,0x57b,0x50051,0x59,0x57d,0x284,0x1,
0x60050,0x72,0x57e,0x57d,0x57d,0x57d,0x50088,0x72,
0x57f,0x57c,0x57e,0x5008e,0x5f,0x580,0x572,0x57a,
0x60052,0x5f,0x581,0x57a,0x284,0x0,0x200f9,0x575,
0x200f8,0x575,0x700f5,0x5f,0x582,0x175,0x533,0x580,
0x576,0x700f5,0x72,0x583,0x283,0x533,0x57f,0x576,
0x700f5,0x5f,0x584,0x284,0x533,0x581,0x576,0x600a9,
0x50,0x585,0x574,0x56,0x170,0x600a9,0x50,0x586,
0x574,0x56,0x174,0x200f9,0x4ea,0x200f8,0x4ea,0x700f5,
0x50,0x587,0x170,0x4c7,0x585,0x575,0x700f5,0x50,
0x588,0x174,0x4c7,0x586,0x575,0x700f5,0x5f,0x589,
0x175,0x4c7,0x582,0x575,0x700f5,0x72,0x58a,0x283,
0x4c7,0x583,0x575,0x700f5,0x5f,0x58b,0x284,0x4c7,
0x584,0x575,0x700f5,0x64,0x58c,0x4e9,0x4c7,0x574,
0x575,0x200f9,0x433,0x200f8,0x433,0x700f5,0x50,0x58d,
0x170,0x42e,0x587,0x4ea,0x700f5,0x50,0x58e,0x174,
0x42e,0x588,0x4ea,0x700f5,0x5f,0x58f,0x175,0x42e,
0x589,0x4ea,0x700f5,0x72,0x590,0x283,0x42e,0x58a,
0x4ea,0x700f5,0x5f,0x591,0x284,0x42e,0x58b,0x4ea,
0x700f5,0x64,0x592,0x432,0x42e,0x58c,0x4ea,0x400a8,
0x64,0x593,0x592,0x300f7,0x594,0x0,0x400fa,0x593,
0x595,0x594,0x200f8,0x595,0x60052,0x5f,0x596,0x6c,
0x591,0x0,0x200f9,0x594,0x200f8,0x594,0x700f5,0x5f,
0x597,0x591,0x433,0x596,0x595,0x50050,0x140,0x598,
0x593,0x593,0x600a9,0x5f,0x599,0x598,0x60,0x58f,
0x60050,0x13e,0x59a,0x593,0x593,0x593,0x600a9,0x72,
0x59b,0x59a,0x91,0x590,0x200f9,0x2d9,0x200f8,0x2d9,
0x700f5,0x50,0x59c,0x58d,0x594,0x415,0x2de,0x700f5,
0x50,0x59d,0x58e,0x594,0x416,0x2de,0x700f5,0x5f,
0x59e,0x599,0x594,0x417,0x2de,0x700f5,0x5f,0x59f,
0x597,0x594,0x418,0x2de,0x700f5,0x72,0x5a0,0x59b,
0x594,0x419,0x2de,0x700f5,0x64,0x5a1,0x592,0x594,
0x41a,0x2de,0x600a9,0x51,0x5a2,0x5a1,0x5b,0x52,
0x4007c,0x50,0x5a3,0x5a2,0x300f7,0x5a4,0x0,0x400fa,
0x2d3,0x5a5,0x5a6,0x200f8,0x5a6,0x50080,0x50,0x5a7,
0x28b,0x61,0x60041,0x13c,0x5a8,0x26,0x52,0x5a7,
0x4003d,0x50,0x5a9,0x5a8,0x600a9,0x50,0x5aa,0x5a1,
0x28c,0x56,0x50084,0x50,0x5ab,0x5aa,0x6d,0x50080,
0x50,0x5ac,0x5a9,0x5ab,0x50080,0x50,0x5ad,0x28b,
0x89,0x60041,0x13c,0x5ae,0x26,0x52,0x5ad,0x4003d,
0x50,0x5af,0x5ae,0x50080,0x50,0x5b0,0x28b,0x77,
0x60041,0x13c,0x5b1,0x26,0x52,0x5b0,0x4003d,0x50,
0x5b2,0x5b1,0x50080,0x50,0x5b3,0x28b,0x75,0x60041,
0x13c,0x5b4,0x26,0x52,0x5b3,0x4003d,0x50,0x5b5,
0x5b4,0x500c7,0x50,0x5b6,0x5b5,0x61,0x500c4,0x50,
0x5b7,0x5b6,0xaa,0x500c5,0x50,0x5b8,0xa9,0x5b7,
0x70050,0x84,0x5b9,0x5ac,0x5af,0x5b2,0x5b8,0x200f9,
0x5a4,0x200f8,0x5a5,0x300f7,0x5ba,0x0,0x400fa,0x5a1,
0x5bb,0x5ba,0x200f8,0x5bb,0x50080,0x50,0x5bc,0x28b,
0x76,0x60041,0x13c,0x5bd,0x26,0x52,0x5bc,0x4003d,
0x50,0x5be,0x5bd,0x50084,0x50,0x5bf,0x2b7,0x7b,
0x50080,0x50,0x5c0,0x5be,0x5bf,0x50080,0x50,0x5c1,
0x28b,0x6f,0x60041,0x13c,0x5c2,0x26,0x52,0x5c1,
0x4003d,0x50,0x5c3,0x5c2,0x50084,0x50,0x5c4,0x2b7,
0x6d,0x50080,0x50,0x5c5,0x5c3,0x5c4,0x50080,0x50,
0x5c6,0x5c5,0x61,0x60041,0x13c,0x5c7,0x26,0x52,
0x5c6,0x4003d,0x50,0x5c8,0x5c7,0x500c7,0x50,0x5c9,
0x5c8,0x70,0x50080,0x50,0x5ca,0x5c0,0x9b,0x60041,
0x13c,0x5cb,0x26,0x52,0x5ca,0x4003d,0x50,0x5cc,
0x5cb,0x500ab,0x64,0x5cd,0x5cc,0x56,0x300f7,0x5ce,
0x0,0x400fa,0x5cd,0x5cf,0x5ce,0x200f8,0x5cf,0x500aa,
0x64,0x5d0,0x5c9,0x56,0x200f9,0x5ce,0x200f8,0x5ce,
0x700f5,0x64,0x5d1,0x65,0x5bb,0x5d0,0x5cf,0x300f7,
0x5d2,0x0,0x400fa,0x5d1,0x5d3,0x5d2,0x200f8,0x5d3,
0x50080,0x50,0x5d4,0x28b,0xa6,0x60041,0x13c,0x5d5,
0x26,0x52,0x5d4,0x4003d,0x50,0x5d6,0x5d5,0x50080,
0x50,0x5d7,0x28b,0x77,0x60041,0x13c,0x5d8,0x26,
0x52,0x5d7,0x4003d,0x50,0x5d9,0x5d8,0x50080,0x50,
0x5da,0x28b,0x75,0x60041,0x13c,0x5db,0x26,0x52,
0x5da,0x4003d,0x50,0x5dc,0x5db,0x500c7,0x50,0x5dd,
0x5dc,0x70,0x500ab,0x64,0x5de,0x5dd,0x56,0x600a9,
0x50,0x5df,0x5de,0x70,0x56,0x40053,0x50,0x5e0,
0x160,0x40053,0x50,0x5e1,0xa7,0x600a9,0x50,0x5e2,
0x5de,0x160,0xa7,0x4003d,0x50,0x5e3,0x5c2,0x50080,
0x50,0x5e4,0x5e3,0x5c4,0x50080,0x50,0x5e5,0x5e4,
0x61,0x60041,0x13c,0x5e6,0x26,0x52,0x5e5,0x4003d,
0x50,0x5e7,0x5e6,0x500c7,0x50,0x5e8,0x5e7,0x6d,
0x500ab,0x64,0x5e9,0x5e8,0x56,0x600a9,0x50,0x5ea,
0x5e9,0x6d,0x56,0x500c5,0x50,0x5eb,0x5e2,0x5ea,
0x4003d,0x50,0x5ec,0x5c2,0x50080,0x50,0x5ed,0x5ec,
0x5c4,0x50080,0x50,0x5ee,0x5ed,0x61,0x60041,0x13c,
0x5ef,0x26,0x52,0x5ee,0x4003d,0x50,0x5f0,0x5ef,
0x500c7,0x50,0x5f1,0x5f0,0x76,0x500ab,0x64,0x5f2,
0x5f1,0x56,0x600a9,0x50,0x5f3,0x5f2,0xa8,0x56,
0x500c5,0x50,0x5f4,0x5eb,0x5f3,0x70050,0x84,0x5f5,
0x5c0,0x5d6,0x5d9,0x5f4,0x200f9,0x5d2,0x200f8,0x5d2,
0x700f5,0x84,0x5f6,0x85,0x5ce,0x5f5,0x5d3,0x50080,
0x50,0x5f7,0x28b,0x77,0x60041,0x13c,0x5f8,0x26,
0x52,0x5f7,0x4003d,0x50,0x5f9,0x5f8,0x50080,0x50,
0x5fa,0x5c0,0x6d,0x60041,0x13c,0x5fb,0x26,0x52,
0x5fa,0x4003d,0x50,0x5fc,0x5fb,0x500c7,0x50,0x5fd,
0x5fc,0x78,0x50080,0x50,0x5fe,0x5f9,0x5fd,0x60041,
0x13c,0x5ff,0x26,0x52,0x5fe,0x4003d,0x50,0x600,
0x5ff,0x4003d,0x50,0x601,0x5f8,0x50080,0x50,0x602,
0x5c0,0x79,0x60041,0x13c,0x603,0x26,0x52,0x602,
0x4003d,0x50,0x604,0x603,0x500c7,0x50,0x605,0x604,
0x78,0x50080,0x50,0x606,0x601,0x605,0x60041,0x13c,
0x607,0x26,0x52,0x606,0x4003d,0x50,0x608,0x607,
0x500c7,0x50,0x609,0x600,0x78,0x40070,0x59,0x60a,
0x609,0x500c2,0x50,0x60b,0x600,0x6f,0x500c7,0x50,
0x60c,0x60b,0x78,0x40070,0x59,0x60d,0x60c,0x500c2,
0x50,0x60e,0x600,0x76,0x500c7,0x50,0x60f,0x60e,
0x78,0x40070,0x59,0x610,0x60f,0x500c2,0x50,0x611,
0x600,0x7b,0x40070,0x59,0x612,0x611,0x70050,0x7c,
0x613,0x60a,0x60d,0x610,0x612,0x50085,0x7c,0x614,
0x613,0x153,0x500c7,0x50,0x615,0x608,0x78,0x40070,
0x59,0x616,0x615,0x500c2,0x50,0x617,0x608,0x6f,
0x500c7,0x50,0x618,0x617,0x78,0x40070,0x59,0x619,
0x618,0x500c2,0x50,0x61a,0x608,0x76,0x500c7,0x50,
0x61b,0x61a,0x78,0x40070,0x59,0x61c,0x61b,0x500c2,
0x50,0x61d,0x608,0x7b,0x40070,0x59,0x61e,0x61d,
0x70050,0x7c,0x61f,0x616,0x619,0x61c,0x61e,0x50085,
0x7c,0x620,0x61f,0x153,0x50080,0x50,0x621,0x28b,
0x75,0x60041,0x13c,0x622,0x26,0x52,0x621,0x4003d,
0x50,0x623,0x622,0x500c7,0x50,0x624,0x623,0x70,
0x500ab,0x64,0x625,0x624,0x56,0x300f7,0x626,0x0,
0x400fa,0x625,0x627,0x626,0x200f8,0x627,0x8004f,0x72,
0x628,0x614,0x614,0x0,0x1,0x2,0x500bc,0x13e,
0x629,0x628,0x7e,0x50085,0x72,0x62a,0x628,0x155,
0x50081,0x72,0x62b,0x628,0x80,0x50085,0x72,0x62c,
0x62b,0x157,0x7000c,0x72,0x62d,0x1,0x1a,0x62c,
0x82,0x600a9,0x72,0x62e,0x629,0x62a,0x62d,0x9004f,
0x7c,0x62f,0x614,0x62e,0x4,0x5,0x6,0x3,
0x8004f,0x72,0x630,0x620,0x620,0x0,0x1,0x2,
0x500bc,0x13e,0x631,0x630,0x7e,0x50085,0x72,0x632,
0x630,0x155,0x50081,0x72,0x633,0x630,0x80,0x50085,
0x72,0x634,0x633,0x157,0x7000c,0x72,0x635,0x1,
0x1a,0x634,0x82,0x600a9,0x72,0x636,0x631,0x632,
0x635,0x9004f,0x7c,0x637,0x620,0x636,0x4,0x5,
0x6,0x3,0x200f9,0x626,0x200f8,0x626,0x700f5,0x7c,
0x638,0x614,0x5d2,0x62f,0x627,0x700f5,0x7c,0x639,
0x620,0x5d2,0x637,0x627,0x50080,0x50,0x63a,0x5c0,
0x83,0x60041,0x13c,0x63b,0x26,0x52,0x63a,0x4003d,
0x50,0x63c,0x63b,0x500ab,0x64,0x63d,0x63c,0x56,
0x600a9,0x50,0x63e,0x63d,0x53,0x56,0x200f9,0x5ba,
0x200f8,0x5ba,0x700f5,0x7c,0x63f,0x280,0x5a5,0x638,
0x626,0x700f5,0x7c,0x640,0x281,0x5a5,0x639,0x626,
0x700f5,0x50,0x641,0x282,0x5a5,0x63e,0x626,0x700f5,
0x84,0x642,0x85,0x5a5,0x5f6,0x626,0x200f9,0x5a4,
0x200f8,0x5a4,0x700f5,0x7c,0x643,0x63f,0x5ba,0x280,
0x5a6,0x700f5,0x7c,0x644,0x640,0x5ba,0x281,0x5a6,
0x700f5,0x50,0x645,0x641,0x5ba,0x282,0x5a6,0x700f5,
0x84,0x646,0x642,0x5ba,0x5b9,0x5a6,0x200f9,0x289,
0x200f8,0x289,0x700f5,0x50,0x647,0x27f,0x1ed,0x5a3,
0x5a4,0x700f5,0x7c,0x648,0x280,0x1ed,0x643,0x5a4,
0x700f5,0x7c,0x649,0x281,0x1ed,0x644,0x5a4,0x700f5,
0x50,0x64a,0x282,0x1ed,0x645,0x5a4,0x700f5,0x50,
0x64b,0x170,0x1ed,0x59c,0x5a4,0x700f5,0x50,0x64c,
0x174,0x1ed,0x59d,0x5a4,0x700f5,0x5f,0x64d,0x175,
0x1ed,0x59e,0x5a4,0x700f5,0x5f,0x64e,0x284,0x1ed,
0x59f,0x5a4,0x700f5,0x72,0x64f,0x283,0x1ed,0x5a0,
0x5a4,0x700f5,0x84,0x650,0x285,0x1ed,0x646,0x5a4,
0x50051,0x50,0x651,0x650,0x3,0x500c7,0x50,0x652,
0x651,0x90,0x500ab,0x64,0x653,0x652,0x56,0x300f7,
0x654,0x2,0x400fa,0x653,0x655,0x654,0x200f8,0x655,
0x50051,0x50,0x656,0x650,0x0,0x60041,0x13c,0x657,
0x26,0x52,0x656,0x4003d,0x50,0x658,0x657,0x50080,
0x50,0x659,0x656,0x53,0x60041,0x13c,0x65a,0x26,
0x52,0x659,0x4003d,0x50,0x65b,0x65a,0x50080,0x50,
0x65c,0x656,0x70,0x60041,0x13c,0x65d,0x26,0x52,
0x65c,0x4003d,0x50,0x65e,0x65d,0x60050,0x11f,0x65f,
0x658,0x65b,0x65e,0x4007c,0x72,0x660,0x65f,0x500c7,
0x50,0x661,0x651,0xab,0x500ab,0x64,0x662,0x661,
0x56,0x600a9,0x59,0x663,0x662,0x5d,0xac,0x50083,
0x72,0x664,0x64f,0x660,0x60050,0x72,0x665,0x663,
0x663,0x663,0x5008c,0x72,0x666,0x664,0x665,0x40053,
0x59,0x667,0x161,0x40053,0x59,0x668,0xad,0x600a9,
0x59,0x669,0x662,0x161,0xad,0x60050,0x72,0x66a,
0x669,0x669,0x669,0x500be,0x13e,0x66b,0x666,0x66a,
0x50083,0x72,0x66c,0x666,0x665,0x600a9,0x72,0x66d,
0x66b,0x66c,0x666,0x40053,0x59,0x66e,0x162,0x40053,
0x59,0x66f,0x163,0x600a9,0x59,0x670,0x662,0x162,
0x163,0x60050,0x72,0x671,0x670,0x670,0x670,0x500b8,
0x13e,0x672,0x66d,0x671,0x50081,0x72,0x673,0x66d,
0x665,0x600a9,0x72,0x674,0x672,0x673,0x66d,0x200f9,
0x675,0x200f8,0x675,0x700f5,0x50,0x676,0x56,0x655,
0x677,0x678,0x500b0,0x64,0x679,0x676,0x61,0x400f6,
0x67a,0x678,0x0,0x400fa,0x679,0x678,0x67a,0x200f8,
0x678,0x50051,0x59,0x67b,0x674,0x0,0x50080,0x50,
0x67c,0x656,0x61,0x50080,0x50,0x67d,0x67c,0x676,
0x60041,0x13c,0x67e,0x26,0x52,0x67d,0x4003d,0x50,
0x67f,0x67e,0x4007c,0x51,0x680,0x67f,0x4006f,0x59,
0x681,0x680,0x50085,0x59,0x2e,0x67b,0x681,0x50051,
0x59,0x682,0x674,0x1,0x50080,0x50,0x683,0x656,
0x83,0x50080,0x50,0x684,0x683,0x676,0x60041,0x13c,
0x685,0x26,0x52,0x684,0x4003d,0x50,0x686,0x685,
0x4007c,0x51,0x687,0x686,0x4006f,0x59,0x688,0x687,
0x50085,0x59,0x2f,0x682,0x688,0x50081,0x59,0x30,
0x2e,0x2f,0x50051,0x59,0x689,0x674,0x2,0x50080,
0x50,0x68a,0x656,0x92,0x50080,0x50,0x68b,0x68a,
0x676,0x60041,0x13c,0x68c,0x26,0x52,0x68b,0x4003d,
0x50,0x68d,0x68c,0x4007c,0x51,0x68e,0x68d,0x4006f,
0x59,0x68f,0x68e,0x50085,0x59,0x31,0x689,0x68f,
0x50081,0x59,0x32,0x30,0x31,0x50088,0x59,0x33,
0x32,0xad,0x50041,0x137,0x690,0x167,0x676,0x3003e,
0x690,0x33,0x50080,0x50,0x677,0x676,0x53,0x200f9,
0x675,0x200f8,0x67a,0x300f7,0x691,0x0,0x400fa,0x662,
0x692,0x693,0x200f8,0x693,0x50041,0x137,0x694,0x167,
0x6b,0x4003d,0x59,0x695,0x694,0x200f9,0x691,0x200f8,
0x692,0x4003d,0x72,0x696,0x167,0x6000c,0x59,0x697,
0x1,0x42,0x696,0x200f9,0x691,0x200f8,0x691,0x700f5,
0x59,0x698,0x697,0x692,0x695,0x693,0x500be,0x64,
0x699,0x698,0x68,0x300f7,0x69a,0x0,0x400fa,0x699,
0x69b,0x69a,0x200f8,0x69b,0x50051,0x50,0x69c,0x650,
0x2,0x500ab,0x64,0x69d,0x69c,0x56,0x300f7,0x69e,
0x0,0x400fa,0x69d,0x69f,0x69e,0x200f8,0x69f,0x500b8,
0x64,0x6a0,0x698,0xae,0x200f9,0x69e,0x200f8,0x69e,
0x700f5,0x64,0x6a1,0x93,0x69b,0x6a0,0x69f,0x200f9,
0x69a,0x200f8,0x69a,0x700f5,0x64,0x6a2,0x65,0x691,
0x6a1,0x69e,0x600a9,0x50,0x6a3,0x6a2,0x53,0x56,
0x8000c,0x59,0x6a4,0x1,0x2b,0x698,0x5e,0xaf,
0x300f7,0x6a5,0x0,0x400fa,0x662,0x6a6,0x6a7,0x200f8,
0x6a7,0x4003d,0x72,0x6a8,0x167,0x50051,0x59,0x6a9,
0x6a8,0x0,0x50051,0x59,0x6aa,0x6a8,0x1,0x60050,
0x72,0x6ab,0x6a9,0x6aa,0x6a4,0x200f9,0x6a5,0x200f8,
0x6a6,0x4003d,0x72,0x6ac,0x167,0x200f9,0x6a5,0x200f8,
0x6a5,0x700f5,0x72,0x6ad,0x6ac,0x6a6,0x6ab,0x6a7,
0x600a9,0x59,0x6ae,0x662,0x698,0x6a4,0x50085,0x59,
0x6af,0x6ae,0x15a,0x5008e,0x5f,0x6b0,0x64e,0x6af,
0x50080,0x50,0x6b1,0x656,0x8e,0x50051,0x50,0x6b2,
0x650,0x1,0x50084,0x50,0x6b3,0x6b2,0x76,0x4006d,
0x50,0x6b4,0x6a4,0x500c2,0x50,0x6b5,0x6b4,0x6f,
0x50080,0x50,0x6b6,0x6b3,0x6b5,0x50084,0x50,0x6b7,
0x6b6,0x6d,0x50080,0x50,0x6b8,0x6b1,0x6b7,0x60041,
0x13c,0x6b9,0x26,0x52,0x6b8,0x4003d,0x50,0x6ba,
0x6b9,0x50080,0x50,0x6bb,0x6b8,0x53,0x60041,0x13c,
0x6bc,0x26,0x52,0x6bb,0x4003d,0x50,0x6bd,0x6bc,
0x50080,0x50,0x6be,0x6b8,0x70,0x60041,0x13c,0x6bf,
0x26,0x52,0x6be,0x4003d,0x50,0x6c0,0x6bf,0x50080,
0x50,0x6c1,0x6b8,0x61,0x60041,0x13c,0x6c2,0x26,
0x52,0x6c1,0x4003d,0x50,0x6c3,0x6c2,0x70050,0x84,
0x6c4,0x6ba,0x6bd,0x6c0,0x6c3,0x4007c,0x7c,0x6c5,
0x6c4,0x500c7,0x50,0x6c6,0x651,0x58,0x500ab,0x64,
0x6c7,0x6c6,0x56,0x300f7,0x6c8,0x0,0x400fa,0x6c7,
0x6c9,0x6c8,0x200f8,0x6c9,0x4003d,0x50,0x6ca,0x65d,
0x4007c,0x59,0x6cb,0x6ca,0x4006e,0x51,0x6cc,0x6cb,
0x4007c,0x50,0x6cd,0x6cc,0x50051,0x59,0x6ce,0x169,
0x2,0x4006d,0x50,0x6cf,0x6ce,0x50080,0x50,0x6d0,
0x6cd,0x6cf,0x500c7,0x50,0x6d1,0x6d0,0xb0,0x40070,
0x59,0x6d2,0x6d1,0x50083,0x59,0x6d3,0x5d,0x6d2,
0x500be,0x64,0x6d4,0x6d3,0x68,0x300f7,0x6d5,0x0,
0x400fa,0x6d4,0x6d6,0x6d5,0x200f8,0x6d6,0x50051,0x50,
0x6d7,0x650,0x2,0x500ab,0x64,0x6d8,0x6d7,0x56,
0x300f7,0x6d9,0x0,0x400fa,0x6d8,0x6da,0x6d9,0x200f8,
0x6da,0x500b8,0x64,0x6db,0x6d3,0xae,0x200f9,0x6d9,
0x200f8,0x6d9,0x700f5,0x64,0x6dc,0x93,0x6d6,0x6db,
0x6da,0x200f9,0x6d5,0x200f8,0x6d5,0x700f5,0x64,0x6dd,
0x65,0x6c9,0x6dc,0x6d9,0x600a9,0x50,0x6de,0x6dd,
0x53,0x56,0x7004f,0x5f,0x6df,0x169,0x169,0x0,
0x1,0x50088,0x59,0x6e0,0x5d,0x6d3,0x5008e,0x5f,
0x6e1,0x6df,0x6e0,0x50081,0x5f,0x6e2,0xb3,0x6e1,
0x50085,0x5f,0x6e3,0x177,0xa2,0x50081,0x5f,0x6e4,
0x6e2,0x6e3,0x7000c,0x59,0x6e5,0x1,0x4f,0x6d3,
0xaf,0x4006d,0x50,0x6e6,0x6e5,0x500c2,0x50,0x6e7,
0x6e6,0x6f,0x50080,0x50,0x6e8,0x6b3,0x6e7,0x50084,
0x50,0x6e9,0x6e8,0x6d,0x50080,0x50,0x6ea,0x6b1,
0x6e9,0x60041,0x13c,0x6eb,0x26,0x52,0x6ea,0x4003d,
0x50,0x6ec,0x6eb,0x50080,0x50,0x6ed,0x6ea,0x53,
0x60041,0x13c,0x6ee,0x26,0x52,0x6ed,0x4003d,0x50,
0x6ef,0x6ee,0x50080,0x50,0x6f0,0x6ea,0x70,0x60041,
0x13c,0x6f1,0x26,0x52,0x6f0,0x4003d,0x50,0x6f2,
0x6f1,0x50080,0x50,0x6f3,0x6ea,0x61,0x60041,0x13c,
0x6f4,0x26,0x52,0x6f3,0x4003d,0x50,0x6f5,0x6f4,
0x70050,0x84,0x6f6,0x6ec,0x6ef,0x6f2,0x6f5,0x4007c,
0x7c,0x6f7,0x6f6,0x50051,0x59,0x6f8,0x6e4,0x0,
0x50051,0x59,0x6f9,0x6e4,0x1,0x60050,0x72,0x6fa,
0x6f8,0x6f9,0x5e,0x500c7,0x50,0x6fb,0x651,0x14b,
0x60052,0x84,0x6fc,0x6fb,0x650,0x3,0x200f9,0x6c8,
0x200f8,0x6c8,0x700f5,0x50,0x6fd,0x6a3,0x6a5,0x6de,
0x6d5,0x700f5,0x72,0x6fe,0x6ad,0x6a5,0x6fa,0x6d5,
0x700f5,0x7c,0x6ff,0x6c5,0x6a5,0x6f7,0x6d5,0x700f5,
0x5f,0x700,0x64d,0x6a5,0x6e4,0x6d5,0x700f5,0x84,
0x701,0x650,0x6a5,0x6fc,0x6d5,0x50050,0x140,0x702,
0x6c7,0x6c7,0x600a9,0x5f,0x703,0x702,0x60,0x6b0,
0x200f9,0x654,0x200f8,0x654,0x700f5,0x50,0x704,0x647,
0x289,0x6fd,0x6c8,0x700f5,0x72,0x705,0x64f,0x289,
0x6fe,0x6c8,0x700f5,0x7c,0x706,0x648,0x289,0x6ff,
0x6c8,0x700f5,0x7c,0x707,0x649,0x289,0x6ff,0x6c8,
0x700f5,0x5f,0x708,0x64d,0x289,0x700,0x6c8,0x700f5,
0x5f,0x709,0x64e,0x289,0x703,0x6c8,0x700f5,0x84,
0x70a,0x650,0x289,0x701,0x6c8,0x50051,0x50,0x70b,
0x70a,0x3,0x500c7,0x50,0x70c,0x70b,0xb4,0x500ab,
0x64,0x70d,0x70c,0x56,0x300f7,0x70e,0x2,0x400fa,
0x70d,0x70f,0x70e,0x200f8,0x70f,0x50051,0x50,0x710,
0x70a,0x0,0x60041,0x13c,0x711,0x26,0x52,0x710,
0x4003d,0x50,0x712,0x711,0x4007c,0x51,0x713,0x712,
0x50080,0x50,0x714,0x710,0x53,0x60041,0x13c,0x715,
0x26,0x52,0x714,0x4003d,0x50,0x716,0x715,0x4007c,
0x51,0x717,0x716,0x50080,0x50,0x718,0x710,0x70,
0x60041,0x13c,0x719,0x26,0x52,0x718,0x4003d,0x50,
0x71a,0x719,0x4007c,0x51,0x71b,0x71a,0x3003e,0x168,
0xb6,0x200f9,0x71c,0x200f8,0x71c,0x700f5,0x50,0x71d,
0x56,0x70f,0x71e,0x71f,0x500b0,0x64,0x720,0x71d,
0x61,0x400f6,0x721,0x71f,0x0,0x400fa,0x720,0x71f,
0x721,0x200f8,0x71f,0x50080,0x50,0x722,0x710,0x61,
0x50080,0x50,0x723,0x722,0x71d,0x60041,0x13c,0x724,
0x26,0x52,0x723,0x4003d,0x50,0x725,0x724,0x4007c,
0x51,0x726,0x725,0x50080,0x50,0x727,0x710,0x83,
0x50080,0x50,0x728,0x727,0x71d,0x60041,0x13c,0x729,
0x26,0x52,0x728,0x4003d,0x50,0x72a,0x729,0x4007c,
0x51,0x72b,0x72a,0x50080,0x50,0x72c,0x710,0x92,
0x50080,0x50,0x72d,0x72c,0x71d,0x60041,0x13c,0x72e,
0x26,0x52,0x72d,0x4003d,0x50,0x72f,0x72e,0x4007c,
0x51,0x730,0x72f,0x50084,0x51,0x731,0x713,0x726,
0x500c3,0x51,0x732,0x731,0xb7,0x50084,0x51,0x733,
0x717,0x72b,0x500c3,0x51,0x734,0x733,0xb7,0x50080,
0x51,0x735,0x732,0x734,0x50084,0x51,0x736,0x71b,
0x730,0x500c3,0x51,0x737,0x736,0xb7,0x50080,0x51,
0x738,0x735,0x737,0x50051,0x59,0x739,0x705,0x0,
0x4006e,0x51,0x73a,0x739,0x500c3,0x51,0x73b,0x726,
0x9a,0x50084,0x51,0x73c,0x73a,0x73b,0x50051,0x59,
0x73d,0x705,0x2,0x4006e,0x51,0x73e,0x73d,0x500c3,
0x51,0x73f,0x730,0x9a,0x50084,0x51,0x740,0x73e,
0x73f,0x50080,0x51,0x741,0x73c,0x740,0x50080,0x51,
0x742,0x738,0x741,0x500c4,0x51,0x743,0x742,0xb9,
0x500c3,0x51,0x744,0x743,0xb9,0x50041,0x138,0x745,
0x168,0x71d,0x3003e,0x745,0x744,0x50080,0x50,0x71e,
0x71d,0x53,0x200f9,0x71c,0x200f8,0x721,0x500c7,0x50,
0x746,0x70b,0xba,0x500ab,0x64,0x747,0x746,0x56,
0x300f7,0x748,0x0,0x400fa,0x747,0x749,0x74a,0x200f8,
0x74a,0x50041,0x138,0x74b,0x168,0x6b,0x4003d,0x51,
0x74c,0x74b,0x4006f,0x59,0x74d,0x74c,0x200f9,0x748,
0x200f8,0x749,0x4003d,0xb5,0x74e,0x168,0x4006f,0x72,
0x74f,0x74e,0x6000c,0x59,0x750,0x1,0x42,0x74f,
0x200f9,0x748,0x200f8,0x748,0x700f5,0x59,0x751,0x750,
0x749,0x74d,0x74a,0x500ba,0x64,0x752,0x751,0x68,
0x300f7,0x753,0x0,0x400fa,0x752,0x754,0x753,0x200f8,
0x754,0x50051,0x50,0x755,0x70a,0x1,0x500ab,0x64,
0x756,0x755,0x56,0x300f7,0x757,0x0,0x400fa,0x756,
0x758,0x757,0x200f8,0x758,0x500b8,0x64,0x759,0x751,
0x6a,0x200f9,0x757,0x200f8,0x757,0x700f5,0x64,0x75a,
0x93,0x754,0x759,0x758,0x200f9,0x753,0x200f8,0x753,
0x700f5,0x64,0x75b,0x65,0x748,0x75a,0x757,0x600a9,
0x50,0x75c,0x75b,0x53,0x56,0x300f7,0x75d,0x0,
0x400fa,0x747,0x75e,0x75f,0x200f8,0x75f,0x4003d,0xb5,
0x760,0x168,0x50041,0x138,0x761,0x168,0x6b,0x4003d,
0x51,0x762,0x761,0x7000c,0x51,0x763,0x1,0x27,
0x762,0xbb,0x4006f,0x59,0x764,0x763,0x50051,0x51,
0x765,0x760,0x0,0x50051,0x51,0x766,0x760,0x1,
0x4006f,0x59,0x767,0x765,0x4006f,0x59,0x768,0x766,
0x60050,0x72,0x769,0x767,0x768,0x764,0x200f9,0x75d,
0x200f8,0x75e,0x4003d,0xb5,0x76a,0x168,0x4006f,0x72,
0x76b,0x76a,0x200f9,0x75d,0x200f8,0x75d,0x700f5,0x72,
0x76c,0x76b,0x75e,0x769,0x75f,0x7000c,0x59,0x76d,
0x1,0x4f,0x751,0xbc,0x50085,0x59,0x76e,0x76d,
0x15a,0x5008e,0x5f,0x76f,0x709,0x76e,0x200f9,0x70e,
0x200f8,0x70e,0x700f5,0x50,0x770,0x704,0x654,0x75c,
0x75d,0x700f5,0x72,0x771,0x705,0x654,0x76c,0x75d,
0x700f5,0x5f,0x772,0x709,0x654,0x76f,0x75d,0x500c7,
0x50,0x773,0x70b,0x97,0x500ab,0x64,0x774,0x773,
0x56,0x300f7,0x775,0x0,0x400fa,0x774,0x776,0x775,
0x200f8,0x776,0x4006e,0xb5,0x777,0x172,0x4006e,0xb5,
0x778,0x171,0x50082,0xb5,0x779,0x777,0x778,0x500c4,
0xb5,0x77a,0x779,0xcd,0x500c3,0xb5,0x77b,0x77a,
0xcd,0x4006f,0x72,0x77c,0x77b,0x50051,0x59,0x77d,
0x173,0x0,0x5008e,0x72,0x77e,0x77c,0x77d,0x50081,
0x72,0x77f,0x171,0x77e,0x50051,0x59,0x780,0x173,
0x1,0x50051,0x59,0x781,0x77f,0x2,0x50081,0x59,
0x782,0x780,0x781,0x500be,0x64,0x783,0x782,0x68,
0x300f7,0x784,0x0,0x400fa,0x783,0x785,0x784,0x200f8,
0x785,0x50051,0x59,0x786,0x173,0x2,0x500b7,0x64,
0x787,0x786,0x5e,0x300f7,0x788,0x0,0x400fa,0x787,
0x789,0x788,0x200f8,0x789,0x50051,0x59,0x78a,0x171,
0x2,0x50081,0x59,0x78b,0x780,0x78a,0x500be,0x64,
0x78c,0x78b,0x68,0x200f9,0x788,0x200f8,0x788,0x700f5,
0x64,0x78d,0x93,0x785,0x78c,0x789,0x200f9,0x784,
0x200f8,0x784,0x700f5,0x64,0x78e,0x65,0x776,0x78d,
0x788,0x50051,0x59,0x78f,0x173,0x2,0x500b4,0x64,
0x790,0x78f,0x6c,0x60050,0x13e,0x791,0x790,0x790,
0x790,0x600a9,0x72,0x792,0x791,0x171,0x77f,0x50085,
0x59,0x793,0x782,0x15b,0x5008e,0x5f,0x794,0x772,
0x793,0x500c7,0x50,0x795,0x70b,0x14a,0x60052,0x84,
0x796,0x795,0x70a,0x3,0x200f9,0x775,0x200f8,0x775,
0x700f5,0x64,0x797,0x93,0x70e,0x78e,0x784,0x700f5,
0x84,0x798,0x70a,0x70e,0x796,0x784,0x700f5,0x5f,
0x799,0x772,0x70e,0x794,0x784,0x700f5,0x72,0x79a,
0x771,0x70e,0x792,0x784,0x500aa,0x64,0x79b,0x64b,
0x70,0x300f7,0x79c,0x0,0x400fa,0x79b,0x79d,0x79c,
0x200f8,0x79d,0x300f7,0x79e,0x0,0x300fb,0x56,0x79f,
0x200f8,0x79f,0x50051,0x59,0x7a0,0x173,0x2,0x500b6,
0x64,0x7a1,0x7a0,0x5e,0x300f7,0x7a2,0x0,0x400fa,
0x7a1,0x7a3,0x7a2,0x200f8,0x7a3,0x5008e,0x72,0x7a4,
0x16d,0xad,0x6000c,0x72,0x7a5,0x1,0x2,0x7a4,
0x4006e,0xb5,0x7a6,0x7a5,0x50051,0x59,0x7a7,0x79a,
0x0,0x6000c,0x59,0x7a8,0x1,0x6,0x7a7,0x4006e,
0x51,0x7a9,0x7a8,0x4006f,0x59,0x7aa,0x7a9,0x6000c,
0x59,0x7ab,0x1,0x4,0x7a7,0x50081,0x59,0x7ac,
0x7ab,0x9f,0x6000c,0x59,0x7ad,0x1,0x8,0x7ac,
0x50085,0x59,0x7ae,0x7aa,0x7ad,0x4006e,0x51,0x7af,
0x7ae,0x4007c,0x50,0x7b0,0x7af,0x500c4,0x50,0x7b1,
0x7b0,0x76,0x4007c,0x51,0x7b2,0x7b1,0x500c3,0x51,
0x7b3,0x7b2,0xb9,0x50051,0x59,0x7b4,0x79a,0x1,
0x6000c,0x59,0x7b5,0x1,0x6,0x7b4,0x4006e,0x51,
0x7b6,0x7b5,0x4006f,0x59,0x7b7,0x7b6,0x6000c,0x59,
0x7b8,0x1,0x4,0x7b4,0x50081,0x59,0x7b9,0x7b8,
0x9f,0x6000c,0x59,0x7ba,0x1,0x8,0x7b9,0x50085,
0x59,0x7bb,0x7b7,0x7ba,0x4006e,0x51,0x7bc,0x7bb,
0x4007c,0x50,0x7bd,0x7bc,0x500c4,0x50,0x7be,0x7bd,
0x76,0x4007c,0x51,0x7bf,0x7be,0x500c3,0x51,0x7c0,
0x7bf,0xb9,0x50051,0x59,0x7c1,0x79a,0x2,0x6000c,
0x59,0x7c2,0x1,0x6,0x7c1,0x4006e,0x51,0x7c3,
0x7c2,0x4006f,0x59,0x7c4,0x7c3,0x6000c,0x59,0x7c5,
0x1,0x4,0x7c1,0x50081,0x59,0x7c6,0x7c5,0x9f,
0x6000c,0x59,0x7c7,0x1,0x8,0x7c6,0x50085,0x59,
0x7c8,0x7c4,0x7c7,0x4006e,0x51,0x7c9,0x7c8,0x4007c,
0x50,0x7ca,0x7c9,0x500c4,0x50,0x7cb,0x7ca,0x76,
0x4007c,0x51,0x7cc,0x7cb,0x500c3,0x51,0x7cd,0x7cc,
0xb9,0x60050,0xb5,0x7ce,0x7b3,0x7c0,0x7cd,0x50084,
0xb5,0x7cf,0x7a6,0x7ce,0x500c3,0xb5,0x7d0,0x7cf,
0x124,0x50051,0x51,0x7d1,0x7d0,0x0,0x50051,0x51,
0x7d2,0x7d0,0x1,0x50080,0x51,0x7d3,0x7d1,0x7d2,
0x50051,0x51,0x7d4,0x7d0,0x2,0x50080,0x51,0x7d5,
0x7d3,0x7d4,0x4007c,0x50,0x7d6,0x7d5,0x500c4,0x50,
0x7d7,0x7d6,0x76,0x4007c,0x51,0x7d8,0x7d7,0x500c3,
0x51,0x7d9,0x7d8,0xb9,0x4006f,0x59,0x7da,0x7d9,
0x5008e,0x72,0x7db,0x16e,0xad,0x6000c,0x72,0x7dc,
0x1,0x2,0x7db,0x4006e,0xb5,0x7dd,0x7dc,0x50084,
0xb5,0x7de,0x7dd,0x7ce,0x500c3,0xb5,0x7df,0x7de,
0x124,0x50051,0x51,0x7e0,0x7df,0x0,0x50051,0x51,
0x7e1,0x7df,0x1,0x50080,0x51,0x7e2,0x7e0,0x7e1,
0x50051,0x51,0x7e3,0x7df,0x2,0x50080,0x51,0x7e4,
0x7e2,0x7e3,0x4007c,0x50,0x7e5,0x7e4,0x500c4,0x50,
0x7e6,0x7e5,0x76,0x4007c,0x51,0x7e7,0x7e6,0x500c3,
0x51,0x7e8,0x7e7,0xb9,0x4006f,0x59,0x7e9,0x7e8,
0x5008e,0x72,0x7ea,0x16f,0xad,0x6000c,0x72,0x7eb,
0x1,0x2,0x7ea,0x4006e,0xb5,0x7ec,0x7eb,0x50084,
0xb5,0x7ed,0x7ec,0x7ce,0x500c3,0xb5,0x7ee,0x7ed,
0x124,0x50051,0x51,0x7ef,0x7ee,0x0,0x50051,0x51,
0x7f0,0x7ee,0x1,0x50080,0x51,0x7f1,0x7ef,0x7f0,
0x50051,0x51,0x7f2,0x7ee,0x2,0x50080,0x51,0x7f3,
0x7f1,0x7f2,0x4007c,0x50,0x7f4,0x7f3,0x500c4,0x50,
0x7f5,0x7f4,0x76,0x4007c,0x51,0x7f6,0x7f5,0x500c3,
0x51,0x7f7,0x7f6,0xb9,0x4006f,0x59,0x7f8,0x7f7,
0x60050,0x72,0x7f9,0x7da,0x7e9,0x7f8,0x200f9,0x79e,
0x200f8,0x7a2,0x50094,0x59,0x7fa,0x16d,0x79a,0x50094,
0x59,0x7fb,0x16e,0x79a,0x50094,0x59,0x7fc,0x16f,
0x79a,0x60050,0x72,0x7fd,0x7fa,0x7fb,0x7fc,0x200f9,
0x79e,0x200f8,0x79e,0x700f5,0x72,0x7fe,0x7f9,0x7a3,
0x7fd,0x7a2,0x300f7,0x7ff,0x0,0x400fa,0x7a1,0x800,
0x801,0x200f8,0x801,0x50081,0x72,0x802,0x7fe,0x171,
0x200f9,0x7ff,0x200f8,0x800,0x50051,0x59,0x803,0x7fe,
0x0,0x4006e,0x51,0x804,0x803,0x50051,0x59,0x805,
0x171,0x0,0x6000c,0x59,0x806,0x1,0x6,0x805,
0x4006e,0x51,0x807,0x806,0x4006f,0x59,0x808,0x807,
0x6000c,0x59,0x809,0x1,0x4,0x805,0x50081,0x59,
0x80a,0x809,0x9f,0x6000c,0x59,0x80b,0x1,0x8,
0x80a,0x50085,0x59,0x80c,0x808,0x80b,0x4006e,0x51,
0x80d,0x80c,0x50080,0x51,0x80e,0x804,0x80d,0x4007c,
0x50,0x80f,0x80e,0x500c4,0x50,0x810,0x80f,0x76,
0x4007c,0x51,0x811,0x810,0x500c3,0x51,0x812,0x811,
0xb9,0x4006f,0x59,0x813,0x812,0x50051,0x59,0x814,
0x7fe,0x1,0x4006e,0x51,0x815,0x814,0x50051,0x59,
0x816,0x171,0x1,0x6000c,0x59,0x817,0x1,0x6,
0x816,0x4006e,0x51,0x818,0x817,0x4006f,0x59,0x819,
0x818,0x6000c,0x59,0x81a,0x1,0x4,0x816,0x50081,
0x59,0x81b,0x81a,0x9f,0x6000c,0x59,0x81c,0x1,
0x8,0x81b,0x50085,0x59,0x81d,0x819,0x81c,0x4006e,
0x51,0x81e,0x81d,0x50080,0x51,0x81f,0x815,0x81e,
0x4007c,0x50,0x820,0x81f,0x500c4,0x50,0x821,0x820,
0x76,0x4007c,0x51,0x822,0x821,0x500c3,0x51,0x823,
0x822,0xb9,0x4006f,0x59,0x824,0x823,0x50051,0x59,
0x825,0x7fe,0x2,0x4006e,0x51,0x826,0x825,0x50051,
0x59,0x827,0x171,0x2,0x6000c,0x59,0x828,0x1,
0x6,0x827,0x4006e,0x51,0x829,0x828,0x4006f,0x59,
0x82a,0x829,0x6000c,0x59,0x82b,0x1,0x4,0x827,
0x50081,0x59,0x82c,0x82b,0x9f,0x6000c,0x59,0x82d,
0x1,0x8,0x82c,0x50085,0x59,0x82e,0x82a,0x82d,
0x4006e,0x51,0x82f,0x82e,0x50080,0x51,0x830,0x826,
0x82f,0x4007c,0x50,0x831,0x830,0x500c4,0x50,0x832,
0x831,0x76,0x4007c,0x51,0x833,0x832,0x500c3,0x51,
0x834,0x833,0xb9,0x4006f,0x59,0x835,0x834,0x60050,
0x72,0x836,0x813,0x824,0x835,0x200f9,0x7ff,0x200f8,
0x7ff,0x700f5,0x72,0x837,0x836,0x800,0x802,0x801,
0x300f7,0x838,0x0,0x300fb,0x56,0x839,0x200f8,0x839,
0x300f7,0x83a,0x0,0x400fa,0x7a1,0x83b,0x83a,0x200f8,
0x83b,0x5008e,0x72,0x83c,0x16d,0xad,0x6000c,0x72,
0x83d,0x1,0x2,0x83c,0x4006e,0xb5,0x83e,0x83d,
0x50051,0x59,0x83f,0x172,0x0,0x6000c,0x59,0x840,
0x1,0x6,0x83f,0x4006e,0x51,0x841,0x840,0x4006f,
0x59,0x842,0x841,0x6000c,0x59,0x843,0x1,0x4,
0x83f,0x50081,0x59,0x844,0x843,0x9f,0x6000c,0x59,
0x845,0x1,0x8,0x844,0x50085,0x59,0x846,0x842,
0x845,0x4006e,0x51,0x847,0x846,0x4007c,0x50,0x848,
0x847,0x500c4,0x50,0x849,0x848,0x76,0x4007c,0x51,
0x84a,0x849,0x500c3,0x51,0x84b,0x84a,0xb9,0x50051,
0x59,0x84c,0x172,0x1,0x6000c,0x59,0x84d,0x1,
0x6,0x84c,0x4006e,0x51,0x84e,0x84d,0x4006f,0x59,
0x84f,0x84e,0x6000c,0x59,0x850,0x1,0x4,0x84c,
0x50081,0x59,0x851,0x850,0x9f,0x6000c,0x59,0x852,
0x1,0x8,0x851,0x50085,0x59,0x853,0x84f,0x852,
0x4006e,0x51,0x854,0x853,0x4007c,0x50,0x855,0x854,
0x500c4,0x50,0x856,0x855,0x76,0x4007c,0x51,0x857,
0x856,0x500c3,0x51,0x858,0x857,0xb9,0x50051,0x59,
0x859,0x172,0x2,0x6000c,0x59,0x85a,0x1,0x6,
0x859,0x4006e,0x51,0x85b,0x85a,0x4006f,0x59,0x85c,
0x85b,0x6000c,0x59,0x85d,0x1,0x4,0x859,0x50081,
0x59,0x85e,0x85d,0x9f,0x6000c,0x59,0x85f,0x1,
0x8,0x85e,0x50085,0x59,0x860,0x85c,0x85f,0x4006e,
0x51,0x861,0x860,0x4007c,0x50,0x862,0x861,0x500c4,
0x50,0x863,0x862,0x76,0x4007c,0x51,0x864,0x863,
0x500c3,0x51,0x865,0x864,0xb9,0x60050,0xb5,0x866,
0x84b,0x858,0x865,0x50084,0xb5,0x867,0x83e,0x866,
0x500c3,0xb5,0x868,0x867,0x124,0x50051,0x51,0x869,
0x868,0x0,0x50051,0x51,0x86a,0x868,0x1,0x50080,
0x51,0x86b,0x869,0x86a,0x50051,0x51,0x86c,0x868,
0x2,0x50080,0x51,0x86d,0x86b,0x86c,0x4007c,0x50,
0x86e,0x86d,0x500c4,0x50,0x86f,0x86e,0x76,0x4007c,
0x51,0x870,0x86f,0x500c3,0x51,0x871,0x870,0xb9,
0x4006f,0x59,0x872,0x871,0x5008e,0x72,0x873,0x16e,
0xad,0x6000c,0x72,0x874,0x1,0x2,0x873,0x4006e,
0xb5,0x875,0x874,0x50084,0xb5,0x876,0x875,0x866,
0x500c3,0xb5,0x877,0x876,0x124,0x50051,0x51,0x878,
0x877,0x0,0x50051,0x51,0x879,0x877,0x1,0x50080,
0x51,0x87a,0x878,0x879,0x50051,0x51,0x87b,0x877,
0x2,0x50080,0x51,0x87c,0x87a,0x87b,0x4007c,0x50,
0x87d,0x87c,0x500c4,0x50,0x87e,0x87d,0x76,0x4007c,
0x51,0x87f,0x87e,0x500c3,0x51,0x880,0x87f,0xb9,
0x4006f,0x59,0x881,0x880,0x5008e,0x72,0x882,0x16f,
0xad,0x6000c,0x72,0x883,0x1,0x2,0x882,0x4006e,
0xb5,0x884,0x883,0x50084,0xb5,0x885,0x884,0x866,
0x500c3,0xb5,0x886,0x885,0x124,0x50051,0x51,0x887,
0x886,0x0,0x50051,0x51,0x888,0x886,0x1,0x50080,
0x51,0x889,0x887,0x888,0x50051,0x51,0x88a,0x886,
0x2,0x50080,0x51,0x88b,0x889,0x88a,0x4007c,0x50,
0x88c,0x88b,0x500c4,0x50,0x88d,0x88c,0x76,0x4007c,
0x51,0x88e,0x88d,0x500c3,0x51,0x88f,0x88e,0xb9,
0x4006f,0x59,0x890,0x88f,0x60050,0x72,0x891,0x872,
0x881,0x890,0x200f9,0x838,0x200f8,0x83a,0x50094,0x59,
0x892,0x16d,0x172,0x50094,0x59,0x893,0x16e,0x172,
0x50094,0x59,0x894,0x16f,0x172,0x60050,0x72,0x895,
0x892,0x893,0x894,0x200f9,0x838,0x200f8,0x838,0x700f5,
0x72,0x896,0x891,0x83b,0x895,0x83a,0x50051,0x59,
0x897,0x896,0x1,0x6000c,0x59,0x898,0x1,0x4,
0x897,0x4007f,0x59,0x899,0x898,0x50051,0x59,0x89a,
0x896,0x0,0x6000c,0x59,0x89b,0x1,0x6,0x89a,
0x4006e,0x51,0x89c,0x89b,0x4006f,0x59,0x89d,0x89c,
0x6000c,0x59,0x89e,0x1,0x4,0x89a,0x50081,0x59,
0x89f,0x89e,0x9f,0x6000c,0x59,0x8a0,0x1,0x8,
0x89f,0x50085,0x59,0x8a1,0x89d,0x8a0,0x4006e,0x51,
0x8a2,0x8a1,0x6000c,0x59,0x8a3,0x1,0x6,0x899,
0x4006e,0x51,0x8a4,0x8a3,0x4006f,0x59,0x8a5,0x8a4,
0x6000c,0x59,0x8a6,0x1,0x4,0x899,0x50081,0x59,
0x8a7,0x8a6,0x9f,0x6000c,0x59,0x8a8,0x1,0x8,
0x8a7,0x50085,0x59,0x8a9,0x8a5,0x8a8,0x4006e,0x51,
0x8aa,0x8a9,0x50051,0x59,0x8ab,0x896,0x2,0x6000c,
0x59,0x8ac,0x1,0x6,0x8ab,0x4006e,0x51,0x8ad,
0x8ac,0x4006f,0x59,0x8ae,0x8ad,0x6000c,0x59,0x8af,
0x1,0x4,0x8ab,0x50081,0x59,0x8b0,0x8af,0x9f,
0x6000c,0x59,0x8b1,0x1,0x8,0x8b0,0x50085,0x59,
0x8b2,0x8ae,0x8b1,0x4006e,0x51,0x8b3,0x8b2,0x60050,
0xb5,0x8b4,0x8a2,0x8aa,0x8b3,0x50051,0x59,0x8b5,
0x173,0x0,0x4006e,0x51,0x8b6,0x8b5,0x60050,0xb5,
0x8b7,0x8b6,0x8b6,0x8b6,0x50084,0xb5,0x8b8,0x8b4,
0x8b7,0x500c3,0xb5,0x8b9,0x8b8,0xce,0x4006f,0x72,
0x8ba,0x8b9,0x50081,0x72,0x8bb,0x837,0x8ba,0x50085,
0x72,0x8bc,0x8bb,0x73,0x50051,0x59,0x8bd,0x173,
0x1,0x60050,0x72,0x8be,0x8bd,0x8bd,0x8bd,0x50088,
0x72,0x8bf,0x8bc,0x8be,0x200f9,0x79c,0x200f8,0x79c,
0x700f5,0x72,0x8c0,0x79a,0x775,0x8bf,0x838,0x60041,
0x143,0x8c1,0x24,0x52,0x52,0x4003d,0x7c,0x8c2,
0x8c1,0x60041,0x143,0x8c3,0x24,0x52,0x5b,0x4003d,
0x7c,0x8c4,0x8c3,0x60041,0x143,0x8c5,0x24,0x52,
0x6b,0x4003d,0x7c,0x8c6,0x8c5,0x70050,0x125,0x8c7,
0x8c2,0x8c4,0x8c6,0x118,0x50051,0x59,0x8c8,0x8c0,
0x0,0x50051,0x59,0x8c9,0x8c0,0x1,0x50051,0x59,
0x8ca,0x8c0,0x2,0x70050,0x7c,0x8cb,0x8c8,0x8c9,
0x8ca,0x6c,0x50090,0x7c,0x8cc,0x8cb,0x8c7,0x50051,
0x50,0x8cd,0x798,0x3,0x500c7,0x50,0x8ce,0x8cd,
0x6d,0x500ab,0x64,0x8cf,0x8ce,0x56,0x300f7,0x8d0,
0x0,0x400fa,0x8cf,0x8d1,0x8d0,0x200f8,0x8d1,0x50090,
0x7c,0x8d2,0xcf,0x8c7,0x8004f,0x72,0x8d3,0x8d2,
0x8d2,0x0,0x1,0x2,0x6000c,0x59,0x8d4,0x1,
0x42,0x8d3,0x50090,0x7c,0x8d5,0xc7,0x8c7,0x8004f,
0x72,0x8d6,0x8d5,0x8d5,0x0,0x1,0x2,0x6000c,
0x59,0x8d7,0x1,0x42,0x8d6,0x300f7,0x8d8,0x0,
0x400fa,0x79b,0x8d9,0x8d8,0x200f8,0x8d9,0x50051,0x59,
0x8da,0x173,0x1,0x50088,0x59,0x8db,0x8d4,0x8da,
0x50088,0x59,0x8dc,0x8d7,0x8da,0x200f9,0x8d8,0x200f8,
0x8d8,0x700f5,0x59,0x8dd,0x8d7,0x8d1,0x8dc,0x8d9,
0x700f5,0x59,0x8de,0x8d4,0x8d1,0x8db,0x8d9,0x50050,
0x5f,0x8df,0x8de,0x8dd,0x50085,0x5f,0x8e0,0x799,
0x8df,0x7004f,0x5f,0x8e1,0x8cc,0x8cc,0x0,0x1,
0x50081,0x5f,0x8e2,0x8e1,0x8e0,0x9004f,0x7c,0x8e3,
0x8cc,0x8e2,0x4,0x5,0x2,0x3,0x200f9,0x8d0,
0x200f8,0x8d0,0x700f5,0x7c,0x8e4,0x8cc,0x79c,0x8e3,
0x8d8,0x50041,0x142,0x8e5,0x24,0x5b,0x4003d,0x125,
0x8e6,0x8e5,0x50090,0x7c,0x8e7,0x8e4,0x8e6,0x500c7,
0x50,0x8e8,0x8cd,0xa8,0x500ab,0x64,0x8e9,0x8e8,
0x56,0x300f7,0x8ea,0x0,0x400fa,0x8e9,0x8eb,0x8ea,
0x200f8,0x8eb,0x50051,0x59,0x8ec,0x8e7,0x3,0x50085,
0x59,0x8ed,0x8ec,0xd0,0x50051,0x59,0x8ee,0x8e7,
0x2,0x50083,0x59,0x8ef,0x8ee,0x8ed,0x60052,0x7c,
0x8f0,0x8ef,0x8e7,0x2,0x200f9,0x8ea,0x200f8,0x8ea,
0x700f5,0x7c,0x8f1,0x8e7,0x8d0,0x8f0,0x8eb,0x500c7,
0x50,0x8f2,0x8cd,0xa9,0x500ab,0x64,0x8f3,0x8f2,
0x56,0x300f7,0x8f4,0x0,0x400fa,0x8f3,0x8f5,0x8f4,
0x200f8,0x8f5,0x50051,0x59,0x8f6,0x799,0x0,0x500b4,
0x64,0x8f7,0x8f6,0x5e,0x600a9,0x59,0x8f8,0x8f7,
0x6c,0x8f6,0x50051,0x59,0x8f9,0x708,0x0,0x50051,
0x59,0x8fa,0x708,0x1,0x60050,0x72,0x8fb,0x8f9,
0x8fa,0x8f8,0x200f9,0x8f4,0x200f8,0x8f4,0x700f5,0x72,
0x8fc,0x8c0,0x8ea,0x8fb,0x8f5,0x600a9,0x51,0x8fd,
0x797,0x5b,0x52,0x4007c,0x50,0x8fe,0x8fd,0x500c7,
0x50,0x8ff,0x8cd,0xd2,0x500aa,0x64,0x900,0x8ff,
0xd2,0x300f7,0x901,0x0,0x400fa,0x900,0x902,0x901,
0x200f8,0x902,0x50051,0x59,0x903,0x16e,0x0,0x4006d,
0x50,0x904,0x903,0x50051,0x59,0x905,0x16d,0x0,
0x50051,0x59,0x906,0x16d,0x1,0x50051,0x59,0x907,
0x16d,0x2,0x4006d,0x50,0x908,0x905,0x4006d,0x50,
0x909,0x906,0x4006d,0x50,0x90a,0x907,0x70050,0x84,
0x90b,0x908,0x909,0x90a,0x904,0x50051,0x59,0x90c,
0x16e,0x1,0x50051,0x59,0x90d,0x16e,0x2,0x4006d,
0x50,0x90e,0x90c,0x4006d,0x50,0x90f,0x90d,0x50051,
0x59,0x910,0x16f,0x0,0x50051,0x59,0x911,0x16f,
0x1,0x4006d,0x50,0x912,0x910,0x4006d,0x50,0x913,
0x911,0x70050,0x84,0x914,0x90e,0x90f,0x912,0x913,
0x50051,0x59,0x915,0x16f,0x2,0x4006d,0x50,0x916,
0x915,0x50051,0x59,0x917,0x171,0x0,0x50051,0x59,
0x918,0x171,0x1,0x50051,0x59,0x919,0x171,0x2,
0x4006d,0x50,0x91a,0x917,0x4006d,0x50,0x91b,0x918,
0x4006d,0x50,0x91c,0x919,0x70050,0x84,0x91d,0x916,
0x91a,0x91b,0x91c,0x50051,0x59,0x91e,0x173,0x0,
0x4006d,0x50,0x91f,0x91e,0x50051,0x59,0x920,0x172,
0x0,0x50051,0x59,0x921,0x172,0x1,0x50051,0x59,
0x922,0x172,0x2,0x4006d,0x50,0x923,0x920,0x4006d,
0x50,0x924,0x921,0x4006d,0x50,0x925,0x922,0x70050,
0x84,0x926,0x923,0x924,0x925,0x91f,0x200f9,0x901,
0x200f8,0x901,0x700f5,0x84,0x927,0x85,0x8f4,0x90b,
0x902,0x700f5,0x84,0x928,0x85,0x8f4,0x914,0x902,
0x700f5,0x84,0x929,0x85,0x8f4,0x91d,0x902,0x700f5,
0x84,0x92a,0x85,0x8f4,0x926,0x902,0x500aa,0x64,
0x92b,0x64b,0x53,0x300f7,0x92c,0x0,0x400fa,0x92b,
0x92d,0x92c,0x200f8,0x92d,0x50051,0x59,0x92e,0x16d,
0x0,0x50051,0x59,0x92f,0x16d,0x1,0x50051,0x59,
0x930,0x16d,0x2,0x70050,0x7c,0x931,0x92e,0x92f,
0x930,0x6c,0x50090,0x7c,0x932,0x931,0x8c7,0x8004f,
0x72,0x933,0x932,0x932,0x0,0x1,0x2,0x50051,
0x59,0x934,0x16e,0x0,0x50051,0x59,0x935,0x16e,
0x1,0x50051,0x59,0x936,0x16e,0x2,0x70050,0x7c,
0x937,0x934,0x935,0x936,0x6c,0x50090,0x7c,0x938,
0x937,0x8c7,0x8004f,0x72,0x939,0x938,0x938,0x0,
0x1,0x2,0x50051,0x59,0x93a,0x16f,0x0,0x50051,
0x59,0x93b,0x16f,0x1,0x50051,0x59,0x93c,0x16f,
0x2,0x70050,0x7c,0x93d,0x93a,0x93b,0x93c,0x6c,
0x50090,0x7c,0x93e,0x93d,0x8c7,0x8004f,0x72,0x93f,
0x93e,0x93e,0x0,0x1,0x2,0x50051,0x59,0x940,
0x932,0x0,0x50051,0x59,0x941,0x938,0x1,0x50051,
0x59,0x942,0x93e,0x2,0x50085,0x59,0x34,0x941,
0x942,0x50051,0x59,0x943,0x938,0x2,0x50051,0x59,
0x944,0x93e,0x1,0x50085,0x59,0x35,0x943,0x944,
0x50083,0x59,0x36,0x34,0x35,0x50085,0x59,0x37,
0x940,0x36,0x50051,0x59,0x945,0x932,0x1,0x50051,
0x59,0x946,0x938,0x0,0x50085,0x59,0x38,0x946,
0x942,0x50051,0x59,0x947,0x93e,0x0,0x50085,0x59,
0x39,0x943,0x947,0x50083,0x59,0x3a,0x38,0x39,
0x50085,0x59,0x3b,0x945,0x3a,0x50083,0x59,0x3c,
0x37,0x3b,0x50051,0x59,0x948,0x932,0x2,0x50085,
0x59,0x3d,0x946,0x944,0x50085,0x59,0x3e,0x941,
0x947,0x50083,0x59,0x3f,0x3d,0x3e,0x50085,0x59,
0x40,0x948,0x3f,0x50081,0x59,0x41,0x3c,0x40,
0x6000c,0x72,0x949,0x1,0x4,0x933,0x6000c,0x72,
0x94a,0x1,0x4,0x939,0x7000c,0x72,0x94b,0x1,
0x50,0x949,0x94a,0x6000c,0x72,0x94c,0x1,0x4,
0x93f,0x7000c,0x72,0x94d,0x1,0x50,0x94b,0x94c,
0x50051,0x59,0x94e,0x94d,0x0,0x50051,0x59,0x94f,
0x94d,0x1,0x7000c,0x59,0x950,0x1,0x50,0x94e,
0x94f,0x50051,0x59,0x951,0x94d,0x2,0x7000c,0x59,
0x952,0x1,0x50,0x951,0x6c,0x7000c,0x59,0x953,
0x1,0x50,0x950,0x952,0x50085,0x59,0x954,0x953,
0x953,0x50085,0x59,0x955,0x954,0x953,0x50085,0x59,
0x956,0x955,0x11e,0x500bc,0x64,0x957,0x41,0x956,
0x600a9,0x50,0x958,0x957,0x53,0x56,0x200f9,0x92c,
0x200f8,0x92c,0x700f5,0x50,0x959,0x8fe,0x901,0x958,
0x92d,0x500ab,0x64,0x95a,0x64c,0x56,0x300f7,0x95b,
0x0,0x400fa,0x95a,0x95c,0x95b,0x200f8,0x95c,0x50051,
0x59,0x95d,0x171,0x0,0x50051,0x59,0x95e,0x171,
0x1,0x50051,0x59,0x95f,0x171,0x2,0x70050,0x7c,
0x960,0x95d,0x95e,0x95f,0x6c,0x50090,0x7c,0x961,
0x960,0x8c7,0x8004f,0x72,0x962,0x961,0x961,0x0,
0x1,0x2,0x50051,0x59,0x963,0x172,0x0,0x50051,
0x59,0x964,0x172,0x1,0x50051,0x59,0x965,0x172,
0x2,0x70050,0x7c,0x966,0x963,0x964,0x965,0x6c,
0x50090,0x7c,0x967,0x966,0x8c7,0x8004f,0x72,0x968,
0x967,0x967,0x0,0x1,0x2,0x50051,0x59,0x969,
0x173,0x0,0x50051,0x59,0x96a,0x173,0x1,0x50051,
0x59,0x96b,0x173,0x2,0x70050,0x7c,0x96c,0x969,
0x96a,0x96b,0x6c,0x50090,0x7c,0x96d,0x96c,0x8c7,
0x8004f,0x72,0x96e,0x96d,0x96d,0x0,0x1,0x2,
0x50051,0x59,0x96f,0x961,0x0,0x50051,0x59,0x970,
0x967,0x1,0x50051,0x59,0x971,0x96d,0x2,0x50085,
0x59,0x42,0x970,0x971,0x50051,0x59,0x972,0x967,
0x2,0x50051,0x59,0x973,0x96d,0x1,0x50085,0x59,
0x43,0x972,0x973,0x50083,0x59,0x44,0x42,0x43,
0x50085,0x59,0x45,0x96f,0x44,0x50051,0x59,0x974,
0x961,0x1,0x50051,0x59,0x975,0x967,0x0,0x50085,
0x59,0x46,0x975,0x971,0x50051,0x59,0x976,0x96d,
0x0,0x50085,0x59,0x47,0x972,0x976,0x50083,0x59,
0x48,0x46,0x47,0x50085,0x59,0x49,0x974,0x48,
0x50083,0x59,0x4a,0x45,0x49,0x50051,0x59,0x977,
0x961,0x2,0x50085,0x59,0x4b,0x975,0x973,0x50085,
0x59,0x4c,0x970,0x976,0x50083,0x59,0x4d,0x4b,
0x4c,0x50085,0x59,0x4e,0x977,0x4d,0x50081,0x59,
0x4f,0x4a,0x4e,0x6000c,0x72,0x978,0x1,0x4,
0x962,0x6000c,0x72,0x979,0x1,0x4,0x968,0x7000c,
0x72,0x97a,0x1,0x50,0x978,0x979,0x6000c,0x72,
0x97b,0x1,0x4,0x96e,0x7000c,0x72,0x97c,0x1,
0x50,0x97a,0x97b,0x50051,0x59,0x97d,0x97c,0x0,
0x50051,0x59,0x97e,0x97c,0x1,0x7000c,0x59,0x97f,
0x1,0x50,0x97d,0x97e,0x50051,0x59,0x980,0x97c,
0x2,0x7000c,0x59,0x981,0x1,0x50,0x980,0x6c,
0x7000c,0x59,0x982,0x1,0x50,0x97f,0x981,0x50085,
0x59,0x983,0x982,0x982,0x50085,0x59,0x984,0x983,
0x982,0x50085,0x59,0x985,0x984,0x11e,0x500bc,0x64,
0x986,0x4f,0x985,0x600a9,0x50,0x987,0x986,0x53,
0x56,0x500c7,0x50,0x988,0x959,0x987,0x200f9,0x95b,
0x200f8,0x95b,0x700f5,0x50,0x989,0x959,0x92c,0x988,
0x95c,0x500c7,0x50,0x98a,0x989,0x770,0x500c7,0x50,
0x98b,0x70b,0x6f,0x500ab,0x64,0x98c,0x98b,0x56,
0x300f7,0x98d,0x2,0x400fa,0x98c,0x98e,0x98d,0x200f8,
0x98e,0x50051,0x50,0x98f,0x70a,0x0,0x50080,0x50,
0x990,0x98f,0x75,0x60041,0x13c,0x991,0x26,0x52,
0x990,0x4003d,0x50,0x992,0x991,0x500c7,0x50,0x993,
0x992,0x97,0x500ab,0x64,0x994,0x993,0x56,0x300f7,
0x995,0x0,0x400fa,0x994,0x996,0x995,0x200f8,0x996,
0x4003d,0x50,0x997,0x991,0x500c7,0x50,0x998,0x997,
0x62,0x500ab,0x64,0x999,0x998,0x56,0x500c7,0x50,
0x99a,0x997,0xbd,0x500ab,0x64,0x99b,0x99a,0x56,
0x300f7,0x99c,0x0,0x400fa,0x999,0x99d,0x99e,0x200f8,
0x99e,0x600a9,0x59,0x99f,0x99b,0xbf,0xc0,0x200f9,
0x99c,0x200f8,0x99d,0x200f9,0x99c,0x200f8,0x99c,0x700f5,
0x59,0x9a0,0xbe,0x99d,0x99f,0x99e,0x300f7,0x9a1,
0x0,0x400fa,0x999,0x9a2,0x9a3,0x200f8,0x9a3,0x600a9,
0x59,0x9a4,0x99b,0xc2,0xb1,0x200f9,0x9a1,0x200f8,
0x9a2,0x200f9,0x9a1,0x200f8,0x9a1,0x700f5,0x59,0x9a5,
0xc1,0x9a2,0x9a4,0x9a3,0x200f9,0x9a6,0x200f8,0x9a6,
0x700f5,0x72,0x9a7,0xd1,0x9a1,0x9a8,0x9a9,0x700f5,
0x72,0x9aa,0x91,0x9a1,0x9ab,0x9a9,0x700f5,0x50,
0x9ac,0x56,0x9a1,0x9ad,0x9a9,0x500b0,0x64,0x9ae,
0x9ac,0x6f,0x400f6,0x9af,0x9a9,0x1,0x400fa,0x9ae,
0x9b0,0x9af,0x200f8,0x9b0,0x50084,0x50,0x9b1,0x9ac,
0xc4,0x50080,0x50,0x9b2,0xc3,0x9b1,0x40070,0x59,
0x9b3,0x9b2,0x50089,0x50,0x9b4,0x9ac,0x61,0x40070,
0x59,0x9b5,0x9b4,0x50085,0x59,0x9b6,0xc6,0x9b5,
0x50081,0x59,0x9b7,0xc5,0x9b6,0x50085,0x59,0x9b8,
0x9a5,0x9b7,0x50081,0x59,0x9b9,0x9a0,0x9b8,0x50050,
0x5f,0x9ba,0x9b3,0x9b9,0x300f7,0x9bb,0x0,0x300fb,
0x56,0x9bc,0x200f8,0x9bc,0x50051,0x50,0x9bd,0x798,
0x0,0x50080,0x50,0x9be,0x9bd,0x70,0x60041,0x13c,
0x9bf,0x26,0x52,0x9be,0x4003d,0x50,0x9c0,0x9bf,
0x50080,0x50,0x9c1,0x9bd,0x79,0x60041,0x13c,0x9c2,
0x26,0x52,0x9c1,0x4003d,0x50,0x9c3,0x9c2,0x50080,
0x50,0x9c4,0x9bd,0x6f,0x60041,0x13c,0x9c5,0x26,
0x52,0x9c4,0x4003d,0x50,0x9c6,0x9c5,0x500ab,0x64,
0x9c7,0x9c6,0x56,0x600a9,0x51,0x9c8,0x9c7,0xb9,
0x63,0x4007c,0x50,0x9c9,0x9c8,0x6000c,0x5f,0x9ca,
0x1,0x8,0x9ba,0x4006e,0x141,0x9cb,0x9ca,0x50080,
0x50,0x9cc,0x9bd,0x75,0x60041,0x13c,0x9cd,0x26,
0x52,0x9cc,0x4003d,0x50,0x9ce,0x9cd,0x500c7,0x50,
0x9cf,0x9ce,0x55,0x500ab,0x64,0x9d0,0x9cf,0x56,
0x300f7,0x9d1,0x0,0x400fa,0x9d0,0x9d2,0x9d1,0x200f8,
0x9d2,0x500c7,0x50,0x9d3,0x9c0,0x70,0x500ab,0x64,
0x9d4,0x9d3,0x56,0x600a9,0x51,0x9d5,0x9d4,0xd4,
0xd5,0x4007c,0x50,0x9d6,0x9d5,0x50084,0x50,0x9d7,
0x9d6,0x9c9,0x50082,0x50,0x9d8,0x9d7,0x53,0x40070,
0x59,0x9d9,0x9d8,0x50080,0x50,0x9da,0x9bd,0x6d,
0x60041,0x13c,0x9db,0x26,0x52,0x9da,0x4003d,0x50,
0x9dc,0x9db,0x4007c,0x51,0x9dd,0x9dc,0x4006f,0x59,
0x9de,0x9dd,0x50083,0x59,0x9df,0x9d9,0x9de,0x7000c,
0x59,0x9e0,0x1,0x50,0xd6,0x9df,0x8000c,0x59,
0x9e1,0x1,0x2b,0xd3,0x5e,0x9e0,0x50050,0x5f,
0x9e2,0x15c,0x9e1,0x6000c,0x5f,0x9e3,0x1,0x8,
0x9e2,0x4006e,0x141,0x9e4,0x9e3,0x200f9,0x9d1,0x200f8,
0x9d1,0x700f5,0x141,0x9e5,0x9cb,0x9bc,0x9e4,0x9d2,
0x4003d,0x50,0x9e6,0x9cd,0x500c7,0x50,0x9e7,0x9e6,
0x8f,0x500ab,0x64,0x9e8,0x9e7,0x56,0x300f7,0x9e9,
0x0,0x400fa,0x9e8,0x9ea,0x9e9,0x200f8,0x9ea,0x6000c,
0x5f,0x9eb,0x1,0x8,0x15f,0x4006e,0x141,0x9ec,
0x9eb,0x200f9,0x9e9,0x200f8,0x9e9,0x700f5,0x141,0x9ed,
0x9e5,0x9d1,0x9ec,0x9ea,0x50051,0x51,0x9ee,0x9ed,
0x1,0x50051,0x51,0x9ef,0x9ed,0x0,0x4003d,0x50,
0x9f0,0x9cd,0x500c7,0x50,0x9f1,0x9f0,0x76,0x500ab,
0x64,0x9f2,0x9f1,0x56,0x300f7,0x9f3,0x0,0x400fa,
0x9f2,0x9f4,0x9f3,0x200f8,0x9f4,0x500af,0x64,0x9f5,
0x9ee,0x52,0x300f7,0x9f6,0x0,0x400fa,0x9f5,0x9f7,
0x9f6,0x200f8,0x9f7,0x500af,0x64,0x9f8,0x9ee,0xd8,
0x200f9,0x9f6,0x200f8,0x9f6,0x700f5,0x64,0x9f9,0x93,
0x9f4,0x9f8,0x9f7,0x200f9,0x9f3,0x200f8,0x9f3,0x700f5,
0x64,0x9fa,0x65,0x9e9,0x9f9,0x9f6,0x300f7,0x9fb,
0x0,0x400fa,0x9fa,0x9fc,0x9fb,0x200f8,0x9fc,0x200f9,
0x9bb,0x200f8,0x9fb,0x50080,0x50,0x9fd,0x9bd,0x77,
0x60041,0x13c,0x9fe,0x26,0x52,0x9fd,0x4003d,0x50,
0x9ff,0x9fe,0x500ab,0x64,0xa00,0x9ff,0x56,0x300f7,
0xa01,0x0,0x400fa,0xa00,0xa02,0xa01,0x200f8,0xa02,
0x500af,0x64,0xa03,0x9ef,0x52,0x300f7,0xa04,0x0,
0x400fa,0xa03,0xa05,0xa04,0x200f8,0xa05,0x500af,0x64,
0xa06,0x9ef,0xda,0x200f9,0xa04,0x200f8,0xa04,0x700f5,
0x64,0xa07,0x93,0xa02,0xa06,0xa05,0x200f9,0xa01,
0x200f8,0xa01,0x700f5,0x64,0xa08,0x65,0x9fb,0xa07,
0xa04,0x300f7,0xa09,0x0,0x400fa,0xa08,0xa0a,0xa09,
0x200f8,0xa0a,0x4003d,0x50,0xa0b,0x9fe,0x50080,0x50,
0xa0c,0x9bd,0xa0b,0x50080,0x50,0xa0d,0x75,0xa0c,
0x60041,0x13c,0xa0e,0x26,0x52,0xa0d,0x4003d,0x50,
0xa0f,0xa0e,0x50080,0x50,0xa10,0x9bd,0x99,0x60041,
0x13c,0xa11,0x26,0x52,0xa10,0x4003d,0x50,0xa12,
0xa11,0x50082,0x50,0xa13,0x75,0xa12,0x500c7,0x50,
0xa14,0xa0f,0x78,0x500c2,0x50,0xa15,0xa0f,0x6f,
0x500c7,0x50,0xa16,0xa15,0x78,0x500c2,0x50,0xa17,
0xa0f,0x76,0x500c7,0x50,0xa18,0xa17,0x78,0x60050,
0x11f,0xa19,0xa14,0xa16,0xa18,0x60050,0x11f,0xa1a,
0xa13,0xa13,0xa13,0x50084,0x11f,0xa1b,0xa19,0xa1a,
0x50086,0x11f,0xa1c,0xa1b,0x120,0x500c2,0x50,0xa1d,
0xa0f,0x7b,0x40070,0x59,0xa1e,0xa1d,0x50051,0x50,
0xa1f,0xa1c,0x0,0x50051,0x50,0xa20,0xa1c,0x1,
0x50051,0x50,0xa21,0xa1c,0x2,0x40070,0x59,0xa22,
0xa1f,0x40070,0x59,0xa23,0xa20,0x40070,0x59,0xa24,
0xa21,0x70050,0x7c,0xa25,0xa22,0xa23,0xa24,0xa1e,
0x50085,0x7c,0xa26,0xa25,0x153,0x500c7,0x50,0xa27,
0x8cd,0x70,0x500ab,0x64,0xa28,0xa27,0x56,0x300f7,
0xa29,0x0,0x400fa,0xa28,0xa2a,0xa29,0x200f8,0xa2a,
0x8004f,0x72,0xa2b,0xa26,0xa26,0x0,0x1,0x2,
0x500bc,0x13e,0xa2c,0xa2b,0x7e,0x50085,0x72,0xa2d,
0xa2b,0x155,0x50081,0x72,0xa2e,0xa2b,0x80,0x50085,
0x72,0xa2f,0xa2e,0x157,0x7000c,0x72,0xa30,0x1,
0x1a,0xa2f,0x82,0x600a9,0x72,0xa31,0xa2c,0xa2d,
0xa30,0x9004f,0x7c,0xa32,0xa26,0xa31,0x4,0x5,
0x6,0x3,0x200f9,0xa29,0x200f8,0xa29,0x700f5,0x7c,
0xa33,0xa26,0xa0a,0xa32,0xa2a,0x200f9,0x9bb,0x200f8,
0xa09,0x50080,0x50,0xa34,0x9bd,0x92,0x60041,0x13c,
0xa35,0x26,0x52,0xa34,0x4003d,0x50,0xa36,0xa35,
0x4007c,0x51,0xa37,0xa36,0x500ad,0x64,0xa38,0xa37,
0x5b,0x300f7,0xa39,0x0,0x400fa,0xa38,0xa3a,0xa39,
0x200f8,0xa3a,0x50050,0x141,0xa3b,0xa37,0xa37,0x5008a,
0x141,0xa3c,0x9ed,0xa3b,0x50080,0x141,0xa3d,0xa3c,
0xa3b,0x5008a,0x141,0xa3e,0xa3d,0xa3b,0x50082,0x141,
0xa3f,0x9ed,0xa3e,0x200f9,0xa39,0x200f8,0xa39,0x700f5,
0x141,0xa40,0x9ed,0xa09,0xa3f,0xa3a,0x50080,0x50,
0xa41,0x9bd,0x61,0x60041,0x13c,0xa42,0x26,0x52,
0xa41,0x4003d,0x50,0xa43,0xa42,0x4007c,0x51,0xa44,
0xa43,0x50080,0x50,0xa45,0x9bd,0x6d,0x60041,0x13c,
0xa46,0x26,0x52,0xa45,0x4003d,0x50,0xa47,0xa46,
0x4007c,0x51,0xa48,0xa47,0x50050,0x141,0xa49,0xa44,
0xa48,0x50080,0x50,0xa4a,0x9bd,0x8d,0x60041,0x13c,
0xa4b,0x26,0x52,0xa4a,0x4003d,0x50,0xa4c,0xa4b,
0x500c7,0x50,0xa4d,0xa4c,0x53,0x500ab,0x64,0xa4e,
0xa4d,0x56,0x300f7,0xa4f,0x0,0x400fa,0xa4e,0xa50,
0xa4f,0x200f8,0xa50,0x50051,0x51,0xa51,0xa40,0x1,
0x500af,0x64,0xa52,0xa51,0x52,0x200f9,0xa4f,0x200f8,
0xa4f,0x700f5,0x64,0xa53,0x65,0xa39,0xa52,0xa50,
0x300f7,0xa54,0x0,0x400fa,0xa53,0xa55,0xa54,0x200f8,
0xa55,0x50051,0x51,0xa56,0xa40,0x1,0x500b1,0x64,
0xa57,0xa56,0xd8,0x200f9,0xa54,0x200f8,0xa54,0x700f5,
0x64,0xa58,0x65,0xa4f,0xa57,0xa55,0x300f7,0xa59,
0x0,0x400fa,0xa58,0xa5a,0xa59,0x200f8,0xa5a,0x50080,
0x50,0xa5b,0x9bd,0x150,0x50051,0x51,0xa5c,0xa40,
0x1,0x4007c,0x50,0xa5d,0xa5c,0x50080,0x50,0xa5e,
0xa5b,0xa5d,0x60041,0x13c,0xa5f,0x26,0x52,0xa5e,
0x4003d,0x50,0xa60,0xa5f,0x4007c,0x51,0xa61,0xa60,
0x60052,0x141,0xa62,0xa61,0xa49,0x0,0x200f9,0xa59,
0x200f8,0xa59,0x700f5,0x141,0xa63,0xa49,0xa54,0xa62,
0xa5a,0x500c7,0x50,0xa64,0xa4c,0x70,0x500ab,0x64,
0xa65,0xa64,0x56,0x300f7,0xa66,0x0,0x400fa,0xa65,
0xa67,0xa66,0x200f8,0xa67,0x50080,0x50,0xa68,0x9bd,
0x15d,0x50051,0x51,0xa69,0xa40,0x1,0x8000c,0x51,
0xa6a,0x1,0x2d,0xa69,0x52,0xdb,0x4007c,0x50,
0xa6b,0xa6a,0x50080,0x50,0xa6c,0xa68,0xa6b,0x60041,
0x13c,0xa6d,0x26,0x52,0xa6c,0x4003d,0x50,0xa6e,
0xa6d,0x4007c,0x51,0xa6f,0xa6e,0x60052,0x141,0xa70,
0xa6f,0xa63,0x1,0x200f9,0xa66,0x200f8,0xa66,0x700f5,
0x141,0xa71,0xa63,0xa59,0xa70,0xa67,0x50080,0x50,
0xa72,0x9bd,0x8e,0x60041,0x13c,0xa73,0x26,0x52,
0xa72,0x4003d,0x50,0xa74,0xa73,0x500ab,0x64,0xa75,
0xa74,0x56,0x300f7,0xa76,0x0,0x400fa,0xa75,0xa77,
0xa76,0x200f8,0xa77,0x50051,0x51,0xa78,0xa40,0x0,
0x4003d,0x50,0xa79,0xa42,0x4007c,0x51,0xa7a,0xa79,
0x500c7,0x51,0xa7b,0xa7a,0x9a,0x50080,0x51,0xa7c,
0xa78,0xa7b,0x50051,0x51,0xa7d,0xa71,0x1,0x300f7,
0xa7e,0x0,0x300fb,0x56,0xa7f,0x200f8,0xa7f,0x500af,
0x64,0xa80,0xa7c,0x52,0x300f7,0xa81,0x0,0x400fa,
0xa80,0xa82,0xa83,0x200f8,0xa83,0x50082,0x51,0xa84,
0x9a,0xa7c,0x50087,0x51,0xa85,0xa84,0x15e,0x200f9,
0xa81,0x200f8,0xa82,0x50087,0x51,0xa86,0xa7c,0x63,
0x200f9,0xa81,0x200f8,0xa81,0x700f5,0x51,0xa87,0xa86,
0xa82,0xa85,0xa83,0x500af,0x64,0xa88,0xa87,0x5b,
0x300f7,0xa89,0x0,0x400fa,0xa88,0xa8a,0xa89,0x200f8,
0xa8a,0x500b3,0x64,0xa8b,0xa87,0xd5,0x200f9,0xa89,
0x200f8,0xa89,0x700f5,0x64,0xa8c,0x65,0xa81,0xa8b,
0xa8a,0x300f7,0xa8d,0x0,0x400fa,0xa8c,0xa8e,0xa8d,
0x200f8,0xa8e,0x50082,0x51,0xa8f,0xa87,0x5b,0x4007c,
0x50,0xa90,0xa8f,0x50080,0x50,0xa91,0x119,0xa90,
0x50084,0x50,0xa92,0xa91,0x70,0x500c7,0x50,0xa93,
0xa92,0xc8,0x50080,0x50,0xa94,0x9bd,0x57,0x500c2,
0x50,0xa95,0xa93,0x70,0x50080,0x50,0xa96,0xa94,
0xa95,0x60041,0x13c,0xa97,0x26,0x52,0xa96,0x4003d,
0x50,0xa98,0xa97,0x500c7,0x50,0xa99,0xa92,0x61,
0x50084,0x50,0xa9a,0xa99,0x6f,0x500c7,0x50,0xa9b,
0xa9a,0x7a,0x500c2,0x50,0xa9c,0xa98,0xa9b,0x500c7,
0x50,0xa9d,0xa9c,0x78,0x50080,0x50,0xa9e,0xa92,
0x53,0x500c7,0x50,0xa9f,0xa9e,0xc8,0x500c2,0x50,
0xaa0,0xa9f,0x70,0x50080,0x50,0xaa1,0xa94,0xaa0,
0x60041,0x13c,0xaa2,0x26,0x52,0xaa1,0x4003d,0x50,
0xaa3,0xaa2,0x500c7,0x50,0xaa4,0xa9e,0x61,0x50084,
0x50,0xaa5,0xaa4,0x6f,0x500c7,0x50,0xaa6,0xaa5,
0x7a,0x500c2,0x50,0xaa7,0xaa3,0xaa6,0x500c7,0x50,
0xaa8,0xaa7,0x78,0x500c4,0x50,0xaa9,0xaa8,0x6f,
0x500c5,0x50,0xaaa,0xa9d,0xaa9,0x500c7,0x50,0xaab,
0xaaa,0x58,0x500ab,0x64,0xaac,0xaab,0x56,0x300f7,
0xaad,0x0,0x400fa,0xaac,0xaae,0xaaf,0x200f8,0xaaf,
0x200f9,0xaad,0x200f8,0xaae,0x500c7,0x50,0xab0,0xaaa,
0x11a,0x4007c,0x51,0xab1,0xab0,0x200f9,0xaad,0x200f8,
0xaad,0x700f5,0x51,0xab2,0xab1,0xaae,0xa7d,0xaaf,
0x200f9,0xa7e,0x200f8,0xa8d,0x200f9,0xab3,0x200f8,0xab3,
0x700f5,0x51,0xab4,0x121,0xa8d,0xab5,0xab6,0x700f5,
0x51,0xab7,0x121,0xa8d,0xab8,0xab6,0x700f5,0x51,
0xab9,0x52,0xa8d,0xaba,0xab6,0x500b1,0x64,0xabb,
0xab9,0xd5,0x400f6,0xabc,0xab6,0x0,0x400fa,0xabb,
0xabd,0xabc,0x200f8,0xabd,0x4007c,0x50,0xabe,0xab9,
0x50080,0x50,0xabf,0x119,0xabe,0x50084,0x50,0xac0,
0xabf,0x70,0x500c7,0x50,0xac1,0xac0,0xc8,0x50080,
0x50,0xac2,0x9bd,0x57,0x500c2,0x50,0xac3,0xac1,
0x70,0x50080,0x50,0xac4,0xac2,0xac3,0x60041,0x13c,
0xac5,0x26,0x52,0xac4,0x4003d,0x50,0xac6,0xac5,
0x500c7,0x50,0xac7,0xac0,0x61,0x50084,0x50,0xac8,
0xac7,0x6f,0x500c7,0x50,0xac9,0xac8,0x7a,0x500c2,
0x50,0xaca,0xac6,0xac9,0x500c7,0x50,0xacb,0xaca,
0x78,0x50080,0x50,0xacc,0xac0,0x53,0x500c7,0x50,
0xacd,0xacc,0xc8,0x500c2,0x50,0xace,0xacd,0x70,
0x50080,0x50,0xacf,0xac2,0xace,0x60041,0x13c,0xad0,
0x26,0x52,0xacf,0x4003d,0x50,0xad1,0xad0,0x500c7,
0x50,0xad2,0xacc,0x61,0x50084,0x50,0xad3,0xad2,
0x6f,0x500c7,0x50,0xad4,0xad3,0x7a,0x500c2,0x50,
0xad5,0xad1,0xad4,0x500c7,0x50,0xad6,0xad5,0x78,
0x500c4,0x50,0xad7,0xad6,0x6f,0x500c5,0x50,0xad8,
0xacb,0xad7,0x50041,0x136,0xad9,0x165,0xab9,0x3003e,
0xad9,0xad8,0x4003d,0x50,0xada,0xad9,0x500c7,0x50,
0xadb,0xada,0x58,0x500ab,0x64,0xadc,0xadb,0x56,
0x300f7,0xadd,0x0,0x400fa,0xadc,0xade,0xadd,0x200f8,
0xade,0x500b1,0x64,0xadf,0xab7,0x52,0x600a9,0x51,
0xae0,0xadf,0xab9,0xab7,0x200f9,0xadd,0x200f8,0xadd,
0x700f5,0x51,0xab8,0xab7,0xabd,0xae0,0xade,0x600a9,
0x51,0xab5,0xadc,0xab9,0xab4,0x200f9,0xab6,0x200f8,
0xab6,0x50080,0x51,0xaba,0xab9,0x5b,0x200f9,0xab3,
0x200f8,0xabc,0x500b3,0x64,0xae1,0xa87,0x52,0x600a9,
0x51,0xae2,0xae1,0x52,0xb8,0x50041,0x136,0xae3,
0x165,0xae2,0x4003d,0x50,0xae4,0xae3,0x500c7,0x50,
0xae5,0xae4,0x58,0x500aa,0x64,0xae6,0xae5,0x56,
0x300f7,0xae7,0x0,0x400fa,0xae6,0xae8,0xae7,0x200f8,
0xae8,0x200f9,0xa7e,0x200f8,0xae7,0x500af,0x64,0xae9,
0xab7,0x52,0x300f7,0xaea,0x0,0x400fa,0xae9,0xaeb,
0xaea,0x200f8,0xaeb,0x500ab,0x64,0xaec,0xab4,0xab7,
0x200f9,0xaea,0x200f8,0xaea,0x700f5,0x64,0xaed,0x65,
0xae7,0xaec,0xaeb,0x300f7,0xaee,0x0,0x400fa,0xaed,
0xaef,0xaee,0x200f8,0xaef,0x50041,0x136,0xaf0,0x165,
0xab4,0x4003d,0x50,0xaf1,0xaf0,0x500c7,0x50,0xaf2,
0xaf1,0x11a,0x4007c,0x51,0xaf3,0xaf2,0x50041,0x136,
0xaf4,0x165,0xab7,0x4003d,0x50,0xaf5,0xaf4,0x500c7,
0x50,0xaf6,0xaf5,0x11a,0x4007c,0x51,0xaf7,0xaf6,
0x50082,0x51,0xaf8,0xaf3,0xaf7,0x500c7,0x51,0xaf9,
0xaf8,0x11b,0x500ad,0x64,0xafa,0xaf9,0x11c,0x300f7,
0xafb,0x0,0x400fa,0xafa,0xafc,0xafb,0x200f8,0xafc,
0x50082,0x51,0xafd,0xaf9,0x11d,0x200f9,0xafb,0x200f8,
0xafb,0x700f5,0x51,0xafe,0xaf9,0xaef,0xafd,0xafc,
0x50082,0x51,0xaff,0xab4,0xab7,0x200f9,0xaee,0x200f8,
0xaee,0x700f5,0x51,0xb00,0x5b,0xaea,0xaff,0xafb,
0x700f5,0x51,0xb01,0x52,0xaea,0xafe,0xafb,0x300f7,
0xb02,0x0,0x400fa,0xae1,0xb03,0xb04,0x200f8,0xb04,
0x50082,0x51,0xb05,0xa87,0xd5,0x200f9,0xb02,0x200f8,
0xb03,0x50080,0x51,0xb06,0xa87,0x5b,0x7000c,0x51,
0xb07,0x1,0x27,0xb06,0x52,0x200f9,0xb02,0x200f8,
0xb02,0x700f5,0x51,0xb08,0xb07,0xb03,0xb05,0xb04,
0x4003d,0x50,0xb09,0xae3,0x500c7,0x50,0xb0a,0xb09,
0x11a,0x4007c,0x51,0xb0b,0xb0a,0x50084,0x51,0xb0c,
0xb01,0xb08,0x50087,0x51,0xb0d,0xb0c,0xb00,0x50080,
0x51,0xb0e,0xb0b,0xb0d,0x500c7,0x51,0xb0f,0xb0e,
0x11b,0x200f9,0xa7e,0x200f8,0xa7e,0x900f5,0x51,0xb10,
0xab2,0xaad,0xa7d,0xae8,0xb0f,0xb02,0x60052,0x141,
0xb11,0xb10,0xa71,0x1,0x200f9,0xa76,0x200f8,0xa76,
0x700f5,0x141,0xb12,0xa71,0xa66,0xb11,0xa7e,0x50080,
0x141,0xb13,0xa40,0xb12,0x50080,0x50,0xb14,0x9bd,
0x89,0x60041,0x13c,0xb15,0x26,0x52,0xb14,0x4003d,
0x50,0xb16,0xb15,0x500c7,0x50,0xb17,0xb16,0xdc,
0x500ab,0x64,0xb18,0xb17,0x56,0x300f7,0xb19,0x0,
0x400fa,0xb18,0xb1a,0xb19,0x200f8,0xb1a,0x300f7,0xb1b,
0x0,0x300fb,0x56,0xb1c,0x200f8,0xb1c,0x70041,0x146,
0xb1d,0x24,0x52,0x52,0x54,0x4003d,0x59,0xb1e,
0xb1d,0x70041,0x146,0xb1f,0x24,0x52,0x5b,0x54,
0x4003d,0x59,0xb20,0xb1f,0x70041,0x146,0xb21,0x24,
0x52,0x6b,0x54,0x4003d,0x59,0xb22,0xb21,0x60050,
0x72,0xb23,0xb1e,0xb20,0xb22,0x70041,0x146,0xb24,
0x24,0x52,0x52,0x52,0x4003d,0x59,0xb25,0xb24,
0x70041,0x146,0xb26,0x24,0x52,0x5b,0x52,0x4003d,
0x59,0xb27,0xb26,0x70041,0x146,0xb28,0x24,0x52,
0x6b,0x52,0x4003d,0x59,0xb29,0xb28,0x60050,0x72,
0xb2a,0xb25,0xb27,0xb29,0x50094,0x59,0xb2b,0xb2a,
0xb23,0x70041,0x146,0xb2c,0x24,0x52,0x52,0x5b,
0x4003d,0x59,0xb2d,0xb2c,0x70041,0x146,0xb2e,0x24,
0x52,0x5b,0x5b,0x4003d,0x59,0xb2f,0xb2e,0x70041,
0x146,0xb30,0x24,0x52,0x6b,0x5b,0x4003d,0x59,
0xb31,0xb30,0x60050,0x72,0xb32,0xb2d,0xb2f,0xb31,
0x50094,0x59,0xb33,0xb32,0xb23,0x70041,0x146,0xb34,
0x24,0x52,0x52,0x6b,0x4003d,0x59,0xb35,0xb34,
0x70041,0x146,0xb36,0x24,0x52,0x5b,0x6b,0x4003d,
0x59,0xb37,0xb36,0x70041,0x146,0xb38,0x24,0x52,
0x6b,0x6b,0x4003d,0x59,0xb39,0xb38,0x60050,0x72,
0xb3a,0xb35,0xb37,0xb39,0x50094,0x59,0xb3b,0xb3a,
0xb23,0x60050,0x72,0xb3c,0xb2b,0xb33,0xb3b,0x4007f,
0x72,0xb3d,0xb3c,0x500be,0x64,0xb3e,0xb3b,0x5e,
0x300f7,0xb3f,0x0,0x400fa,0xb3e,0xb40,0xb3f,0x200f8,
0xb40,0x200f9,0xb1b,0x200f8,0xb3f,0x50051,0x59,0xb41,
0xb3d,0x2,0x50083,0x59,0xb42,0x122,0xb41,0x50088,
0x59,0xb43,0xb42,0xb3b,0x7004f,0x5f,0xb44,0xb3d,
0xb3d,0x0,0x1,0x7004f,0x5f,0xb45,0xb3c,0xb3c,
0x0,0x1,0x5008e,0x5f,0xb46,0xb45,0xb43,0x50081,
0x5f,0xb47,0xb44,0xb46,0x500ba,0x64,0xb48,0xb43,
0x5e,0x300f7,0xb49,0x0,0x400fa,0xb48,0xb4a,0xb49,
0x200f8,0xb4a,0x50051,0x59,0xb4b,0xb47,0x0,0x6000c,
0x59,0xb4c,0x1,0x4,0xb4b,0x500b8,0x64,0xb4d,
0xb4c,0x6c,0x200f9,0xb49,0x200f8,0xb49,0x700f5,0x64,
0xb4e,0x65,0xb3f,0xb4d,0xb4a,0x300f7,0xb4f,0x0,
0x400fa,0xb4e,0xb50,0xb4f,0x200f8,0xb50,0x50051,0x59,
0xb51,0xb47,0x1,0x6000c,0x59,0xb52,0x1,0x4,
0xb51,0x500b8,0x64,0xb53,0xb52,0x123,0x200f9,0xb4f,
0x200f8,0xb4f,0x700f5,0x64,0xb54,0x65,0xb49,0xb53,
0xb50,0x200f9,0xb1b,0x200f8,0xb1b,0x700f5,0x64,0xb55,
0x65,0xb40,0xb54,0xb4f,0x300f7,0xb56,0x0,0x400fa,
0xb55,0xb57,0xb56,0x200f8,0xb57,0x200f9,0x9bb,0x200f8,
0xb56,0x50051,0x51,0xb58,0xb13,0x0,0x4007c,0x50,
0xb59,0xb58,0x500c2,0x50,0xb5a,0xb59,0x79,0x50084,
0x50,0xb5b,0xb5a,0xdd,0x50051,0x51,0xb5c,0xb13,
0x1,0x4007c,0x50,0xb5d,0xb5c,0x500c2,0x50,0xb5e,
0xb5d,0x79,0x50084,0x50,0xb5f,0xb5e,0xde,0x500c6,
0x50,0xb60,0xb5b,0xb5f,0x500c2,0x50,0xb61,0xb60,
0x76,0x500c6,0x50,0xb62,0xb60,0xb61,0x50084,0x50,
0xb63,0xb62,0xdf,0x500c2,0x50,0xb64,0xb63,0x75,
0x500c6,0x50,0xb65,0xb63,0xb64,0x500c2,0x50,0xb66,
0xb65,0x61,0x50089,0x50,0xb67,0xb66,0x61,0x500c7,
0x50,0xb68,0xb65,0x89,0x50084,0x50,0xb69,0xb68,
0x8f,0x500c7,0x51,0xb6a,0xb58,0xb8,0x4007c,0x50,
0xb6b,0xb6a,0x50080,0x50,0xb6c,0xb69,0xb6b,0x4007c,
0x51,0xb6d,0xb6c,0x500aa,0x64,0xb6e,0xb67,0x56,
0x300f7,0xb6f,0x0,0x400fa,0xb6e,0xb70,0xb71,0x200f8,
0xb71,0x50084,0x50,0xb72,0xb67,0x8f,0x50080,0x50,
0xb73,0x90,0xb72,0x200f9,0xb6f,0x200f8,0xb70,0x200f9,
0xb6f,0x200f8,0xb6f,0x700f5,0x50,0xb74,0x56,0xb70,
0xb73,0xb71,0x500c7,0x51,0xb75,0xb5c,0xb8,0x4007c,
0x50,0xb76,0xb75,0x50080,0x50,0xb77,0xb74,0xb76,
0x4007c,0x51,0xb78,0xb77,0x50050,0x141,0xb79,0xb6d,
0xb78,0x200f9,0xb19,0x200f8,0xb19,0x700f5,0x141,0xb7a,
0xb13,0xa76,0xb79,0xb6f,0x4003d,0x50,0xb7b,0x9cd,
0x500c7,0x50,0xb7c,0xb7b,0xe0,0x500ab,0x64,0xb7d,
0xb7c,0x56,0x300f7,0xb7e,0x0,0x400fa,0xb7d,0xb7f,
0xb7e,0x200f8,0xb7f,0x50051,0x51,0xb80,0xb7a,0x1,
0x500c7,0x50,0xb81,0x9c0,0x70,0x500ab,0x64,0xb82,
0xb81,0x56,0x600a9,0x51,0xb83,0xb82,0xd4,0xd5,
0x4007c,0x50,0xb84,0xb83,0x50084,0x50,0xb85,0xb84,
0x9c9,0x4007c,0x51,0xb86,0xb85,0x50082,0x51,0xb87,
0xb86,0x5b,0x8000c,0x51,0xb88,0x1,0x2d,0xb80,
0x52,0xb87,0x60052,0x141,0xb89,0xb88,0xb7a,0x1,
0x200f9,0xb7e,0x200f8,0xb7e,0x700f5,0x141,0xb8a,0xb7a,
0xb19,0xb89,0xb7f,0x4003d,0x50,0xb8b,0x9cd,0x500c7,
0x50,0xb8c,0xb8b,0x70,0x500ab,0x64,0xb8d,0xb8c,
0x56,0x300f7,0xb8e,0x0,0x400fa,0xb8d,0xb8f,0xb8e,
0x200f8,0xb8f,0x50051,0x51,0xb90,0xb8a,0x0,0x500af,
0x64,0xb91,0xb90,0x52,0x300f7,0xb92,0x0,0x400fa,
0xb91,0xb93,0xb92,0x200f8,0xb93,0x500c7,0x50,0xb94,
0x9c0,0x53,0x500ab,0x64,0xb95,0xb94,0x56,0x600a9,
0x51,0xb96,0xb95,0xd4,0xd5,0x4007c,0x50,0xb97,
0xb96,0x50084,0x50,0xb98,0xb97,0x9c9,0x4007c,0x51,
0xb99,0xb98,0x500af,0x64,0xb9a,0xb90,0xb99,0x200f9,
0xb92,0x200f8,0xb92,0x700f5,0x64,0xb9b,0x93,0xb8f,
0xb9a,0xb93,0x200f9,0xb8e,0x200f8,0xb8e,0x700f5,0x64,
0xb9c,0x65,0xb7e,0xb9b,0xb92,0x300f7,0xb9d,0x0,
0x400fa,0xb9c,0xb9e,0xb9d,0x200f8,0xb9e,0x200f9,0x9bb,
0x200f8,0xb9d,0x4003d,0x50,0xb9f,0x9cd,0x500c2,0x50,
0xba0,0xb9f,0x6f,0x500c7,0x50,0xba1,0xba0,0xc8,
0x500aa,0x64,0xba2,0xba1,0xdc,0x300f7,0xba3,0x0,
0x400fa,0xba2,0xba4,0xba3,0x200f8,0xba4,0x50051,0x51,
0xba5,0xb8a,0x1,0x500af,0x64,0xba6,0xba5,0x52,
0x300f7,0xba7,0x0,0x400fa,0xba6,0xba8,0xba7,0x200f8,
0xba8,0x500c7,0x50,0xba9,0x9c0,0x70,0x500ab,0x64,
0xbaa,0xba9,0x56,0x600a9,0x51,0xbab,0xbaa,0xd4,
0xd5,0x4007c,0x50,0xbac,0xbab,0x50084,0x50,0xbad,
0xbac,0x9c9,0x4007c,0x51,0xbae,0xbad,0x500af,0x64,
0xbaf,0xba5,0xbae,0x200f9,0xba7,0x200f8,0xba7,0x700f5,
0x64,0xbb0,0x93,0xba4,0xbaf,0xba8,0x200f9,0xba3,
0x200f8,0xba3,0x700f5,0x64,0xbb1,0x65,0xb9d,0xbb0,
0xba7,0x300f7,0xbb2,0x0,0x400fa,0xbb1,0xbb3,0xbb2,
0x200f8,0xbb3,0x200f9,0x9bb,0x200f8,0xbb2,0x500ab,0x64,
0xbb4,0xba1,0x56,0x300f7,0xbb5,0x0,0x400fa,0xbb4,
0xbb6,0xbb5,0x200f8,0xbb6,0x4007c,0x51,0xbb7,0xba1,
0x500b1,0x64,0xbb8,0x9ee,0xbb7,0x200f9,0xbb5,0x200f8,
0xbb5,0x700f5,0x64,0xbb9,0x65,0xbb2,0xbb8,0xbb6,
0x300f7,0xbba,0x0,0x400fa,0xbb9,0xbbb,0xbba,0x200f8,
0xbbb,0x500af,0x64,0xbbc,0x9ef,0x52,0x300f7,0xbbd,
0x0,0x400fa,0xbbc,0xbbe,0xbbd,0x200f8,0xbbe,0x500af,
0x64,0xbbf,0x9ef,0xda,0x200f9,0xbbd,0x200f8,0xbbd,
0x700f5,0x64,0xbc0,0x93,0xbbb,0xbbf,0xbbe,0x200f9,
0xbba,0x200f8,0xbba,0x700f5,0x64,0xbc1,0x65,0xbb5,
0xbc0,0xbbd,0x300f7,0xbc2,0x0,0x400fa,0xbc1,0xbc3,
0xbc2,0x200f8,0xbc3,0x50051,0x51,0xbc4,0xb8a,0x0,
0x500af,0x64,0xbc5,0xbc4,0x52,0x300f7,0xbc6,0x0,
0x400fa,0xbc5,0xbc7,0xbc6,0x200f8,0xbc7,0x500c7,0x50,
0xbc8,0x9c0,0x53,0x500ab,0x64,0xbc9,0xbc8,0x56,
0x600a9,0x51,0xbca,0xbc9,0xd4,0xd5,0x4007c,0x50,
0xbcb,0xbca,0x50084,0x50,0xbcc,0xbcb,0x9c9,0x4007c,
0x51,0xbcd,0xbcc,0x500af,0x64,0xbce,0xbc4,0xbcd,
0x200f9,0xbc6,0x200f8,0xbc6,0x700f5,0x64,0xbcf,0x93,
0xbc3,0xbce,0xbc7,0x200f9,0xbc2,0x200f8,0xbc2,0x700f5,
0x64,0xbd0,0x65,0xbba,0xbcf,0xbc6,0x300f7,0xbd1,
0x0,0x400fa,0xbd0,0xbd2,0xbd1,0x200f8,0xbd2,0x4003d,
0x50,0xbd3,0x9cd,0x500c7,0x50,0xbd4,0xbd3,0x53,
0x500ab,0x64,0xbd5,0xbd4,0x56,0x300f7,0xbd6,0x0,
0x400fa,0xbd5,0xbd7,0xbd6,0x200f8,0xbd7,0x200f9,0x9bb,
0x200f8,0xbd6,0x50080,0x50,0xbd8,0x9bd,0x76,0x60041,
0x13c,0xbd9,0x26,0x52,0xbd8,0x4003d,0x50,0xbda,
0xbd9,0x50080,0x50,0xbdb,0x9bd,0x99,0x60041,0x13c,
0xbdc,0x26,0x52,0xbdb,0x4003d,0x50,0xbdd,0xbdc,
0x50082,0x50,0xbde,0x75,0xbdd,0x500c7,0x50,0xbdf,
0xbda,0x78,0x500c2,0x50,0xbe0,0xbda,0x6f,0x500c7,
0x50,0xbe1,0xbe0,0x78,0x500c2,0x50,0xbe2,0xbda,
0x76,0x500c7,0x50,0xbe3,0xbe2,0x78,0x60050,0x11f,
0xbe4,0xbdf,0xbe1,0xbe3,0x60050,0x11f,0xbe5,0xbde,
0xbde,0xbde,0x50084,0x11f,0xbe6,0xbe4,0xbe5,0x50086,
0x11f,0xbe7,0xbe6,0x120,0x500c2,0x50,0xbe8,0xbda,
0x7b,0x40070,0x59,0xbe9,0xbe8,0x50051,0x50,0xbea,
0xbe7,0x0,0x50051,0x50,0xbeb,0xbe7,0x1,0x50051,
0x50,0xbec,0xbe7,0x2,0x40070,0x59,0xbed,0xbea,
0x40070,0x59,0xbee,0xbeb,0x40070,0x59,0xbef,0xbec,
0x70050,0x7c,0xbf0,0xbed,0xbee,0xbef,0xbe9,0x50085,
0x7c,0xbf1,0xbf0,0x153,0x500c7,0x50,0xbf2,0x8cd,
0x70,0x500ab,0x64,0xbf3,0xbf2,0x56,0x300f7,0xbf4,
0x0,0x400fa,0xbf3,0xbf5,0xbf4,0x200f8,0xbf5,0x8004f,
0x72,0xbf6,0xbf1,0xbf1,0x0,0x1,0x2,0x500bc,
0x13e,0xbf7,0xbf6,0x7e,0x50085,0x72,0xbf8,0xbf6,
0x155,0x50081,0x72,0xbf9,0xbf6,0x80,0x50085,0x72,
0xbfa,0xbf9,0x157,0x7000c,0x72,0xbfb,0x1,0x1a,
0xbfa,0x82,0x600a9,0x72,0xbfc,0xbf7,0xbf8,0xbfb,
0x9004f,0x7c,0xbfd,0xbf1,0xbfc,0x4,0x5,0x6,
0x3,0x200f9,0xbf4,0x200f8,0xbf4,0x700f5,0x7c,0xbfe,
0xbf1,0xbd6,0xbfd,0xbf5,0x200f9,0x9bb,0x200f8,0xbd1,
0x4007c,0x13f,0xbff,0xb8a,0x500c7,0x50,0xc00,0x9c0,
0x53,0x500ab,0x64,0xc01,0xc00,0x56,0x600a9,0x51,
0xc02,0xc01,0xd4,0xd5,0x4007c,0x50,0xc03,0xc02,
0x50084,0x50,0xc04,0xc03,0x9c9,0x50082,0x50,0xc05,
0xc04,0x53,0x500c7,0x50,0xc06,0x9c0,0x70,0x500ab,
0x64,0xc07,0xc06,0x56,0x600a9,0x51,0xc08,0xc07,
0xd4,0xd5,0x4007c,0x50,0xc09,0xc08,0x50084,0x50,
0xc0a,0xc09,0x9c9,0x50082,0x50,0xc0b,0xc0a,0x53,
0x50050,0x13f,0xc0c,0xc05,0xc0b,0x500c7,0x13f,0xc0d,
0xbff,0xc0c,0x4003d,0x50,0xc0e,0x9cd,0x500c7,0x50,
0xc0f,0xc0e,0x62,0x500ab,0x64,0xc10,0xc0f,0x56,
0x300f7,0xc11,0x0,0x400fa,0xc10,0xc12,0xc11,0x200f8,
0xc12,0x50051,0x50,0xc13,0xc0d,0x0,0x500ae,0x64,
0xc14,0xc13,0xe1,0x200f9,0xc11,0x200f8,0xc11,0x700f5,
0x64,0xc15,0x65,0xbd1,0xc14,0xc12,0x300f7,0xc16,
0x0,0x400fa,0xc15,0xc17,0xc16,0x200f8,0xc17,0x50051,
0x50,0xc18,0xc0d,0x0,0x500b0,0x64,0xc19,0xc18,
0xe2,0x200f9,0xc16,0x200f8,0xc16,0x700f5,0x64,0xc1a,
0x65,0xc11,0xc19,0xc17,0x300f7,0xc1b,0x0,0x400fa,
0xc1a,0xc1c,0xc1b,0x200f8,0xc1c,0x50051,0x50,0xc1d,
0xc0d,0x1,0x500ae,0x64,0xc1e,0xc1d,0xe3,0x200f9,
0xc1b,0x200f8,0xc1b,0x700f5,0x64,0xc1f,0x65,0xc16,
0xc1e,0xc1c,0x300f7,0xc20,0x0,0x400fa,0xc1f,0xc21,
0xc20,0x200f8,0xc21,0x50051,0x50,0xc22,0xc0d,0x1,
0x500b0,0x64,0xc23,0xc22,0xe4,0x200f9,0xc20,0x200f8,
0xc20,0x700f5,0x64,0xc24,0x65,0xc1b,0xc23,0xc21,
0x300f7,0xc25,0x0,0x400fa,0xc24,0xc26,0xc25,0x200f8,
0xc26,0x50051,0x50,0xc27,0xc0d,0x0,0x500c7,0x50,
0xc28,0xc27,0xe5,0x60052,0x13f,0xc29,0xc28,0xc0d,
0x0,0x200f9,0xc25,0x200f8,0xc25,0x700f5,0x13f,0xc2a,
0xc0d,0xc20,0xc29,0xc26,0x4003d,0x50,0xc2b,0x9cd,
0x500c7,0x50,0xc2c,0xc2b,0x8c,0x500ab,0x64,0xc2d,
0xc2c,0x56,0x300f7,0xc2e,0x0,0x400fa,0xc2d,0xc2f,
0xc2e,0x200f8,0xc2f,0x500af,0x64,0xc30,0x9ef,0x52,
0x300f7,0xc31,0x0,0x400fa,0xc30,0xc32,0xc31,0x200f8,
0xc32,0x500af,0x64,0xc33,0x9ef,0xe6,0x200f9,0xc31,
0x200f8,0xc31,0x700f5,0x64,0xc34,0x93,0xc2f,0xc33,
0xc32,0x200f9,0xc2e,0x200f8,0xc2e,0x700f5,0x64,0xc35,
0x65,0xc25,0xc34,0xc31,0x300f7,0xc36,0x0,0x400fa,
0xc35,0xc37,0xc36,0x200f8,0xc37,0x50051,0x50,0xc38,
0xc2a,0x1,0x500ae,0x64,0xc39,0xc38,0xe7,0x200f9,
0xc36,0x200f8,0xc36,0x700f5,0x64,0xc3a,0x65,0xc2e,
0xc39,0xc37,0x300f7,0xc3b,0x0,0x400fa,0xc3a,0xc3c,
0xc3b,0x200f8,0xc3c,0x50051,0x50,0xc3d,0xc2a,0x1,
0x500b0,0x64,0xc3e,0xc3d,0xe8,0x200f9,0xc3b,0x200f8,
0xc3b,0x700f5,0x64,0xc3f,0x65,0xc36,0xc3e,0xc3c,
0x300f7,0xc40,0x0,0x400fa,0xc3f,0xc41,0xc40,0x200f8,
0xc41,0x50051,0x50,0xc42,0xc2a,0x0,0x500c7,0x50,
0xc43,0xc42,0xe5,0x60052,0x13f,0xc44,0xc43,0xc2a,
0x0,0x200f9,0xc40,0x200f8,0xc40,0x700f5,0x13f,0xc45,
0xc2a,0xc3b,0xc44,0xc41,0x4003d,0x50,0xc46,0x9cd,
0x500c7,0x50,0xc47,0xc46,0x88,0x500ab,0x64,0xc48,
0xc47,0x56,0x300f7,0xc49,0x0,0x400fa,0xc48,0xc4a,
0xc49,0x200f8,0xc4a,0x500af,0x64,0xc4b,0x9ef,0x52,
0x300f7,0xc4c,0x0,0x400fa,0xc4b,0xc4d,0xc4c,0x200f8,
0xc4d,0x500af,0x64,0xc4e,0x9ef,0xe6,0x200f9,0xc4c,
0x200f8,0xc4c,0x700f5,0x64,0xc4f,0x93,0xc4a,0xc4e,
0xc4d,0x200f9,0xc49,0x200f8,0xc49,0x700f5,0x64,0xc50,
0x65,0xc40,0xc4f,0xc4c,0x300f7,0xc51,0x0,0x400fa,
0xc50,0xc52,0xc51,0x200f8,0xc52,0x50051,0x50,0xc53,
0xc45,0x1,0x500ae,0x64,0xc54,0xc53,0xe3,0x200f9,
0xc51,0x200f8,0xc51,0x700f5,0x64,0xc55,0x65,0xc49,
0xc54,0xc52,0x300f7,0xc56,0x0,0x400fa,0xc55,0xc57,
0xc56,0x200f8,0xc57,0x50051,0x50,0xc58,0xc45,0x1,
0x500b0,0x64,0xc59,0xc58,0xe9,0x200f9,0xc56,0x200f8,
0xc56,0x700f5,0x64,0xc5a,0x65,0xc51,0xc59,0xc57,
0x300f7,0xc5b,0x0,0x400fa,0xc5a,0xc5c,0xc5b,0x200f8,
0xc5c,0x50051,0x50,0xc5d,0xc45,0x0,0x500c7,0x50,
0xc5e,0xc5d,0xe5,0x60052,0x13f,0xc5f,0xc5e,0xc45,
0x0,0x200f9,0xc5b,0x200f8,0xc5b,0x700f5,0x13f,0xc60,
0xc45,0xc56,0xc5f,0xc5c,0x4003d,0x50,0xc61,0x9cd,
0x500c7,0x50,0xc62,0xc61,0xea,0x500aa,0x64,0xc63,
0xc62,0xea,0x600a9,0x50,0xc64,0xc01,0xb4,0x8f,
0x50084,0x50,0xc65,0xc64,0x9c9,0x50086,0x50,0xc66,
0xc65,0x70,0x4003d,0x50,0xc67,0x9cd,0x500c7,0x50,
0xc68,0xc67,0xb4,0x500ab,0x64,0xc69,0xc68,0x56,
0x300f7,0xc6a,0x0,0x400fa,0xc69,0xc6b,0xc6a,0x200f8,
0xc6b,0x500af,0x64,0xc6c,0x9ef,0x52,0x300f7,0xc6d,
0x0,0x400fa,0xc6c,0xc6e,0xc6d,0x200f8,0xc6e,0x600a9,
0x50,0xc6f,0xc63,0xdc,0xc66,0x4007c,0x51,0xc70,
0xc6f,0x500af,0x64,0xc71,0x9ef,0xc70,0x200f9,0xc6d,
0x200f8,0xc6d,0x700f5,0x64,0xc72,0x93,0xc6b,0xc71,
0xc6e,0x200f9,0xc6a,0x200f8,0xc6a,0x700f5,0x64,0xc73,
0x65,0xc5b,0xc72,0xc6d,0x300f7,0xc74,0x0,0x400fa,
0xc73,0xc75,0xc74,0x200f8,0xc75,0x300f7,0xc76,0x0,
0x400fa,0xc63,0xc77,0xc78,0x200f8,0xc78,0x50051,0x50,
0xc79,0xc60,0x0,0x50082,0x50,0xc7a,0xc66,0x53,
0x500c7,0x50,0xc7b,0xc79,0xc7a,0x500c5,0x50,0xc7c,
0xc7b,0xc66,0x200f9,0xc76,0x200f8,0xc77,0x50051,0x50,
0xc7d,0xc60,0x0,0x500c7,0x50,0xc7e,0xc7d,0x78,
0x200f9,0xc76,0x200f8,0xc76,0x700f5,0x50,0xc7f,0xc7e,
0xc77,0xc7c,0xc78,0x60052,0x13f,0xc80,0xc7f,0xc60,
0x0,0x200f9,0xc74,0x200f8,0xc74,0x700f5,0x13f,0xc81,
0xc60,0xc6a,0xc80,0xc76,0x4003d,0x50,0xc82,0x9cd,
0x500c7,0x50,0xc83,0xc82,0x6f,0x500ab,0x64,0xc84,
0xc83,0x56,0x300f7,0xc85,0x0,0x400fa,0xc84,0xc86,
0xc85,0x200f8,0xc86,0x50051,0x50,0xc87,0xc81,0x1,
0x500c7,0x50,0xc88,0xc87,0x78,0x60052,0x13f,0xc89,
0xc88,0xc81,0x1,0x200f9,0xc85,0x200f8,0xc85,0x700f5,
0x13f,0xc8a,0xc81,0xc74,0xc89,0xc86,0x4003d,0x50,
0xc8b,0x9cd,0x500c7,0x50,0xc8c,0xc8b,0xea,0x500aa,
0x64,0xc8d,0xc8c,0x90,0x300f7,0xc8e,0x0,0x400fa,
0xc8d,0xc8f,0xc8e,0x200f8,0xc8f,0x50051,0x50,0xc90,
0xc8a,0x0,0x500c7,0x50,0xc91,0xc90,0x78,0x60052,
0x13f,0xc92,0xc91,0xc8a,0x0,0x200f9,0xc8e,0x200f8,
0xc8e,0x700f5,0x13f,0xc93,0xc8a,0xc85,0xc92,0xc8f,
0x4003d,0x50,0xc94,0x9cd,0x500c7,0x50,0xc95,0xc94,
0x6e,0x500ab,0x64,0xc96,0xc95,0x56,0x300f7,0xc97,
0x0,0x400fa,0xc96,0xc98,0xc97,0x200f8,0xc98,0x50051,
0x50,0xc99,0xc93,0x0,0x500ae,0x64,0xc9a,0xc99,
0xe4,0x300f7,0xc9b,0x0,0x400fa,0xc9a,0xc9c,0xc9b,
0x200f8,0xc9c,0x500b0,0x64,0xc9d,0xc99,0xeb,0x200f9,
0xc9b,0x200f8,0xc9b,0x700f5,0x64,0xc9e,0x65,0xc98,
0xc9d,0xc9c,0x300f7,0xc9f,0x0,0x400fa,0xc9e,0xca0,
0xc9f,0x200f8,0xca0,0x50051,0x50,0xca1,0xc93,0x1,
0x500ae,0x64,0xca2,0xca1,0xea,0x200f9,0xc9f,0x200f8,
0xc9f,0x700f5,0x64,0xca3,0x65,0xc9b,0xca2,0xca0,
0x300f7,0xca4,0x0,0x400fa,0xca3,0xca5,0xca4,0x200f8,
0xca5,0x50051,0x50,0xca6,0xc93,0x1,0x500b0,0x64,
0xca7,0xca6,0xca,0x200f9,0xca4,0x200f8,0xca4,0x700f5,
0x64,0xca8,0x65,0xc9f,0xca7,0xca5,0x300f7,0xca9,
0x0,0x400fa,0xca8,0xcaa,0xca9,0x200f8,0xcaa,0x500c7,
0x50,0xcab,0xc99,0x78,0x60052,0x13f,0xcac,0xcab,
0xc93,0x0,0x200f9,0xca9,0x200f8,0xca9,0x700f5,0x13f,
0xcad,0xc93,0xca4,0xcac,0xcaa,0x50051,0x51,0xcae,
0xb8a,0x1,0x500b1,0x64,0xcaf,0xcae,0xec,0x300f7,
0xcb0,0x0,0x400fa,0xcaf,0xcb1,0xcb2,0x200f8,0xcb2,
0x500af,0x64,0xcb3,0x9ef,0x52,0x300f7,0xcb4,0x0,
0x400fa,0xcb3,0xcb5,0xcb4,0x200f8,0xcb5,0x500af,0x64,
0xcb6,0x9ef,0xe6,0x200f9,0xcb4,0x200f8,0xcb4,0x700f5,
0x64,0xcb7,0x93,0xcb2,0xcb6,0xcb5,0x300f7,0xcb8,
0x0,0x400fa,0xcb7,0xcb9,0xcb8,0x200f8,0xcb9,0x50051,
0x50,0xcba,0xcad,0x1,0x500ae,0x64,0xcbb,0xcba,
0xee,0x200f9,0xcb8,0x200f8,0xcb8,0x700f5,0x64,0xcbc,
0x65,0xcb4,0xcbb,0xcb9,0x300f7,0xcbd,0x0,0x400fa,
0xcbc,0xcbe,0xcbd,0x200f8,0xcbe,0x50051,0x50,0xcbf,
0xcad,0x1,0x500b0,0x64,0xcc0,0xcbf,0xe8,0x200f9,
0xcbd,0x200f8,0xcbd,0x700f5,0x64,0xcc1,0x65,0xcb8,
0xcc0,0xcbe,0x300f7,0xcc2,0x0,0x400fa,0xcc1,0xcc3,
0xcc2,0x200f8,0xcc3,0x50051,0x50,0xcc4,0xcad,0x0,
0x500c7,0x50,0xcc5,0xcc4,0xe5,0x50080,0x50,0xcc6,
0xcc5,0xca,0x60052,0x13f,0xcc7,0xcc6,0xcad,0x0,
0x200f9,0xcc2,0x200f8,0xcc2,0x700f5,0x13f,0xcc8,0xcad,
0xcbd,0xcc7,0xcc3,0x200f9,0xcb0,0x200f8,0xcb1,0x4007c,
0x50,0xcc9,0xcae,0x500c7,0x50,0xcca,0xcc9,0x7a,
0x50080,0x50,0xccb,0xed,0xcca,0x50051,0x50,0xccc,
0xcad,0x0,0x500c7,0x50,0xccd,0xccc,0x78,0x50050,
0x13f,0xcce,0xccd,0xccb,0x200f9,0xcb0,0x200f8,0xcb0,
0x700f5,0x13f,0xccf,0xcce,0xcb1,0xcc8,0xcc2,0x200f9,
0xc97,0x200f8,0xc97,0x700f5,0x13f,0xcd0,0xc93,0xc8e,
0xccf,0xcb0,0x50080,0x50,0xcd1,0x9bd,0x96,0x60041,
0x13c,0xcd2,0x26,0x52,0xcd1,0x4003d,0x50,0xcd3,
0xcd2,0x500ab,0x64,0xcd4,0xcd3,0x56,0x300f7,0xcd5,
0x0,0x400fa,0xcd4,0xcd6,0xcd5,0x200f8,0xcd6,0x500af,
0x64,0xcd7,0x9ef,0x52,0x300f7,0xcd8,0x0,0x400fa,
0xcd7,0xcd9,0xcd8,0x200f8,0xcd9,0x500af,0x64,0xcda,
0x9ef,0xda,0x200f9,0xcd8,0x200f8,0xcd8,0x700f5,0x64,
0xcdb,0x93,0xcd6,0xcda,0xcd9,0x200f9,0xcd5,0x200f8,
0xcd5,0x700f5,0x64,0xcdc,0x65,0xc97,0xcdb,0xcd8,
0x300f7,0xcdd,0x0,0x400fa,0xcdc,0xcde,0xcdd,0x200f8,
0xcde,0x4007c,0x51,0xcdf,0xc04,0x50051,0x51,0xce0,
0xb12,0x0,0x50080,0x51,0xce1,0xef,0xce0,0x4007c,
0x50,0xce2,0xce1,0x50082,0x51,0xce3,0xcdf,0x5b,
0x4007c,0x50,0xce4,0xce3,0x500c7,0x50,0xce5,0xce2,
0xce4,0x4007c,0x51,0xce6,0xce5,0x50051,0x51,0xce7,
0xa40,0x0,0x50080,0x51,0xce8,0xce6,0xce7,0x50082,
0x51,0xce9,0xce8,0xef,0x8000c,0x51,0xcea,0x1,
0x2d,0xce9,0x52,0xce3,0x4007c,0x50,0xceb,0xcea,
0x60052,0x13f,0xcec,0xceb,0xcd0,0x0,0x200f9,0xcdd,
0x200f8,0xcdd,0x700f5,0x13f,0xced,0xcd0,0xcd5,0xcec,
0xcde,0x50050,0x13f,0xcee,0x9c9,0x9c9,0x50086,0x13f,
0xcef,0xced,0xcee,0x50051,0x50,0xcf0,0xcef,0x0,
0x500ae,0x64,0xcf1,0xcf0,0x8f,0x600a9,0x51,0xcf2,
0xcf1,0xf0,0x52,0x50051,0x50,0xcf3,0xcef,0x1,
0x500ae,0x64,0xcf4,0xcf3,0x8f,0x300f7,0xcf5,0x0,
0x400fa,0xcf4,0xcf6,0xcf7,0x200f8,0xcf7,0x200f9,0xcf5,
0x200f8,0xcf6,0x600a9,0x51,0xcf8,0xc01,0xf1,0xf0,
0x200f9,0xcf5,0x200f8,0xcf5,0x700f5,0x51,0xcf9,0xcf8,
0xcf6,0x52,0xcf7,0x50080,0x51,0xcfa,0xcf2,0xcf9,
0x4007c,0x50,0xcfb,0xcfa,0x50080,0x50,0xcfc,0x9bd,
0x53,0x60041,0x13c,0xcfd,0x26,0x52,0xcfc,0x4003d,
0x50,0xcfe,0xcfd,0x50080,0x50,0xcff,0xcfe,0xcfb,
0x500c7,0x50,0xd00,0xcf3,0x7a,0x50084,0x50,0xd01,
0xd00,0x8f,0x50080,0x50,0xd02,0xcff,0xd01,0x500c7,
0x50,0xd03,0xcf0,0x7a,0x50080,0x50,0xd04,0xd02,
0xd03,0x50084,0x50,0xd05,0xd04,0x70,0x500c7,0x50,
0xd06,0xd05,0xc8,0x50080,0x50,0xd07,0x9bd,0x57,
0x500c2,0x50,0xd08,0xd06,0x70,0x50080,0x50,0xd09,
0xd07,0xd08,0x60041,0x13c,0xd0a,0x26,0x52,0xd09,
0x4003d,0x50,0xd0b,0xd0a,0x500c7,0x50,0xd0c,0xd05,
0x61,0x50084,0x50,0xd0d,0xd0c,0x6f,0x500c7,0x50,
0xd0e,0xd0d,0x7a,0x500c2,0x50,0xd0f,0xd0b,0xd0e,
0x500c7,0x50,0xd10,0xd0f,0x78,0x50080,0x50,0xd11,
0xd05,0x53,0x500c7,0x50,0xd12,0xd11,0xc8,0x500c2,
0x50,0xd13,0xd12,0x70,0x50080,0x50,0xd14,0xd07,
0xd13,0x60041,0x13c,0xd15,0x26,0x52,0xd14,0x4003d,
0x50,0xd16,0xd15,0x500c7,0x50,0xd17,0xd11,0x61,
0x50084,0x50,0xd18,0xd17,0x6f,0x500c7,0x50,0xd19,
0xd18,0x7a,0x500c2,0x50,0xd1a,0xd16,0xd19,0x500c7,
0x50,0xd1b,0xd1a,0x78,0x500c4,0x50,0xd1c,0xd1b,
0x6f,0x500c5,0x50,0xd1d,0xd10,0xd1c,0x4003d,0x50,
0xd1e,0xb15,0x500c7,0x50,0xd1f,0xd1e,0x61,0x500aa,
0x64,0xd20,0xd1f,0x53,0x300f7,0xd21,0x0,0x400fa,
0xd20,0xd22,0xd21,0x200f8,0xd22,0x500c7,0x50,0xd23,
0xd1d,0xba,0x500ab,0x64,0xd24,0xd23,0x56,0x200f9,
0xd21,0x200f8,0xd21,0x700f5,0x64,0xd25,0x65,0xcf5,
0xd24,0xd22,0x400a8,0x64,0xd26,0xd25,0x300f7,0xd27,
0x0,0x400fa,0xd26,0xd28,0xd27,0x200f8,0xd28,0x500aa,
0x64,0xd29,0xd1f,0x70,0x300f7,0xd2a,0x0,0x400fa,
0xd29,0xd2b,0xd2a,0x200f8,0xd2b,0x500c7,0x50,0xd2c,
0xd1d,0xba,0x500aa,0x64,0xd2d,0xd2c,0x56,0x200f9,
0xd2a,0x200f8,0xd2a,0x700f5,0x64,0xd2e,0x65,0xd28,
0xd2d,0xd2b,0x200f9,0xd27,0x200f8,0xd27,0x700f5,0x64,
0xd2f,0x93,0xd21,0xd2e,0xd2a,0x300f7,0xd30,0x0,
0x400fa,0xd2f,0xd31,0xd30,0x200f8,0xd31,0x200f9,0x9bb,
0x200f8,0xd30,0x50082,0x50,0xd32,0x9c9,0x53,0x50050,
0x13f,0xd33,0xd32,0xd32,0x500c7,0x13f,0xd34,0xced,
0xd33,0x500c7,0x50,0xd35,0xd1d,0x58,0x500ab,0x64,
0xd36,0xd35,0x56,0x300f7,0xd37,0x0,0x400fa,0xd36,
0xd38,0xd37,0x200f8,0xd38,0x50051,0x50,0xd39,0xd34,
0x0,0x50082,0x50,0xd3a,0xd32,0xd39,0x60052,0x13f,
0xd3b,0xd3a,0xd34,0x0,0x200f9,0xd37,0x200f8,0xd37,
0x700f5,0x13f,0xd3c,0xd34,0xd30,0xd3b,0xd38,0x500c7,
0x50,0xd3d,0xd1d,0xa8,0x500ab,0x64,0xd3e,0xd3d,
0x56,0x300f7,0xd3f,0x0,0x400fa,0xd3e,0xd40,0xd3f,
0x200f8,0xd40,0x50051,0x50,0xd41,0xd3c,0x1,0x50082,
0x50,0xd42,0xd32,0xd41,0x60052,0x13f,0xd43,0xd42,
0xd3c,0x1,0x200f9,0xd3f,0x200f8,0xd3f,0x700f5,0x13f,
0xd44,0xd3c,0xd37,0xd43,0xd40,0x500c7,0x50,0xd45,
0xd1d,0xf2,0x50051,0x50,0xd46,0xd44,0x0,0x500c2,
0x50,0xd47,0xd46,0x61,0x50080,0x50,0xd48,0xd45,
0xd47,0x50051,0x50,0xd49,0xd44,0x1,0x500c2,0x50,
0xd4a,0xd49,0x61,0x50084,0x50,0xd4b,0xd4a,0x76,
0x50080,0x50,0xd4c,0xd48,0xd4b,0x500c7,0x50,0xd4d,
0xd4c,0xf2,0x60041,0x13c,0xd4e,0x26,0x52,0x9bd,
0x4003d,0x50,0xd4f,0xd4e,0x50084,0x50,0xd50,0xd4f,
0x70,0x50084,0x50,0xd51,0x9c3,0x6f,0x50084,0x50,
0xd52,0xd4d,0xd51,0x50080,0x50,0xd53,0xd50,0xd52,
0x500c7,0x50,0xd54,0xd49,0x89,0x50084,0x50,0xd55,
0xd54,0x70,0x50080,0x50,0xd56,0xd53,0xd55,0x500c7,
0x50,0xd57,0xd46,0x89,0x500c2,0x50,0xd58,0x90,
0xd57,0x200f9,0xd59,0x200f8,0xd59,0x700f5,0x50,0xd5a,
0x56,0xd3f,0xd5b,0xd5c,0x700f5,0x50,0xd5d,0x56,
0xd3f,0xd5e,0xd5c,0x50086,0x50,0xd5f,0x9c3,0x70,
0x500b0,0x64,0xd60,0xd5d,0xd5f,0x400f6,0xd61,0xd5c,
0x0,0x400fa,0xd60,0xd62,0xd61,0x200f8,0xd62,0x50084,
0x50,0xd63,0xd5d,0x76,0x50080,0x50,0xd64,0xd56,
0xd63,0x500c7,0x50,0xd65,0xd64,0xc8,0x500c2,0x50,
0xd66,0xd65,0x70,0x50080,0x50,0xd67,0xd07,0xd66,
0x60041,0x13c,0xd68,0x26,0x52,0xd67,0x4003d,0x50,
0xd69,0xd68,0x500c7,0x50,0xd6a,0xd64,0x61,0x50084,
0x50,0xd6b,0xd6a,0x6f,0x500c7,0x50,0xd6c,0xd6b,
0x7a,0x500c2,0x50,0xd6d,0xd69,0xd6c,0x500c7,0x50,
0xd6e,0xd6d,0x78,0x500c7,0x50,0xd6f,0xd6e,0xd58,
0x500ab,0x64,0xd70,0xd6f,0x56,0x300f7,0xd71,0x0,
0x400fa,0xd70,0xd72,0xd71,0x200f8,0xd72,0x50084,0x50,
0xd73,0xd5d,0x70,0x500c7,0x50,0xd74,0xd73,0x7a,
0x500c4,0x50,0xd75,0x53,0xd74,0x500c5,0x50,0xd76,
0xd5a,0xd75,0x200f9,0xd71,0x200f8,0xd71,0x700f5,0x50,
0xd77,0xd5a,0xd62,0xd76,0xd72,0x50080,0x50,0xd78,
0xd64,0x53,0x500c7,0x50,0xd79,0xd78,0xc8,0x500c2,
0x50,0xd7a,0xd79,0x70,0x50080,0x50,0xd7b,0xd07,
0xd7a,0x60041,0x13c,0xd7c,0x26,0x52,0xd7b,0x4003d,
0x50,0xd7d,0xd7c,0x500c7,0x50,0xd7e,0xd78,0x61,
0x50084,0x50,0xd7f,0xd7e,0x6f,0x500c7,0x50,0xd80,
0xd7f,0x7a,0x500c2,0x50,0xd81,0xd7d,0xd80,0x500c7,
0x50,0xd82,0xd81,0x78,0x500c7,0x50,0xd83,0xd82,
0xd58,0x500ab,0x64,0xd84,0xd83,0x56,0x300f7,0xd85,
0x0,0x400fa,0xd84,0xd86,0xd85,0x200f8,0xd86,0x50084,
0x50,0xd87,0xd5d,0x70,0x500c7,0x50,0xd88,0xd87,
0x7a,0x500c4,0x50,0xd89,0x70,0xd88,0x500c5,0x50,
0xd8a,0xd77,0xd89,0x200f9,0xd85,0x200f8,0xd85,0x700f5,
0x50,0xd5b,0xd77,0xd71,0xd8a,0xd86,0x200f9,0xd5c,
0x200f8,0xd5c,0x50080,0x50,0xd5e,0xd5d,0x53,0x200f9,
0xd59,0x200f8,0xd61,0x500aa,0x64,0xd8b,0xd5a,0x56,
0x300f7,0xd8c,0x0,0x400fa,0xd8b,0xd8d,0xd8c,0x200f8,
0xd8d,0x200f9,0x9bb,0x200f8,0xd8c,0x500ab,0x64,0xd8e,
0x9c3,0x6f,0x300f7,0xd8f,0x0,0x400fa,0xd8e,0xd90,
0xd8f,0x200f8,0xd90,0x500c2,0x50,0xd91,0xd1d,0x8d,
0x500c7,0x50,0xd92,0xd91,0x89,0x500c7,0x50,0xd93,
0x9c3,0x7a,0x500c4,0x50,0xd94,0x53,0xd93,0x50084,
0x50,0xd95,0xd92,0xd94,0x50080,0x50,0xd96,0xd5a,
0xd95,0x200f9,0xd8f,0x200f8,0xd8f,0x700f5,0x50,0xd97,
0xd5a,0xd8c,0xd96,0xd90,0x50080,0x50,0xd98,0x9bd,
0x83,0x60041,0x13c,0xd99,0x26,0x52,0xd98,0x4003d,
0x50,0xd9a,0xd99,0x50080,0x50,0xd9b,0xd97,0xd9a,
0x500c7,0x50,0xd9c,0xd9b,0x78,0x4003d,0x50,0xd9d,
0x9cd,0x500c7,0x50,0xd9e,0xd9d,0x6d,0x500ab,0x64,
0xd9f,0xd9e,0x56,0x300f7,0xda0,0x0,0x400fa,0xd9f,
0xda1,0xda0,0x200f8,0xda1,0x500af,0x64,0xda2,0x9ef,
0x52,0x300f7,0xda3,0x0,0x400fa,0xda2,0xda4,0xda3,
0x200f8,0xda4,0x500af,0x64,0xda5,0x9ef,0xda,0x200f9,
0xda3,0x200f8,0xda3,0x700f5,0x64,0xda6,0x93,0xda1,
0xda5,0xda4,0x200f9,0xda0,0x200f8,0xda0,0x700f5,0x64,
0xda7,0x65,0xd8f,0xda6,0xda3,0x300f7,0xda8,0x0,
0x400fa,0xda7,0xda9,0xda8,0x200f8,0xda9,0x4007c,0x51,
0xdaa,0xc04,0x50051,0x51,0xdab,0xb12,0x0,0x50087,
0x51,0xdac,0xdaa,0x6b,0x50080,0x51,0xdad,0xdab,
0xdac,0x5008a,0x51,0xdae,0xdad,0xdaa,0x50080,0x51,
0xdaf,0xdae,0xdaa,0x5008a,0x51,0xdb0,0xdaf,0xdaa,
0x50082,0x51,0xdb1,0xdb0,0xdac,0x50051,0x51,0xdb2,
0xa40,0x0,0x50080,0x51,0xdb3,0xdb2,0xdb1,0x50051,
0x50,0xdb4,0xced,0x0,0x500ae,0x64,0xdb5,0xdb4,
0xca,0x300f7,0xdb6,0x0,0x400fa,0xdb5,0xdb7,0xdb6,
0x200f8,0xdb7,0x500b0,0x64,0xdb8,0xdb4,0xf3,0x200f9,
0xdb6,0x200f8,0xdb6,0x700f5,0x64,0xdb9,0x65,0xda9,
0xdb8,0xdb7,0x300f7,0xdba,0x0,0x400fa,0xdb9,0xdbb,
0xdba,0x200f8,0xdbb,0x50051,0x50,0xdbc,0xced,0x1,
0x500ae,0x64,0xdbd,0xdbc,0xf3,0x200f9,0xdba,0x200f8,
0xdba,0x700f5,0x64,0xdbe,0x65,0xdb6,0xdbd,0xdbb,
0x300f7,0xdbf,0x0,0x400fa,0xdbe,0xdc0,0xdbf,0x200f8,
0xdc0,0x50051,0x50,0xdc1,0xced,0x1,0x500b0,0x64,
0xdc2,0xdc1,0xe3,0x200f9,0xdbf,0x200f8,0xdbf,0x700f5,
0x64,0xdc3,0x65,0xdba,0xdc2,0xdc0,0x300f7,0xdc4,
0x0,0x400fa,0xdc3,0xdc5,0xdc4,0x200f8,0xdc5,0x500ae,
0x64,0xdc6,0xd9c,0xf4,0x200f9,0xdc4,0x200f8,0xdc4,
0x700f5,0x64,0xdc7,0x65,0xdbf,0xdc6,0xdc5,0x300f7,
0xdc8,0x0,0x400fa,0xdc7,0xdc9,0xdc8,0x200f8,0xdc9,
0x500b2,0x64,0xdca,0xd9c,0xf5,0x200f9,0xdc8,0x200f8,
0xdc8,0x700f5,0x64,0xdcb,0x65,0xdc4,0xdca,0xdc9,
0x500ae,0x64,0xdcc,0xdb4,0xf3,0x300f7,0xdcd,0x0,
0x400fa,0xdcc,0xdce,0xdcd,0x200f8,0xdce,0x500b0,0x64,
0xdcf,0xdb4,0xf6,0x200f9,0xdcd,0x200f8,0xdcd,0x700f5,
0x64,0xdd0,0x65,0xdc8,0xdcf,0xdce,0x300f7,0xdd1,
0x0,0x400fa,0xdd0,0xdd2,0xdd1,0x200f8,0xdd2,0x50051,
0x50,0xdd3,0xced,0x1,0x500ae,0x64,0xdd4,0xdd3,
0xf6,0x200f9,0xdd1,0x200f8,0xdd1,0x700f5,0x64,0xdd5,
0x65,0xdcd,0xdd4,0xdd2,0x300f7,0xdd6,0x0,0x400fa,
0xdd5,0xdd7,0xdd6,0x200f8,0xdd7,0x50051,0x50,0xdd8,
0xced,0x1,0x500b0,0x64,0xdd9,0xdd8,0xe3,0x200f9,
0xdd6,0x200f8,0xdd6,0x700f5,0x64,0xdda,0x65,0xdd1,
0xdd9,0xdd7,0x300f7,0xddb,0x0,0x400fa,0xdda,0xddc,
0xddb,0x200f8,0xddc,0x500ae,0x64,0xddd,0xd9c,0xf4,
0x200f9,0xddb,0x200f8,0xddb,0x700f5,0x64,0xdde,0x65,
0xdd6,0xddd,0xddc,0x300f7,0xddf,0x0,0x400fa,0xdde,
0xde0,0xddf,0x200f8,0xde0,0x500b2,0x64,0xde1,0xd9c,
0xf7,0x200f9,0xddf,0x200f8,0xddf,0x700f5,0x64,0xde2,
0x65,0xddb,0xde1,0xde0,0x500af,0x64,0xde3,0xdb3,
0x52,0x300f7,0xde4,0x0,0x400fa,0xde3,0xde5,0xde4,
0x200f8,0xde5,0x500af,0x64,0xde6,0xdb3,0xdaa,0x200f9,
0xde4,0x200f8,0xde4,0x700f5,0x64,0xde7,0x93,0xddf,
0xde6,0xde5,0x300f7,0xde8,0x0,0x400fa,0xde7,0xde9,
0xde8,0x200f8,0xde9,0x400a8,0x64,0xdea,0xdcb,0x600a9,
0x64,0xdeb,0xdea,0xde2,0x93,0x200f9,0xde8,0x200f8,
0xde8,0x700f5,0x64,0xdec,0x65,0xde4,0xdeb,0xde9,
0x600a9,0x50,0xded,0xdec,0xf8,0xd9c,0x200f9,0xda8,
0x200f8,0xda8,0x700f5,0x50,0xdee,0xd9c,0xda0,0xded,
0xde8,0x4003d,0x50,0xdef,0xb15,0x500c7,0x50,0xdf0,
0xdef,0xca,0x500ab,0x64,0xdf1,0xdf0,0x56,0x300f7,
0xdf2,0x0,0x400fa,0xdf1,0xdf3,0xdf2,0x200f8,0xdf3,
0x500af,0x64,0xdf4,0x9ef,0x52,0x300f7,0xdf5,0x0,
0x400fa,0xdf4,0xdf6,0xdf5,0x200f8,0xdf6,0x500af,0x64,
0xdf7,0x9ef,0xda,0x200f9,0xdf5,0x200f8,0xdf5,0x700f5,
0x64,0xdf8,0x93,0xdf3,0xdf7,0xdf6,0x400a8,0x64,
0xdf9,0xdf8,0x300f7,0xdfa,0x0,0x400fa,0xdf9,0xdfb,
0xdfa,0x200f8,0xdfb,0x500b1,0x64,0xdfc,0x9ee,0x52,
0x200f9,0xdfa,0x200f8,0xdfa,0x700f5,0x64,0xdfd,0x93,
0xdf5,0xdfc,0xdfb,0x400a8,0x64,0xdfe,0xdfd,0x300f7,
0xdff,0x0,0x400fa,0xdfe,0xe00,0xdff,0x200f8,0xe00,
0x500af,0x64,0xe01,0x9ee,0xd8,0x200f9,0xdff,0x200f8,
0xdff,0x700f5,0x64,0xe02,0x93,0xdfa,0xe01,0xe00,
0x200f9,0xdf2,0x200f8,0xdf2,0x700f5,0x64,0xe03,0x65,
0xda8,0xe02,0xdff,0x300f7,0xe04,0x0,0x400fa,0xe03,
0xe05,0xe04,0x200f8,0xe05,0x4007c,0x51,0xe06,0xc04,
0x50051,0x51,0xe07,0xb12,0x0,0x50087,0x51,0xe08,
0xe06,0x6b,0x50080,0x51,0xe09,0xe07,0xe08,0x5008a,
0x51,0xe0a,0xe09,0xe06,0x50080,0x51,0xe0b,0xe0a,
0xe06,0x5008a,0x51,0xe0c,0xe0b,0xe06,0x50082,0x51,
0xe0d,0xe0c,0xe08,0x50051,0x51,0xe0e,0xa40,0x0,
0x50080,0x51,0xe0f,0xe0e,0xe0d,0x50051,0x50,0xe10,
0xced,0x0,0x500ae,0x64,0xe11,0xe10,0xf9,0x300f7,
0xe12,0x0,0x400fa,0xe11,0xe13,0xe12,0x200f8,0xe13,
0x500b0,0x64,0xe14,0xe10,0xfa,0x200f9,0xe12,0x200f8,
0xe12,0x700f5,0x64,0xe15,0x65,0xe05,0xe14,0xe13,
0x300f7,0xe16,0x0,0x400fa,0xe15,0xe17,0xe16,0x200f8,
0xe17,0x50051,0x50,0xe18,0xced,0x1,0x500ae,0x64,
0xe19,0xe18,0x76,0x200f9,0xe16,0x200f8,0xe16,0x700f5,
0x64,0xe1a,0x65,0xe12,0xe19,0xe17,0x300f7,0xe1b,
0x0,0x400fa,0xe1a,0xe1c,0xe1b,0x200f8,0xe1c,0x50051,
0x50,0xe1d,0xced,0x1,0x500b0,0x64,0xe1e,0xe1d,
0xfb,0x200f9,0xe1b,0x200f8,0xe1b,0x700f5,0x64,0xe1f,
0x65,0xe16,0xe1e,0xe1c,0x400a8,0x64,0xe20,0xe1f,
0x300f7,0xe21,0x0,0x400fa,0xe20,0xe22,0xe21,0x200f8,
0xe22,0x500ae,0x64,0xe23,0xe10,0xfb,0x300f7,0xe24,
0x0,0x400fa,0xe23,0xe25,0xe24,0x200f8,0xe25,0x500b0,
0x64,0xe26,0xe10,0xfc,0x200f9,0xe24,0x200f8,0xe24,
0x700f5,0x64,0xe27,0x65,0xe22,0xe26,0xe25,0x300f7,
0xe28,0x0,0x400fa,0xe27,0xe29,0xe28,0x200f8,0xe29,
0x50051,0x50,0xe2a,0xced,0x1,0x500ae,0x64,0xe2b,
0xe2a,0xb4,0x200f9,0xe28,0x200f8,0xe28,0x700f5,0x64,
0xe2c,0x65,0xe24,0xe2b,0xe29,0x300f7,0xe2d,0x0,
0x400fa,0xe2c,0xe2e,0xe2d,0x200f8,0xe2e,0x50051,0x50,
0xe2f,0xced,0x1,0x500b0,0x64,0xe30,0xe2f,0xfd,
0x200f9,0xe2d,0x200f8,0xe2d,0x700f5,0x64,0xe31,0x65,
0xe28,0xe30,0xe2e,0x200f9,0xe21,0x200f8,0xe21,0x700f5,
0x64,0xe32,0x93,0xe1b,0xe31,0xe2d,0x400a8,0x64,
0xe33,0xe32,0x300f7,0xe34,0x0,0x400fa,0xe33,0xe35,
0xe34,0x200f8,0xe35,0x500ae,0x64,0xe36,0xe10,0xfe,
0x300f7,0xe37,0x0,0x400fa,0xe36,0xe38,0xe37,0x200f8,
0xe38,0x500b0,0x64,0xe39,0xe10,0xff,0x200f9,0xe37,
0x200f8,0xe37,0x700f5,0x64,0xe3a,0x65,0xe35,0xe39,
0xe38,0x300f7,0xe3b,0x0,0x400fa,0xe3a,0xe3c,0xe3b,
0x200f8,0xe3c,0x50051,0x50,0xe3d,0xced,0x1,0x500ae,
0x64,0xe3e,0xe3d,0xf8,0x200f9,0xe3b,0x200f8,0xe3b,
0x700f5,0x64,0xe3f,0x65,0xe37,0xe3e,0xe3c,0x300f7,
0xe40,0x0,0x400fa,0xe3f,0xe41,0xe40,0x200f8,0xe41,
0x50051,0x50,0xe42,0xced,0x1,0x500b0,0x64,0xe43,
0xe42,0xfe,0x200f9,0xe40,0x200f8,0xe40,0x700f5,0x64,
0xe44,0x65,0xe3b,0xe43,0xe41,0x200f9,0xe34,0x200f8,
0xe34,0x700f5,0x64,0xe45,0x93,0xe21,0xe44,0xe40,
0x400a8,0x64,0xe46,0xe45,0x300f7,0xe47,0x0,0x400fa,
0xe46,0xe48,0xe47,0x200f8,0xe48,0x500ae,0x64,0xe49,
0xe10,0xf6,0x300f7,0xe4a,0x0,0x400fa,0xe49,0xe4b,
0xe4a,0x200f8,0xe4b,0x500b0,0x64,0xe4c,0xe10,0xe4,
0x200f9,0xe4a,0x200f8,0xe4a,0x700f5,0x64,0xe4d,0x65,
0xe48,0xe4c,0xe4b,0x300f7,0xe4e,0x0,0x400fa,0xe4d,
0xe4f,0xe4e,0x200f8,0xe4f,0x50051,0x50,0xe50,0xced,
0x1,0x500ae,0x64,0xe51,0xe50,0x100,0x200f9,0xe4e,
0x200f8,0xe4e,0x700f5,0x64,0xe52,0x65,0xe4a,0xe51,
0xe4f,0x300f7,0xe53,0x0,0x400fa,0xe52,0xe54,0xe53,
0x200f8,0xe54,0x50051,0x50,0xe55,0xced,0x1,0x500b0,
0x64,0xe56,0xe55,0xfe,0x200f9,0xe53,0x200f8,0xe53,
0x700f5,0x64,0xe57,0x65,0xe4e,0xe56,0xe54,0x200f9,
0xe47,0x200f8,0xe47,0x700f5,0x64,0xe58,0x93,0xe34,
0xe57,0xe53,0x400a8,0x64,0xe59,0xe58,0x300f7,0xe5a,
0x0,0x400fa,0xe59,0xe5b,0xe5a,0x200f8,0xe5b,0x500ae,
0x64,0xe5c,0xe10,0x101,0x300f7,0xe5d,0x0,0x400fa,
0xe5c,0xe5e,0xe5d,0x200f8,0xe5e,0x500b0,0x64,0xe5f,
0xe10,0xca,0x200f9,0xe5d,0x200f8,0xe5d,0x700f5,0x64,
0xe60,0x65,0xe5b,0xe5f,0xe5e,0x300f7,0xe61,0x0,
0x400fa,0xe60,0xe62,0xe61,0x200f8,0xe62,0x50051,0x50,
0xe63,0xced,0x1,0x500ae,0x64,0xe64,0xe63,0xfe,
0x200f9,0xe61,0x200f8,0xe61,0x700f5,0x64,0xe65,0x65,
0xe5d,0xe64,0xe62,0x300f7,0xe66,0x0,0x400fa,0xe65,
0xe67,0xe66,0x200f8,0xe67,0x50051,0x50,0xe68,0xced,
0x1,0x500b0,0x64,0xe69,0xe68,0x102,0x200f9,0xe66,
0x200f8,0xe66,0x700f5,0x64,0xe6a,0x65,0xe61,0xe69,
0xe67,0x200f9,0xe5a,0x200f8,0xe5a,0x700f5,0x64,0xe6b,
0x93,0xe47,0xe6a,0xe66,0x400a8,0x64,0xe6c,0xe6b,
0x300f7,0xe6d,0x0,0x400fa,0xe6c,0xe6e,0xe6d,0x200f8,
0xe6e,0x500ae,0x64,0xe6f,0xe10,0x103,0x300f7,0xe70,
0x0,0x400fa,0xe6f,0xe71,0xe70,0x200f8,0xe71,0x500b0,
0x64,0xe72,0xe10,0x104,0x200f9,0xe70,0x200f8,0xe70,
0x700f5,0x64,0xe73,0x65,0xe6e,0xe72,0xe71,0x300f7,
0xe74,0x0,0x400fa,0xe73,0xe75,0xe74,0x200f8,0xe75,
0x50051,0x50,0xe76,0xced,0x1,0x500ae,0x64,0xe77,
0xe76,0x90,0x200f9,0xe74,0x200f8,0xe74,0x700f5,0x64,
0xe78,0x65,0xe70,0xe77,0xe75,0x300f7,0xe79,0x0,
0x400fa,0xe78,0xe7a,0xe79,0x200f8,0xe7a,0x50051,0x50,
0xe7b,0xced,0x1,0x500b0,0x64,0xe7c,0xe7b,0x105,
0x200f9,0xe79,0x200f8,0xe79,0x700f5,0x64,0xe7d,0x65,
0xe74,0xe7c,0xe7a,0x200f9,0xe6d,0x200f8,0xe6d,0x700f5,
0x64,0xe7e,0x93,0xe5a,0xe7d,0xe79,0x400a8,0x64,
0xe7f,0xe7e,0x300f7,0xe80,0x0,0x400fa,0xe7f,0xe81,
0xe80,0x200f8,0xe81,0x500ae,0x64,0xe82,0xe10,0x106,
0x300f7,0xe83,0x0,0x400fa,0xe82,0xe84,0xe83,0x200f8,
0xe84,0x500b0,0x64,0xe85,0xe10,0x107,0x200f9,0xe83,
0x200f8,0xe83,0x700f5,0x64,0xe86,0x65,0xe81,0xe85,
0xe84,0x300f7,0xe87,0x0,0x400fa,0xe86,0xe88,0xe87,
0x200f8,0xe88,0x50051,0x50,0xe89,0xced,0x1,0x500ae,
0x64,0xe8a,0xe89,0x108,0x200f9,0xe87,0x200f8,0xe87,
0x700f5,0x64,0xe8b,0x65,0xe83,0xe8a,0xe88,0x300f7,
0xe8c,0x0,0x400fa,0xe8b,0xe8d,0xe8c,0x200f8,0xe8d,
0x50051,0x50,0xe8e,0xced,0x1,0x500b0,0x64,0xe8f,
0xe8e,0x102,0x200f9,0xe8c,0x200f8,0xe8c,0x700f5,0x64,
0xe90,0x65,0xe87,0xe8f,0xe8d,0x200f9,0xe80,0x200f8,
0xe80,0x700f5,0x64,0xe91,0x93,0xe6d,0xe90,0xe8c,
0x400a8,0x64,0xe92,0xe91,0x300f7,0xe93,0x0,0x400fa,
0xe92,0xe94,0xe93,0x200f8,0xe94,0x500ae,0x64,0xe95,
0xe10,0x107,0x300f7,0xe96,0x0,0x400fa,0xe95,0xe97,
0xe96,0x200f8,0xe97,0x500b0,0x64,0xe98,0xe10,0x109,
0x200f9,0xe96,0x200f8,0xe96,0x700f5,0x64,0xe99,0x65,
0xe94,0xe98,0xe97,0x300f7,0xe9a,0x0,0x400fa,0xe99,
0xe9b,0xe9a,0x200f8,0xe9b,0x50051,0x50,0xe9c,0xced,
0x1,0x500ae,0x64,0xe9d,0xe9c,0x10a,0x200f9,0xe9a,
0x200f8,0xe9a,0x700f5,0x64,0xe9e,0x65,0xe96,0xe9d,
0xe9b,0x300f7,0xe9f,0x0,0x400fa,0xe9e,0xea0,0xe9f,
0x200f8,0xea0,0x50051,0x50,0xea1,0xced,0x1,0x500b0,
0x64,0xea2,0xea1,0x10b,0x200f9,0xe9f,0x200f8,0xe9f,
0x700f5,0x64,0xea3,0x65,0xe9a,0xea2,0xea0,0x200f9,
0xe93,0x200f8,0xe93,0x700f5,0x64,0xea4,0x93,0xe80,
0xea3,0xe9f,0x400a8,0x64,0xea5,0xea4,0x300f7,0xea6,
0x0,0x400fa,0xea5,0xea7,0xea6,0x200f8,0xea7,0x500ae,
0x64,0xea8,0xe10,0x10c,0x300f7,0xea9,0x0,0x400fa,
0xea8,0xeaa,0xea9,0x200f8,0xeaa,0x500b0,0x64,0xeab,
0xe10,0x10d,0x200f9,0xea9,0x200f8,0xea9,0x700f5,0x64,
0xeac,0x65,0xea7,0xeab,0xeaa,0x300f7,0xead,0x0,
0x400fa,0xeac,0xeae,0xead,0x200f8,0xeae,0x50051,0x50,
0xeaf,0xced,0x1,0x500ae,0x64,0xeb0,0xeaf,0x10e,
0x200f9,0xead,0x200f8,0xead,0x700f5,0x64,0xeb1,0x65,
0xea9,0xeb0,0xeae,0x300f7,0xeb2,0x0,0x400fa,0xeb1,
0xeb3,0xeb2,0x200f8,0xeb3,0x50051,0x50,0xeb4,0xced,
0x1,0x500b0,0x64,0xeb5,0xeb4,0x103,0x200f9,0xeb2,
0x200f8,0xeb2,0x700f5,0x64,0xeb6,0x65,0xead,0xeb5,
0xeb3,0x200f9,0xea6,0x200f8,0xea6,0x700f5,0x64,0xeb7,
0x93,0xe93,0xeb6,0xeb2,0x400a8,0x64,0xeb8,0xeb7,
0x300f7,0xeb9,0x0,0x400fa,0xeb8,0xeba,0xeb9,0x200f8,
0xeba,0x500ae,0x64,0xebb,0xe10,0x10f,0x300f7,0xebc,
0x0,0x400fa,0xebb,0xebd,0xebc,0x200f8,0xebd,0x500b0,
0x64,0xebe,0xe10,0xe8,0x200f9,0xebc,0x200f8,0xebc,
0x700f5,0x64,0xebf,0x65,0xeba,0xebe,0xebd,0x300f7,
0xec0,0x0,0x400fa,0xebf,0xec1,0xec0,0x200f8,0xec1,
0x50051,0x50,0xec2,0xced,0x1,0x500ae,0x64,0xec3,
0xec2,0x10c,0x200f9,0xec0,0x200f8,0xec0,0x700f5,0x64,
0xec4,0x65,0xebc,0xec3,0xec1,0x300f7,0xec5,0x0,
0x400fa,0xec4,0xec6,0xec5,0x200f8,0xec6,0x50051,0x50,
0xec7,0xced,0x1,0x500b0,0x64,0xec8,0xec7,0x110,
0x200f9,0xec5,0x200f8,0xec5,0x700f5,0x64,0xec9,0x65,
0xec0,0xec8,0xec6,0x200f9,0xeb9,0x200f8,0xeb9,0x700f5,
0x64,0xeca,0x93,0xea6,0xec9,0xec5,0x400a8,0x64,
0xecb,0xeca,0x300f7,0xecc,0x0,0x400fa,0xecb,0xecd,
0xecc,0x200f8,0xecd,0x500ae,0x64,0xece,0xe10,0x111,
0x300f7,0xecf,0x0,0x400fa,0xece,0xed0,0xecf,0x200f8,
0xed0,0x500b0,0x64,0xed1,0xe10,0x10a,0x200f9,0xecf,
0x200f8,0xecf,0x700f5,0x64,0xed2,0x65,0xecd,0xed1,
0xed0,0x300f7,0xed3,0x0,0x400fa,0xed2,0xed4,0xed3,
0x200f8,0xed4,0x50051,0x50,0xed5,0xced,0x1,0x500ae,
0x64,0xed6,0xed5,0x103,0x200f9,0xed3,0x200f8,0xed3,
0x700f5,0x64,0xed7,0x65,0xecf,0xed6,0xed4,0x300f7,
0xed8,0x0,0x400fa,0xed7,0xed9,0xed8,0x200f8,0xed9,
0x50051,0x50,0xeda,0xced,0x1,0x500b0,0x64,0xedb,
0xeda,0x104,0x200f9,0xed8,0x200f8,0xed8,0x700f5,0x64,
0xedc,0x65,0xed3,0xedb,0xed9,0x200f9,0xecc,0x200f8,
0xecc,0x700f5,0x64,0xedd,0x93,0xeb9,0xedc,0xed8,
0x400a8,0x64,0xede,0xedd,0x300f7,0xedf,0x0,0x400fa,
0xede,0xee0,0xedf,0x200f8,0xee0,0x500ae,0x64,0xee1,
0xe10,0xeb,0x300f7,0xee2,0x0,0x400fa,0xee1,0xee3,
0xee2,0x200f8,0xee3,0x500b0,0x64,0xee4,0xe10,0x112,
0x200f9,0xee2,0x200f8,0xee2,0x700f5,0x64,0xee5,0x65,
0xee0,0xee4,0xee3,0x300f7,0xee6,0x0,0x400fa,0xee5,
0xee7,0xee6,0x200f8,0xee7,0x50051,0x50,0xee8,0xced,
0x1,0x500ae,0x64,0xee9,0xee8,0x104,0x200f9,0xee6,
0x200f8,0xee6,0x700f5,0x64,0xeea,0x65,0xee2,0xee9,
0xee7,0x300f7,0xeeb,0x0,0x400fa,0xeea,0xeec,0xeeb,
0x200f8,0xeec,0x50051,0x50,0xeed,0xced,0x1,0x500b0,
0x64,0xeee,0xeed,0xeb,0x200f9,0xeeb,0x200f8,0xeeb,
0x700f5,0x64,0xeef,0x65,0xee6,0xeee,0xeec,0x200f9,
0xedf,0x200f8,0xedf,0x700f5,0x64,0xef0,0x93,0xecc,
0xeef,0xeeb,0x400a8,0x64,0xef1,0xef0,0x300f7,0xef2,
0x0,0x400fa,0xef1,0xef3,0xef2,0x200f8,0xef3,0x500ae,
0x64,0xef4,0xe10,0xfb,0x300f7,0xef5,0x0,0x400fa,
0xef4,0xef6,0xef5,0x200f8,0xef6,0x500b0,0x64,0xef7,
0xe10,0x90,0x200f9,0xef5,0x200f8,0xef5,0x700f5,0x64,
0xef8,0x65,0xef3,0xef7,0xef6,0x300f7,0xef9,0x0,
0x400fa,0xef8,0xefa,0xef9,0x200f8,0xefa,0x50051,0x50,
0xefb,0xced,0x1,0x500ae,0x64,0xefc,0xefb,0xf6,
0x200f9,0xef9,0x200f8,0xef9,0x700f5,0x64,0xefd,0x65,
0xef5,0xefc,0xefa,0x300f7,0xefe,0x0,0x400fa,0xefd,
0xeff,0xefe,0x200f8,0xeff,0x50051,0x50,0xf00,0xced,
0x1,0x500b0,0x64,0xf01,0xf00,0xe4,0x200f9,0xefe,
0x200f8,0xefe,0x700f5,0x64,0xf02,0x65,0xef9,0xf01,
0xeff,0x200f9,0xef2,0x200f8,0xef2,0x700f5,0x64,0xf03,
0x93,0xedf,0xf02,0xefe,0x400a8,0x64,0xf04,0xf03,
0x300f7,0xf05,0x0,0x400fa,0xf04,0xf06,0xf05,0x200f8,
0xf06,0x500ae,0x64,0xf07,0xe10,0x8f,0x300f7,0xf08,
0x0,0x400fa,0xf07,0xf09,0xf08,0x200f8,0xf09,0x500b0,
0x64,0xf0a,0xe10,0xfd,0x200f9,0xf08,0x200f8,0xf08,
0x700f5,0x64,0xf0b,0x65,0xf06,0xf0a,0xf09,0x300f7,
0xf0c,0x0,0x400fa,0xf0b,0xf0d,0xf0c,0x200f8,0xf0d,
0x50051,0x50,0xf0e,0xced,0x1,0x500ae,0x64,0xf0f,
0xf0e,0x105,0x200f9,0xf0c,0x200f8,0xf0c,0x700f5,0x64,
0xf10,0x65,0xf08,0xf0f,0xf0d,0x300f7,0xf11,0x0,
0x400fa,0xf10,0xf12,0xf11,0x200f8,0xf12,0x50051,0x50,
0xf13,0xced,0x1,0x500b0,0x64,0xf14,0xf13,0x111,
0x200f9,0xf11,0x200f8,0xf11,0x700f5,0x64,0xf15,0x65,
0xf0c,0xf14,0xf12,0x200f9,0xf05,0x200f8,0xf05,0x700f5,
0x64,0xf16,0x93,0xef2,0xf15,0xf11,0x400a8,0x64,
0xf17,0xf16,0x300f7,0xf18,0x0,0x400fa,0xf17,0xf19,
0xf18,0x200f8,0xf19,0x500ae,0x64,0xf1a,0xe10,0xe9,
0x300f7,0xf1b,0x0,0x400fa,0xf1a,0xf1c,0xf1b,0x200f8,
0xf1c,0x500b0,0x64,0xf1d,0xe10,0x113,0x200f9,0xf1b,
0x200f8,0xf1b,0x700f5,0x64,0xf1e,0x65,0xf19,0xf1d,
0xf1c,0x300f7,0xf1f,0x0,0x400fa,0xf1e,0xf20,0xf1f,
0x200f8,0xf20,0x50051,0x50,0xf21,0xced,0x1,0x500ae,
0x64,0xf22,0xf21,0x114,0x200f9,0xf1f,0x200f8,0xf1f,
0x700f5,0x64,0xf23,0x65,0xf1b,0xf22,0xf20,0x300f7,
0xf24,0x0,0x400fa,0xf23,0xf25,0xf24,0x200f8,0xf25,
0x50051,0x50,0xf26,0xced,0x1,0x500b0,0x64,0xf27,
0xf26,0xca,0x200f9,0xf24,0x200f8,0xf24,0x700f5,0x64,
0xf28,0x65,0xf1f,0xf27,0xf25,0x200f9,0xf18,0x200f8,
0xf18,0x700f5,0x64,0xf29,0x93,0xf05,0xf28,0xf24,
0x400a8,0x64,0xf2a,0xf29,0x300f7,0xf2b,0x0,0x400fa,
0xf2a,0xf2c,0xf2b,0x200f8,0xf2c,0x500ae,0x64,0xf2d,
0xe10,0x115,0x300f7,0xf2e,0x0,0x400fa,0xf2d,0xf2f,
0xf2e,0x200f8,0xf2f,0x500b0,0x64,0xf30,0xe10,0x102,
0x200f9,0xf2e,0x200f8,0xf2e,0x700f5,0x64,0xf31,0x65,
0xf2c,0xf30,0xf2f,0x300f7,0xf32,0x0,0x400fa,0xf31,
0xf33,0xf32,0x200f8,0xf33,0x50051,0x50,0xf34,0xced,
0x1,0x500ae,0x64,0xf35,0xf34,0xf3,0x200f9,0xf32,
0x200f8,0xf32,0x700f5,0x64,0xf36,0x65,0xf2e,0xf35,
0xf33,0x300f7,0xf37,0x0,0x400fa,0xf36,0xf38,0xf37,
0x200f8,0xf38,0x50051,0x50,0xf39,0xced,0x1,0x500b0,
0x64,0xf3a,0xf39,0x116,0x200f9,0xf37,0x200f8,0xf37,
0x700f5,0x64,0xf3b,0x65,0xf32,0xf3a,0xf38,0x200f9,
0xf2b,0x200f8,0xf2b,0x700f5,0x64,0xf3c,0x93,0xf18,
0xf3b,0xf37,0x4007c,0x51,0xf3d,0xc0a,0x500af,0x64,
0xf3e,0xe0f,0x52,0x300f7,0xf3f,0x0,0x400fa,0xf3e,
0xf40,0xf3f,0x200f8,0xf40,0x500af,0x64,0xf41,0xe0f,
0xe06,0x200f9,0xf3f,0x200f8,0xf3f,0x700f5,0x64,0xf42,
0x93,0xf2b,0xf41,0xf40,0x400a8,0x64,0xf43,0xf42,
0x300f7,0xf44,0x0,0x400fa,0xf43,0xf45,0xf44,0x200f8,
0xf45,0x50051,0x51,0xf46,0xb8a,0x1,0x500b1,0x64,
0xf47,0xf46,0x52,0x200f9,0xf44,0x200f8,0xf44,0x700f5,
0x64,0xf48,0x93,0xf3f,0xf47,0xf45,0x400a8,0x64,
0xf49,0xf48,0x300f7,0xf4a,0x0,0x400fa,0xf49,0xf4b,
0xf4a,0x200f8,0xf4b,0x50051,0x51,0xf4c,0xb8a,0x1,
0x500af,0x64,0xf4d,0xf4c,0xf3d,0x200f9,0xf4a,0x200f8,
0xf4a,0x700f5,0x64,0xf4e,0x93,0xf44,0xf4d,0xf4b,
0x600a9,0x64,0xf4f,0xf4e,0xf3c,0x65,0x600a9,0x50,
0xf50,0xf4f,0x77,0xdee,0x200f9,0xe04,0x200f8,0xe04,
0x700f5,0x50,0xf51,0xdee,0xdf2,0xf50,0xf4a,0x4003d,
0x50,0xf52,0x9cd,0x500c7,0x50,0xf53,0xf52,0x53,
0x500ab,0x64,0xf54,0xf53,0x56,0x300f7,0xf55,0x0,
0x400fa,0xf54,0xf56,0xf55,0x200f8,0xf56,0x50080,0x50,
0xf57,0x9bd,0x76,0x50080,0x50,0xf58,0xf57,0xf51,
0x60041,0x13c,0xf59,0x26,0x52,0xf58,0x4003d,0x50,
0xf5a,0xf59,0x500c7,0x50,0xf5b,0xf5a,0x117,0x500aa,
0x64,0xf5c,0xf5b,0x56,0x200f9,0xf55,0x200f8,0xf55,
0x700f5,0x64,0xf5d,0x65,0xe04,0xf5c,0xf56,0x300f7,
0xf5e,0x0,0x400fa,0xf5d,0xf5f,0xf5e,0x200f8,0xf5f,
0x200f9,0x9bb,0x200f8,0xf5e,0x50080,0x50,0xf60,0x9bd,
0x76,0x50080,0x50,0xf61,0xf60,0xf51,0x60041,0x13c,
0xf62,0x26,0x52,0xf61,0x4003d,0x50,0xf63,0xf62,
0x50080,0x50,0xf64,0x9bd,0x99,0x60041,0x13c,0xf65,
0x26,0x52,0xf64,0x4003d,0x50,0xf66,0xf65,0x50082,
0x50,0xf67,0x75,0xf66,0x500c7,0x50,0xf68,0xf63,
0x78,0x500c2,0x50,0xf69,0xf63,0x6f,0x500c7,0x50,
0xf6a,0xf69,0x78,0x500c2,0x50,0xf6b,0xf63,0x76,
0x500c7,0x50,0xf6c,0xf6b,0x78,0x60050,0x11f,0xf6d,
0xf68,0xf6a,0xf6c,0x60050,0x11f,0xf6e,0xf67,0xf67,
0xf67,0x50084,0x11f,0xf6f,0xf6d,0xf6e,0x50086,0x11f,
0xf70,0xf6f,0x120,0x500c2,0x50,0xf71,0xf63,0x7b,
0x40070,0x59,0xf72,0xf71,0x50051,0x50,0xf73,0xf70,
0x0,0x50051,0x50,0xf74,0xf70,0x1,0x50051,0x50,
0xf75,0xf70,0x2,0x40070,0x59,0xf76,0xf73,0x40070,
0x59,0xf77,0xf74,0x40070,0x59,0xf78,0xf75,0x70050,
0x7c,0xf79,0xf76,0xf77,0xf78,0xf72,0x50085,0x7c,
0xf7a,0xf79,0x153,0x500c7,0x50,0xf7b,0x8cd,0x70,
0x500ab,0x64,0xf7c,0xf7b,0x56,0x300f7,0xf7d,0x0,
0x400fa,0xf7c,0xf7e,0xf7d,0x200f8,0xf7e,0x8004f,0x72,
0xf7f,0xf7a,0xf7a,0x0,0x1,0x2,0x500bc,0x13e,
0xf80,0xf7f,0x7e,0x50085,0x72,0xf81,0xf7f,0x155,
0x50081,0x72,0xf82,0xf7f,0x80,0x50085,0x72,0xf83,
0xf82,0x157,0x7000c,0x72,0xf84,0x1,0x1a,0xf83,
0x82,0x600a9,0x72,0xf85,0xf80,0xf81,0xf84,0x9004f,
0x7c,0xf86,0xf7a,0xf85,0x4,0x5,0x6,0x3,
0x200f9,0xf7d,0x200f8,0xf7d,0x700f5,0x7c,0xf87,0xf7a,
0xf5e,0xf86,0xf7e,0x200f9,0x9bb,0x200f8,0x9bb,0x1900f5,
0x7c,0xf88,0xd9,0x9fc,0xa33,0xa29,0xd9,0xb57,
0xd9,0xb9e,0xd9,0xbb3,0xd9,0xbd7,0xbfe,0xbf4,
0xd9,0xd31,0xd9,0xd8d,0xd9,0xf5f,0xf87,0xf7d,
0x50051,0x59,0xf89,0xf88,0x3,0x500b6,0x64,0xf8a,
0xf89,0x5e,0x300f7,0xf8b,0x0,0x400fa,0xf8a,0xf8c,
0xf8b,0x200f8,0xf8c,0x8004f,0x72,0xf8d,0xf88,0xf88,
0x0,0x1,0x2,0x7000c,0x72,0xf8e,0x1,0x4f,
0x9a7,0xf8d,0x7000c,0x72,0xf8f,0x1,0x50,0x9aa,
0xf8d,0x200f9,0xf8b,0x200f8,0xf8b,0x700f5,0x72,0x9a8,
0x9a7,0x9bb,0xf8e,0xf8c,0x700f5,0x72,0x9ab,0x9aa,
0x9bb,0xf8f,0xf8c,0x200f9,0x9a9,0x200f8,0x9a9,0x50080,
0x50,0x9ad,0x9ac,0x53,0x200f9,0x9a6,0x200f8,0x9af,
0x200f9,0x995,0x200f8,0x995,0x700f5,0x72,0xf90,0xd1,
0x98e,0x9a7,0x9af,0x700f5,0x72,0xf91,0x91,0x98e,
0x9aa,0x9af,0x4003d,0x50,0xf92,0x991,0x500c7,0x50,
0xf93,0xf92,0x8f,0x500ab,0x64,0xf94,0xf93,0x56,
0x300f7,0xf95,0x0,0x400fa,0xf94,0xf96,0xf95,0x200f8,
0xf96,0x50090,0x7c,0xf97,0xc7,0x8c7,0x8004f,0x72,
0xf98,0xf97,0xf97,0x0,0x1,0x2,0x6000c,0x59,
0xf99,0x1,0x42,0xf98,0x50051,0x59,0xf9a,0x8fc,
0x1,0x50085,0x59,0xf9b,0xf9a,0xf99,0x60052,0x72,
0xf9c,0xf9b,0x8fc,0x1,0x200f9,0xf95,0x200f8,0xf95,
0x700f5,0x72,0xf9d,0x8fc,0x995,0xf9c,0xf96,0x50080,
0x50,0xf9e,0x98f,0x8e,0x60041,0x13c,0xf9f,0x26,
0x52,0xf9e,0x4003d,0x50,0xfa0,0xf9f,0x500aa,0x64,
0xfa1,0xfa0,0x70,0x300f7,0xfa2,0x0,0x400fa,0xfa1,
0xfa3,0xfa2,0x200f8,0xfa3,0x300f7,0xfa4,0x0,0x300fb,
0x56,0xfa5,0x200f8,0xfa5,0x200f9,0xfa6,0x200f8,0xfa6,
0x700f5,0x51,0xfa7,0x52,0xfa5,0xfa8,0xfa9,0x700f5,
0x51,0xfaa,0x52,0xfa5,0xfab,0xfa9,0x700f5,0x59,
0xfac,0x5e,0xfa5,0xfad,0xfa9,0x700f5,0x59,0xfae,
0x5e,0xfa5,0xfaf,0xfa9,0x700f5,0x59,0xfb0,0x5e,
0xfa5,0xfb1,0xfa9,0x700f5,0x59,0xfb2,0x5e,0xfa5,
0xfb3,0xfa9,0x700f5,0x59,0xfb4,0x5e,0xfa5,0xfb5,
0xfa9,0x700f5,0x51,0xfb6,0x52,0xfa5,0xfb7,0xfa9,
0x500b1,0x64,0xfb8,0xfb6,0xd5,0x400f6,0xfb9,0xfa9,
0x0,0x400fa,0xfb8,0xfba,0xfb9,0x200f8,0xfba,0x4007c,
0x50,0xfbb,0xfb6,0x50080,0x50,0xfbc,0x119,0xfbb,
0x50084,0x50,0xfbd,0xfbc,0x70,0x500c7,0x50,0xfbe,
0xfbd,0xc8,0x50080,0x50,0xfbf,0x98f,0x57,0x500c2,
0x50,0xfc0,0xfbe,0x70,0x50080,0x50,0xfc1,0xfbf,
0xfc0,0x60041,0x13c,0xfc2,0x26,0x52,0xfc1,0x4003d,
0x50,0xfc3,0xfc2,0x500c7,0x50,0xfc4,0xfbd,0x61,
0x50084,0x50,0xfc5,0xfc4,0x6f,0x500c7,0x50,0xfc6,
0xfc5,0x7a,0x500c2,0x50,0xfc7,0xfc3,0xfc6,0x500c7,
0x50,0xfc8,0xfc7,0x78,0x50080,0x50,0xfc9,0xfbd,
0x53,0x500c7,0x50,0xfca,0xfc9,0xc8,0x500c2,0x50,
0xfcb,0xfca,0x70,0x50080,0x50,0xfcc,0xfbf,0xfcb,
0x60041,0x13c,0xfcd,0x26,0x52,0xfcc,0x4003d,0x50,
0xfce,0xfcd,0x500c7,0x50,0xfcf,0xfc9,0x61,0x50084,
0x50,0xfd0,0xfcf,0x6f,0x500c7,0x50,0xfd1,0xfd0,
0x7a,0x500c2,0x50,0xfd2,0xfce,0xfd1,0x500c7,0x50,
0xfd3,0xfd2,0x78,0x500c4,0x50,0xfd4,0xfd3,0x6f,
0x500c5,0x50,0xfd5,0xfc8,0xfd4,0x500c7,0x50,0xfd6,
0xfd5,0x58,0x500aa,0x64,0xfd7,0xfd6,0x56,0x300f7,
0xfd8,0x0,0x400fa,0xfd7,0xfd9,0xfd8,0x200f8,0xfd9,
0x200f9,0xfa9,0x200f8,0xfd8,0x500c7,0x50,0xfda,0xfd5,
0x11a,0x4007c,0x51,0xfdb,0xfda,0x50082,0x51,0xfdc,
0xfdb,0xfaa,0x500c7,0x51,0xfdd,0xfdc,0x11b,0x500ad,
0x64,0xfde,0xfdd,0x11c,0x300f7,0xfdf,0x0,0x400fa,
0xfde,0xfe0,0xfdf,0x200f8,0xfe0,0x50082,0x51,0xfe1,
0xfdd,0x11d,0x200f9,0xfdf,0x200f8,0xfdf,0x700f5,0x51,
0xfe2,0xfdd,0xfd8,0xfe1,0xfe0,0x500b4,0x64,0xfe3,
0xfb4,0x5e,0x300f7,0xfe4,0x0,0x400fa,0xfe3,0xfe5,
0xfe6,0x200f8,0xfe6,0x50080,0x51,0xfe7,0xfa7,0xfe2,
0x200f9,0xfe4,0x200f8,0xfe5,0x200f9,0xfe4,0x200f8,0xfe4,
0x700f5,0x51,0xfe8,0xfdb,0xfe5,0xfe7,0xfe6,0x50080,
0x51,0xfe9,0xfb6,0x5b,0x4006f,0x59,0xfea,0xfe9,
0x4006f,0x59,0xfeb,0xfe8,0x50081,0x59,0xfec,0xfb4,
0x6c,0x50081,0x59,0xfed,0xfb0,0xfea,0x50081,0x59,
0xfee,0xfac,0xfeb,0x50085,0x59,0xfef,0xfea,0xfea,
0x50081,0x59,0xff0,0xfb2,0xfef,0x50085,0x59,0xff1,
0xfea,0xfeb,0x50081,0x59,0xff2,0xfae,0xff1,0x200f9,
0xfa9,0x200f8,0xfa9,0x700f5,0x51,0xfa8,0xfa7,0xfd9,
0xfe8,0xfe4,0x700f5,0x51,0xfab,0xfaa,0xfd9,0xfdb,
0xfe4,0x700f5,0x59,0xfad,0xfac,0xfd9,0xfee,0xfe4,
0x700f5,0x59,0xfaf,0xfae,0xfd9,0xff2,0xfe4,0x700f5,
0x59,0xfb1,0xfb0,0xfd9,0xfed,0xfe4,0x700f5,0x59,
0xfb3,0xfb2,0xfd9,0xff0,0xfe4,0x700f5,0x59,0xfb5,
0xfb4,0xfd9,0xfec,0xfe4,0x50080,0x51,0xfb7,0xfb6,
0x5b,0x200f9,0xfa6,0x200f8,0xfb9,0x500b4,0x64,0xff3,
0xfb4,0x5e,0x300f7,0xff4,0x0,0x400fa,0xff3,0xff5,
0xff4,0x200f8,0xff5,0x200f9,0xfa4,0x200f8,0xff4,0x50085,
0x59,0xff6,0xfb4,0xfb2,0x50085,0x59,0xff7,0xfb0,
0xfb0,0x50083,0x59,0xff8,0xff6,0xff7,0x500ba,0x64,
0xff9,0xfb4,0x6c,0x300f7,0xffa,0x0,0x400fa,0xff9,
0xffb,0xffa,0x200f8,0xffb,0x500b6,0x64,0xffc,0xff8,
0x5e,0x200f9,0xffa,0x200f8,0xffa,0x700f5,0x64,0xffd,
0x65,0xff4,0xffc,0xffb,0x300f7,0xffe,0x0,0x400fa,
0xffd,0xfff,0x1000,0x200f8,0x1000,0x200f9,0xffe,0x200f8,
0xfff,0x50085,0x59,0x1001,0xfb4,0xfae,0x50085,0x59,
0x1002,0xfb0,0xfac,0x50083,0x59,0x1003,0x1001,0x1002,
0x50088,0x59,0x1004,0x1003,0xff8,0x200f9,0xffe,0x200f8,
0xffe,0x700f5,0x59,0x1005,0x1004,0xfff,0x5e,0x1000,
0x50085,0x59,0x1006,0x1005,0xfb0,0x50083,0x59,0x1007,
0xfac,0x1006,0x50088,0x59,0x1008,0x1007,0xfb4,0x60050,
0x72,0x1009,0x1008,0x1005,0x6c,0x200f9,0xfa4,0x200f8,
0xfa4,0x700f5,0x72,0x100a,0x91,0xff5,0x1009,0xffe,
0x200f9,0xfa2,0x200f8,0xfa2,0x700f5,0x72,0x100b,0x91,
0xf95,0x100a,0xfa4,0x50080,0x50,0x100c,0x98f,0x77,
0x60041,0x13c,0x100d,0x26,0x52,0x100c,0x4003d,0x50,
0x100e,0x100d,0x500aa,0x64,0x100f,0x100e,0x56,0x300f7,
0x1010,0x0,0x400fa,0x100f,0x1011,0x1010,0x200f8,0x1011,
0x4003d,0x50,0x1012,0x991,0x500c2,0x50,0x1013,0x1012,
0x6f,0x500c7,0x50,0x1014,0x1013,0xc8,0x500ab,0x64,
0x1015,0x1014,0x56,0x200f9,0x1010,0x200f8,0x1010,0x700f5,
0x64,0x1016,0x93,0xfa2,0x1015,0x1011,0x300f7,0x1017,
0x0,0x400fa,0x1016,0x1018,0x1017,0x200f8,0x1018,0x200f9,
0x1019,0x200f8,0x1019,0x700f5,0x50,0x101a,0xc9,0x1018,
0x101b,0x101c,0x700f5,0x50,0x101d,0x56,0x1018,0x101e,
0x101c,0x700f5,0x50,0x101f,0x56,0x1018,0x1020,0x101c,
0x500b0,0x64,0x1021,0x101d,0xca,0x400f6,0x1022,0x101c,
0x0,0x400fa,0x1021,0x1023,0x1022,0x200f8,0x1023,0x50080,
0x50,0x1024,0x98f,0x76,0x50080,0x50,0x1025,0x1024,
0x101d,0x60041,0x13c,0x1026,0x26,0x52,0x1025,0x4003d,
0x50,0x1027,0x1026,0x500c7,0x50,0x1028,0x1027,0x78,
0x500c2,0x50,0x1029,0x1028,0x61,0x50084,0x50,0x102a,
0xcb,0x1029,0x500c2,0x50,0x102b,0x1027,0x6f,0x500c7,
0x50,0x102c,0x102b,0x78,0x500c2,0x50,0x102d,0x102c,
0x61,0x50084,0x50,0x102e,0xcc,0x102d,0x50080,0x50,
0x102f,0x102a,0x102e,0x500c2,0x50,0x1030,0x1027,0x76,
0x500c7,0x50,0x1031,0x1030,0x78,0x500c2,0x50,0x1032,
0x1031,0x61,0x50084,0x50,0x1033,0xc3,0x1032,0x50080,
0x50,0x1034,0x102f,0x1033,0x500b0,0x64,0x1035,0x1034,
0x101a,0x600a9,0x50,0x101b,0x1035,0x1034,0x101a,0x600a9,
0x50,0x1020,0x1035,0x101d,0x101f,0x500aa,0x64,0x1036,
0x1034,0x56,0x300f7,0x1037,0x0,0x400fa,0x1036,0x1038,
0x1037,0x200f8,0x1038,0x200f9,0x1022,0x200f8,0x1037,0x200f9,
0x101c,0x200f8,0x101c,0x50080,0x50,0x101e,0x101d,0x53,
0x200f9,0x1019,0x200f8,0x1022,0x700f5,0x50,0x1039,0x101f,
0x1019,0x1020,0x1038,0x200f9,0x1017,0x200f8,0x1017,0x700f5,
0x50,0x103a,0x56,0x1010,0x1039,0x1022,0x200f9,0x98d,
0x200f8,0x98d,0x700f5,0x72,0x103b,0x91,0x95b,0x100b,
0x1017,0x700f5,0x50,0x103c,0x56,0x95b,0x103a,0x1017,
0x700f5,0x72,0x103d,0x8fc,0x95b,0xf9d,0x1017,0x700f5,
0x72,0x103e,0xd1,0x95b,0xf90,0x1017,0x700f5,0x72,
0x103f,0x91,0x95b,0xf91,0x1017,0x3003e,0x12,0x8f1,
0x3003e,0x13,0x706,0x3003e,0x14,0x707,0x3003e,0x15,
0x64a,0x3003e,0x16,0x98a,0x3003e,0x17,0x708,0x3003e,
0x18,0x798,0x3003e,0x19,0x103b,0x3003e,0x1a,0x103c,
0x3003e,0x1b,0x708,0x3003e,0x1c,0x103d,0x3003e,0x1d,
0x103e,0x3003e,0x1e,0x103f,0x3003e,0x1f,0x927,0x3003e,
0x20,0x928,0x3003e,0x21,0x929,0x3003e,0x22,0x92a,
0x100fd,0x10038
};
inline constexpr std::uint32_t fragment[]={
0x7230203,0x10000,0xe0000,0x1bf,0x0,0x20011,0x1,0x6000b,
0x1,0x4c534c47,0x6474732e,0x3035342e,0x0,0x3000e,0x0,0x1,
0xf000f,0x4,0x2,0x67617266,0x746e656d,0x69616d5f,0x6e,0x3,
0x4,0x5,0x6,0x7,0x8,0x9,0xa,0x30010,
0x2,0x7,0x30003,0x5,0x258,0x90005,0xb,0x65707974,
0x6e6f432e,0x6e617473,0x66754274,0x2e726566,0x656d6143,0x6172,0x60006,0xb,
0x0,0x77656976,0x776f725f,0x73,0x60006,0xb,0x1,0x6a6f7270,
0x69746365,0x6e6f,0x50006,0xb,0x2,0x65666665,0x737463,0x40005,
0xc,0x656d6163,0x6172,0x60005,0x4,0x762e6e69,0x432e7261,0x524f4c4f,
0x30,0x60005,0x5,0x762e6e69,0x432e7261,0x524f4c4f,0x31,0x70005,
0x6,0x762e6e69,0x542e7261,0x4f435845,0x3044524f,0x0,0x70005,0x7,
0x762e6e69,0x542e7261,0x4f435845,0x3144524f,0x0,0x70005,0x8,0x762e6e69,
0x542e7261,0x4f435845,0x3344524f,0x0,0x70005,0x9,0x762e6e69,0x542e7261,
0x4f435845,0x3644524f,0x0,0x70005,0xa,0x2e74756f,0x2e726176,0x545f5653,
0x65677261,0x3074,0x60005,0x2,0x67617266,0x746e656d,0x69616d5f,0x6e,
0x40047,0x3,0xb,0xf,0x30047,0x4,0xe,0x30047,
0x5,0xe,0x30047,0x6,0xe,0x30047,0x7,0xe,
0x30047,0x8,0xe,0x40047,0x4,0x1e,0x0,0x40047,
0x5,0x1e,0x1,0x40047,0x6,0x1e,0x2,0x40047,
0x7,0x1e,0x3,0x40047,0x8,0x1e,0x5,0x40047,
0x9,0x1e,0x8,0x40047,0xa,0x1e,0x0,0x40047,
0xd,0x6,0x10,0x50048,0xb,0x0,0x23,0x0,
0x50048,0xb,0x1,0x23,0x30,0x50048,0xb,0x1,
0x7,0x10,0x40048,0xb,0x1,0x4,0x50048,0xb,
0x2,0x23,0x70,0x30047,0xb,0x2,0x40015,0xe,
0x20,0x0,0x40015,0xf,0x20,0x1,0x4002b,0xe,
0x10,0x0,0x4002b,0xe,0x11,0x1000,0x20014,0x12,
0x3002a,0x12,0x13,0x30016,0x14,0x20,0x4002b,0x14,
0x15,0x3f800000,0x4002b,0xf,0x16,0x0,0x4002b,0xf,
0x17,0x1,0x4002b,0xe,0x18,0x1,0x4002b,0xf,
0x19,0x2,0x30029,0x12,0x1a,0x4002b,0x14,0x1b,
0x429a0000,0x4002b,0x14,0x1c,0x43160000,0x4002b,0x14,0x1d,
0x41e80000,0x40017,0x1e,0x14,0x3,0x6002c,0x1e,0x1f,
0x1b,0x1c,0x1d,0x4002b,0x14,0x20,0x3b808081,0x4002b,
0x14,0x21,0x40a00000,0x4002b,0x14,0x22,0x3f000000,0x4002b,
0xe,0x23,0x4,0x4002b,0xe,0x24,0x8,0x4002b,
0x14,0x25,0x42ca0000,0x4002b,0x14,0x26,0x43450000,0x4002b,
0x14,0x27,0x42400000,0x6002c,0x1e,0x28,0x25,0x26,
0x27,0x4002b,0x14,0x29,0x42b20000,0x4002b,0x14,0x2a,
0x43300000,0x4002b,0x14,0x2b,0x422c0000,0x6002c,0x1e,0x2c,
0x29,0x2a,0x2b,0x4002b,0x14,0x2d,0x428c0000,0x4002b,
0x14,0x2e,0x43090000,0x4002b,0x14,0x2f,0x42080000,0x6002c,
0x1e,0x30,0x2d,0x2e,0x2f,0x4002b,0x14,0x31,
0x0,0x6002c,0x1e,0x32,0x31,0x31,0x31,0x6002c,
0x1e,0x33,0x15,0x15,0x15,0x4002b,0xe,0x34,
0x9,0x4002b,0x14,0x35,0x41000000,0x4002b,0x14,0x36,
0x42200000,0x6002c,0x1e,0x37,0x35,0x21,0x36,0x4002b,
0x14,0x38,0x42820000,0x4002b,0x14,0x39,0x41a00000,0x6002c,
0x1e,0x3a,0x38,0x39,0x1c,0x4002b,0x14,0x3b,
0x435c0000,0x4002b,0x14,0x3c,0x41f00000,0x6002c,0x1e,0x3d,
0x3b,0x3c,0x2d,0x4002b,0x14,0x3e,0x437f0000,0x4002b,
0x14,0x3f,0x41700000,0x6002c,0x1e,0x40,0x3e,0x1c,
0x3f,0x4002b,0x14,0x41,0x43520000,0x6002c,0x1e,0x42,
0x3e,0x3e,0x41,0x4002b,0xe,0x43,0x3,0x4002b,
0xe,0x44,0xa,0x4002b,0x14,0x45,0x3dc0c0c1,0x4002b,
0xe,0x46,0xb,0x4002b,0x14,0x47,0x3ec0c0c1,0x6002c,
0x1e,0x48,0x47,0x47,0x47,0x4002b,0xe,0x49,
0xd,0x4002b,0x14,0x4a,0x425c0000,0x4002b,0x14,0x4b,
0x42c80000,0x6002c,0x1e,0x4c,0x4a,0x35,0x4b,0x4002b,
0x14,0x4d,0x437a0000,0x4002b,0x14,0x4e,0x43750000,0x6002c,
0x1e,0x4f,0x2d,0x4d,0x4e,0x4002b,0xe,0x50,
0xe,0x6002c,0x1e,0x51,0x22,0x22,0x22,0x4002b,
0xe,0x52,0xf,0x4002b,0x14,0x53,0x41c00000,0x6002c,
0x1e,0x54,0x35,0x53,0x38,0x4002b,0x14,0x55,
0x43600000,0x4002b,0x14,0x56,0x43760000,0x6002c,0x1e,0x57,
0x55,0x4d,0x56,0x4002b,0xe,0x58,0x10,0x4002b,
0x14,0x59,0x40400000,0x6002c,0x1e,0x5a,0x59,0x59,
0x59,0x4002b,0x14,0x5b,0x40000000,0x4002b,0x14,0x5c,
0x3f87ae14,0x4002b,0x14,0x5d,0x3f5eb852,0x6002c,0x1e,0x5e,
0x5c,0x15,0x5d,0x4002b,0x14,0x5f,0x3d0f5c29,0x4002b,
0x14,0x60,0x3c75c28f,0x4002b,0x14,0x61,0x3ccccccd,0x6002c,
0x1e,0x62,0x5f,0x60,0x61,0x4002b,0xe,0x63,
0x64,0x40017,0x64,0x14,0x4,0x4001c,0xd,0x64,
0x43,0x40018,0x65,0x64,0x4,0x40017,0x66,0xe,
0x4,0x5001e,0xb,0xd,0x65,0x66,0x40020,0x67,
0x9,0xb,0x40020,0x68,0x1,0x64,0x40020,0x69,
0x1,0xe,0x40017,0x6a,0x14,0x2,0x40020,0x6b,
0x1,0x6a,0x40020,0x6c,0x1,0x66,0x40020,0x6d,
0x3,0x64,0x20013,0x6e,0x30021,0x6f,0x6e,0x40017,
0x70,0xe,0x2,0x40020,0x71,0x7,0x1e,0x4002b,
0xe,0x72,0x5,0x4001c,0x73,0x1e,0x72,0x40020,
0x74,0x7,0x73,0x40020,0x75,0x9,0xe,0x4003b,
0x67,0xc,0x9,0x4003b,0x68,0x3,0x1,0x4003b,
0x68,0x4,0x1,0x4003b,0x68,0x5,0x1,0x4003b,
0x69,0x6,0x1,0x4003b,0x69,0x7,0x1,0x4003b,
0x6c,0x8,0x1,0x4003b,0x6b,0x9,0x1,0x4003b,
0x6d,0xa,0x3,0x8002c,0x73,0x76,0x37,0x3a,
0x3d,0x40,0x42,0x4002b,0x14,0x77,0x3b800000,0x6002c,
0x1e,0x78,0x20,0x20,0x20,0x4002b,0x14,0x79,
0x3e4ccccd,0x6002c,0x1e,0x7a,0x79,0x79,0x79,0x4002b,
0x14,0x7b,0x3e000000,0x6002c,0x1e,0x7c,0x7b,0x7b,
0x7b,0x4002b,0x14,0x7d,0x3a124925,0x4002b,0x14,0x7e,
0x3b99999a,0x4002b,0x14,0x7f,0x3a800000,0x4002b,0x14,0x80,
0x3c7f0000,0x6002c,0x1e,0x81,0x77,0x77,0x77,0x4002b,
0x14,0x82,0x3c23d70a,0x50036,0x6e,0x2,0x0,0x6f,
0x200f8,0x83,0x4003b,0x74,0x84,0x7,0x4003b,0x74,
0x85,0x7,0x4003d,0x64,0x86,0x3,0x4003d,0x64,
0x87,0x4,0x4003d,0x64,0x88,0x5,0x4003d,0xe,
0x89,0x6,0x4003d,0xe,0x8a,0x7,0x4003d,0x66,
0x8b,0x8,0x4003d,0x6a,0x8c,0x9,0x300f7,0x8d,
0x0,0x300fb,0x10,0x8e,0x200f8,0x8e,0x500aa,0x12,
0x8f,0x8a,0x10,0x300f7,0x90,0x0,0x400fa,0x8f,
0x91,0x90,0x200f8,0x91,0x100fc,0x200f8,0x90,0x50051,
0xe,0x92,0x8b,0x3,0x500c7,0xe,0x93,0x92,
0x11,0x500ab,0x12,0x94,0x93,0x10,0x300f7,0x95,
0x0,0x400fa,0x94,0x96,0x95,0x200f8,0x96,0x50094,
0x14,0x97,0x8c,0x8c,0x500ba,0x12,0x98,0x97,
0x15,0x200f9,0x95,0x200f8,0x95,0x700f5,0x12,0x99,
0x13,0x90,0x98,0x96,0x300f7,0x9a,0x0,0x400fa,
0x99,0x9b,0x9a,0x200f8,0x9b,0x100fc,0x200f8,0x9a,
0x500ab,0x12,0x9c,0x89,0x10,0x300f7,0x9d,0x0,
0x400fa,0x9c,0x9e,0x9d,0x200f8,0x9e,0x7004f,0x6a,
0x9f,0x86,0x86,0x0,0x1,0x4006d,0x70,0xa0,
0x9f,0x50050,0x70,0xa1,0x89,0x89,0x50086,0x70,
0xa2,0xa0,0xa1,0x50051,0xe,0xa3,0xa2,0x0,
0x50051,0xe,0xa4,0xa2,0x1,0x500c6,0xe,0xa5,
0xa3,0xa4,0x500c7,0xe,0xa6,0xa5,0x18,0x500ab,
0x12,0xa7,0xa6,0x10,0x300f7,0xa8,0x0,0x400fa,
0xa7,0xa9,0xa8,0x200f8,0xa9,0x300f7,0xaa,0x0,
0x300fb,0x10,0xab,0x200f8,0xab,0x60041,0x75,0xac,
0xc,0x19,0x16,0x4003d,0xe,0xad,0xac,0x500ab,
0x12,0xae,0xad,0x10,0x300f7,0xaf,0x0,0x400fa,
0xae,0xb0,0xaf,0x200f8,0xb0,0x60041,0x75,0xb1,
0xc,0x19,0x17,0x4003d,0xe,0xb2,0xb1,0x500aa,
0x12,0xb3,0xb2,0x10,0x200f9,0xaf,0x200f8,0xaf,
0x700f5,0x12,0xb4,0x1a,0xab,0xb3,0xb0,0x300f7,
0xb5,0x0,0x400fa,0xb4,0xb6,0xb5,0x200f8,0xb6,
0x200f9,0xaa,0x200f8,0xb5,0x8004f,0x1e,0xb7,0x88,
0x88,0x0,0x1,0x2,0x50094,0x14,0xb8,0xb7,
0x1f,0x50085,0x14,0xb9,0xb8,0x77,0x500aa,0x12,
0xba,0xad,0x18,0x300f7,0xbb,0x0,0x400fa,0xba,
0xbc,0xbd,0x200f8,0xbc,0x50051,0x14,0xbe,0x88,
0x0,0x50051,0x14,0xbf,0x88,0x1,0x7000c,0x14,
0xc0,0x1,0x50,0xbe,0xbf,0x50051,0x14,0xc1,
0x88,0x2,0x7000c,0x14,0xc2,0x1,0x50,0xc1,
0x20,0x7000c,0x14,0xc3,0x1,0x50,0xc0,0xc2,
0x50085,0x14,0xc4,0xc3,0x21,0x50081,0x14,0xc5,
0xc4,0x22,0x6000c,0x14,0xc6,0x1,0x8,0xc5,
0x50085,0x14,0xc7,0xc6,0x79,0x7000c,0x14,0xc8,
0x1,0x4f,0x15,0xc7,0x50088,0x14,0xc9,0xc8,
0xc3,0x5008e,0x1e,0xca,0xb7,0xc9,0x200f9,0xbb,
0x200f8,0xbd,0x500aa,0x12,0xcb,0xad,0x23,0x300f7,
0xcc,0x0,0x400fa,0xcb,0xcd,0xce,0x200f8,0xcd,
0x60050,0x1e,0xcf,0xb9,0xb9,0xb9,0x200f9,0xcc,
0x200f8,0xce,0x500aa,0x12,0xd0,0xad,0x24,0x300f7,
0xd1,0x0,0x400fa,0xd0,0xd2,0xd3,0x200f8,0xd2,
0x50094,0x14,0xd4,0xb7,0x28,0x50094,0x14,0xd5,
0xb7,0x2c,0x50094,0x14,0xd6,0xb7,0x30,0x60050,
0x1e,0xd7,0xd4,0xd5,0xd6,0x50085,0x1e,0xd8,
0xd7,0x81,0x8000c,0x1e,0xd9,0x1,0x2b,0xd8,
0x32,0x33,0x200f9,0xd1,0x200f8,0xd3,0x500aa,0x12,
0xda,0xad,0x34,0x300f7,0xdb,0x0,0x400fa,0xda,
0xdc,0xdd,0x200f8,0xdc,0x3003e,0x85,0x76,0x50085,
0x14,0xde,0xb8,0x80,0x4006d,0xe,0xdf,0xde,
0x7000c,0xe,0xe0,0x1,0x26,0xdf,0x43,0x50041,
0x71,0xe1,0x85,0xe0,0x4003d,0x1e,0xe2,0xe1,
0x50080,0xe,0xe3,0xe0,0x18,0x50041,0x71,0xe4,
0x85,0xe3,0x4003d,0x1e,0xe5,0xe4,0x40070,0x14,
0xe6,0xe0,0x50083,0x14,0xe7,0xde,0xe6,0x60050,
0x1e,0xe8,0xe7,0xe7,0xe7,0x8000c,0x1e,0xe9,
0x1,0x2e,0xe2,0xe5,0xe8,0x50085,0x1e,0xea,
0xe9,0x78,0x200f9,0xdb,0x200f8,0xdd,0x500aa,0x12,
0xeb,0xad,0x44,0x300f7,0xec,0x0,0x400fa,0xeb,
0xed,0xee,0x200f8,0xed,0x50085,0x14,0xef,0xb8,
0x7d,0x50085,0x14,0xf0,0xb8,0x7e,0x50081,0x14,
0xf1,0x45,0xf0,0x50085,0x14,0xf2,0xb8,0x7f,
0x60050,0x1e,0xf3,0xef,0xf1,0xf2,0x8000c,0x1e,
0xf4,0x1,0x2b,0xf3,0x32,0x33,0x200f9,0xec,
0x200f8,0xee,0x500aa,0x12,0xf5,0xad,0x46,0x300f7,
0xf6,0x0,0x400fa,0xf5,0xf7,0xf8,0x200f8,0xf7,
0x5008e,0x1e,0xf9,0xb7,0x21,0x50085,0x1e,0xfa,
0xf9,0x7c,0x50081,0x1e,0xfb,0x48,0xfa,0x200f9,
0xf6,0x200f8,0xf8,0x500aa,0x12,0xfc,0xad,0x49,
0x300f7,0xfd,0x0,0x400fa,0xfc,0xfe,0xff,0x200f8,
0xfe,0x60050,0x1e,0x100,0xb9,0xb9,0xb9,0x8000c,
0x1e,0x101,0x1,0x2e,0x4c,0x4f,0x100,0x50085,
0x1e,0x102,0x101,0x78,0x200f9,0xfd,0x200f8,0xff,
0x500aa,0x12,0x103,0xad,0x50,0x300f7,0x104,0x0,
0x400fa,0x103,0x105,0x106,0x200f8,0x105,0x8000c,0x1e,
0x107,0x1,0x2b,0xb7,0x32,0x33,0x5008e,0x1e,
0x108,0x107,0x21,0x50081,0x1e,0x109,0x108,0x51,
0x6000c,0x1e,0x10a,0x1,0x8,0x109,0x50085,0x1e,
0x10b,0x10a,0x7a,0x200f9,0x104,0x200f8,0x106,0x500aa,
0x12,0x10c,0xad,0x52,0x300f7,0x10d,0x0,0x400fa,
0x10c,0x10e,0x10f,0x200f8,0x10e,0x60050,0x1e,0x110,
0xb9,0xb9,0xb9,0x8000c,0x1e,0x111,0x1,0x2e,
0x54,0x57,0x110,0x50085,0x1e,0x112,0x111,0x78,
0x200f9,0x10d,0x200f8,0x10f,0x500aa,0x12,0x113,0xad,
0x58,0x300f7,0x114,0x0,0x400fa,0x113,0x115,0x114,
0x200f8,0x115,0x50085,0x1e,0x116,0xb7,0xb7,0x5008e,
0x1e,0x117,0xb7,0x5b,0x50083,0x1e,0x118,0x5a,
0x117,0x50085,0x1e,0x119,0x116,0x118,0x50085,0x1e,
0x11a,0x119,0x5e,0x50081,0x1e,0x11b,0x11a,0x62,
0x8000c,0x1e,0x11c,0x1,0x2b,0x11b,0x32,0x33,
0x200f9,0x114,0x200f8,0x114,0x700f5,0x1e,0x11d,0xb7,
0x10f,0x11c,0x115,0x200f9,0x10d,0x200f8,0x10d,0x700f5,
0x1e,0x11e,0x112,0x10e,0x11d,0x114,0x200f9,0x104,
0x200f8,0x104,0x700f5,0x1e,0x11f,0x10b,0x105,0x11e,
0x10d,0x200f9,0xfd,0x200f8,0xfd,0x700f5,0x1e,0x120,
0x102,0xfe,0x11f,0x104,0x200f9,0xf6,0x200f8,0xf6,
0x700f5,0x1e,0x121,0xfb,0xf7,0x120,0xfd,0x200f9,
0xec,0x200f8,0xec,0x700f5,0x1e,0x122,0xf4,0xed,
0x121,0xf6,0x200f9,0xdb,0x200f8,0xdb,0x700f5,0x1e,
0x123,0xea,0xdc,0x122,0xec,0x200f9,0xd1,0x200f8,
0xd1,0x700f5,0x1e,0x124,0xd9,0xd2,0x123,0xdb,
0x200f9,0xcc,0x200f8,0xcc,0x700f5,0x1e,0x125,0xcf,
0xcd,0x124,0xd1,0x200f9,0xbb,0x200f8,0xbb,0x700f5,
0x1e,0x126,0xca,0xbc,0x125,0xcc,0x60041,0x75,
0x127,0xc,0x19,0x17,0x4003d,0xe,0x128,0x127,
0x7000c,0xe,0x129,0x1,0x26,0x128,0x63,0x40070,
0x14,0x12a,0x129,0x50085,0x14,0x12b,0x12a,0x82,
0x60050,0x1e,0x12c,0x12b,0x12b,0x12b,0x8000c,0x1e,
0x12d,0x1,0x2e,0xb7,0x126,0x12c,0x50051,0x14,
0x12e,0x88,0x3,0x50051,0x14,0x12f,0x12d,0x0,
0x50051,0x14,0x130,0x12d,0x1,0x50051,0x14,0x131,
0x12d,0x2,0x70050,0x64,0x132,0x12f,0x130,0x131,
0x12e,0x200f9,0xaa,0x200f8,0xaa,0x700f5,0x64,0x133,
0x88,0xb6,0x132,0xbb,0x200f9,0x8d,0x200f8,0xa8,
0x200f9,0x9d,0x200f8,0x9d,0x300f7,0x134,0x0,0x300fb,
0x10,0x135,0x200f8,0x135,0x60041,0x75,0x136,0xc,
0x19,0x16,0x4003d,0xe,0x137,0x136,0x500ab,0x12,
0x138,0x137,0x10,0x300f7,0x139,0x0,0x400fa,0x138,
0x13a,0x139,0x200f8,0x13a,0x60041,0x75,0x13b,0xc,
0x19,0x17,0x4003d,0xe,0x13c,0x13b,0x500aa,0x12,
0x13d,0x13c,0x10,0x200f9,0x139,0x200f8,0x139,0x700f5,
0x12,0x13e,0x1a,0x135,0x13d,0x13a,0x300f7,0x13f,
0x0,0x400fa,0x13e,0x140,0x13f,0x200f8,0x140,0x200f9,
0x134,0x200f8,0x13f,0x8004f,0x1e,0x141,0x87,0x87,
0x0,0x1,0x2,0x50094,0x14,0x142,0x141,0x1f,
0x50085,0x14,0x143,0x142,0x77,0x500aa,0x12,0x144,
0x137,0x18,0x300f7,0x145,0x0,0x400fa,0x144,0x146,
0x147,0x200f8,0x146,0x50051,0x14,0x148,0x87,0x0,
0x50051,0x14,0x149,0x87,0x1,0x7000c,0x14,0x14a,
0x1,0x50,0x148,0x149,0x50051,0x14,0x14b,0x87,
0x2,0x7000c,0x14,0x14c,0x1,0x50,0x14b,0x20,
0x7000c,0x14,0x14d,0x1,0x50,0x14a,0x14c,0x50085,
0x14,0x14e,0x14d,0x21,0x50081,0x14,0x14f,0x14e,
0x22,0x6000c,0x14,0x150,0x1,0x8,0x14f,0x50085,
0x14,0x151,0x150,0x79,0x7000c,0x14,0x152,0x1,
0x4f,0x15,0x151,0x50088,0x14,0x153,0x152,0x14d,
0x5008e,0x1e,0x154,0x141,0x153,0x200f9,0x145,0x200f8,
0x147,0x500aa,0x12,0x155,0x137,0x23,0x300f7,0x156,
0x0,0x400fa,0x155,0x157,0x158,0x200f8,0x157,0x60050,
0x1e,0x159,0x143,0x143,0x143,0x200f9,0x156,0x200f8,
0x158,0x500aa,0x12,0x15a,0x137,0x24,0x300f7,0x15b,
0x0,0x400fa,0x15a,0x15c,0x15d,0x200f8,0x15c,0x50094,
0x14,0x15e,0x141,0x28,0x50094,0x14,0x15f,0x141,
0x2c,0x50094,0x14,0x160,0x141,0x30,0x60050,0x1e,
0x161,0x15e,0x15f,0x160,0x50085,0x1e,0x162,0x161,
0x81,0x8000c,0x1e,0x163,0x1,0x2b,0x162,0x32,
0x33,0x200f9,0x15b,0x200f8,0x15d,0x500aa,0x12,0x164,
0x137,0x34,0x300f7,0x165,0x0,0x400fa,0x164,0x166,
0x167,0x200f8,0x166,0x3003e,0x84,0x76,0x50085,0x14,
0x168,0x142,0x80,0x4006d,0xe,0x169,0x168,0x7000c,
0xe,0x16a,0x1,0x26,0x169,0x43,0x50041,0x71,
0x16b,0x84,0x16a,0x4003d,0x1e,0x16c,0x16b,0x50080,
0xe,0x16d,0x16a,0x18,0x50041,0x71,0x16e,0x84,
0x16d,0x4003d,0x1e,0x16f,0x16e,0x40070,0x14,0x170,
0x16a,0x50083,0x14,0x171,0x168,0x170,0x60050,0x1e,
0x172,0x171,0x171,0x171,0x8000c,0x1e,0x173,0x1,
0x2e,0x16c,0x16f,0x172,0x50085,0x1e,0x174,0x173,
0x78,0x200f9,0x165,0x200f8,0x167,0x500aa,0x12,0x175,
0x137,0x44,0x300f7,0x176,0x0,0x400fa,0x175,0x177,
0x178,0x200f8,0x177,0x50085,0x14,0x179,0x142,0x7d,
0x50085,0x14,0x17a,0x142,0x7e,0x50081,0x14,0x17b,
0x45,0x17a,0x50085,0x14,0x17c,0x142,0x7f,0x60050,
0x1e,0x17d,0x179,0x17b,0x17c,0x8000c,0x1e,0x17e,
0x1,0x2b,0x17d,0x32,0x33,0x200f9,0x176,0x200f8,
0x178,0x500aa,0x12,0x17f,0x137,0x46,0x300f7,0x180,
0x0,0x400fa,0x17f,0x181,0x182,0x200f8,0x181,0x5008e,
0x1e,0x183,0x141,0x21,0x50085,0x1e,0x184,0x183,
0x7c,0x50081,0x1e,0x185,0x48,0x184,0x200f9,0x180,
0x200f8,0x182,0x500aa,0x12,0x186,0x137,0x49,0x300f7,
0x187,0x0,0x400fa,0x186,0x188,0x189,0x200f8,0x188,
0x60050,0x1e,0x18a,0x143,0x143,0x143,0x8000c,0x1e,
0x18b,0x1,0x2e,0x4c,0x4f,0x18a,0x50085,0x1e,
0x18c,0x18b,0x78,0x200f9,0x187,0x200f8,0x189,0x500aa,
0x12,0x18d,0x137,0x50,0x300f7,0x18e,0x0,0x400fa,
0x18d,0x18f,0x190,0x200f8,0x18f,0x8000c,0x1e,0x191,
0x1,0x2b,0x141,0x32,0x33,0x5008e,0x1e,0x192,
0x191,0x21,0x50081,0x1e,0x193,0x192,0x51,0x6000c,
0x1e,0x194,0x1,0x8,0x193,0x50085,0x1e,0x195,
0x194,0x7a,0x200f9,0x18e,0x200f8,0x190,0x500aa,0x12,
0x196,0x137,0x52,0x300f7,0x197,0x0,0x400fa,0x196,
0x198,0x199,0x200f8,0x198,0x60050,0x1e,0x19a,0x143,
0x143,0x143,0x8000c,0x1e,0x19b,0x1,0x2e,0x54,
0x57,0x19a,0x50085,0x1e,0x19c,0x19b,0x78,0x200f9,
0x197,0x200f8,0x199,0x500aa,0x12,0x19d,0x137,0x58,
0x300f7,0x19e,0x0,0x400fa,0x19d,0x19f,0x19e,0x200f8,
0x19f,0x50085,0x1e,0x1a0,0x141,0x141,0x5008e,0x1e,
0x1a1,0x141,0x5b,0x50083,0x1e,0x1a2,0x5a,0x1a1,
0x50085,0x1e,0x1a3,0x1a0,0x1a2,0x50085,0x1e,0x1a4,
0x1a3,0x5e,0x50081,0x1e,0x1a5,0x1a4,0x62,0x8000c,
0x1e,0x1a6,0x1,0x2b,0x1a5,0x32,0x33,0x200f9,
0x19e,0x200f8,0x19e,0x700f5,0x1e,0x1a7,0x141,0x199,
0x1a6,0x19f,0x200f9,0x197,0x200f8,0x197,0x700f5,0x1e,
0x1a8,0x19c,0x198,0x1a7,0x19e,0x200f9,0x18e,0x200f8,
0x18e,0x700f5,0x1e,0x1a9,0x195,0x18f,0x1a8,0x197,
0x200f9,0x187,0x200f8,0x187,0x700f5,0x1e,0x1aa,0x18c,
0x188,0x1a9,0x18e,0x200f9,0x180,0x200f8,0x180,0x700f5,
0x1e,0x1ab,0x185,0x181,0x1aa,0x187,0x200f9,0x176,
0x200f8,0x176,0x700f5,0x1e,0x1ac,0x17e,0x177,0x1ab,
0x180,0x200f9,0x165,0x200f8,0x165,0x700f5,0x1e,0x1ad,
0x174,0x166,0x1ac,0x176,0x200f9,0x15b,0x200f8,0x15b,
0x700f5,0x1e,0x1ae,0x163,0x15c,0x1ad,0x165,0x200f9,
0x156,0x200f8,0x156,0x700f5,0x1e,0x1af,0x159,0x157,
0x1ae,0x15b,0x200f9,0x145,0x200f8,0x145,0x700f5,0x1e,
0x1b0,0x154,0x146,0x1af,0x156,0x60041,0x75,0x1b1,
0xc,0x19,0x17,0x4003d,0xe,0x1b2,0x1b1,0x7000c,
0xe,0x1b3,0x1,0x26,0x1b2,0x63,0x40070,0x14,
0x1b4,0x1b3,0x50085,0x14,0x1b5,0x1b4,0x82,0x60050,
0x1e,0x1b6,0x1b5,0x1b5,0x1b5,0x8000c,0x1e,0x1b7,
0x1,0x2e,0x141,0x1b0,0x1b6,0x50051,0x14,0x1b8,
0x87,0x3,0x50051,0x14,0x1b9,0x1b7,0x0,0x50051,
0x14,0x1ba,0x1b7,0x1,0x50051,0x14,0x1bb,0x1b7,
0x2,0x70050,0x64,0x1bc,0x1b9,0x1ba,0x1bb,0x1b8,
0x200f9,0x134,0x200f8,0x134,0x700f5,0x64,0x1bd,0x87,
0x140,0x1bc,0x145,0x200f9,0x8d,0x200f8,0x8d,0x700f5,
0x64,0x1be,0x133,0xaa,0x1bd,0x134,0x3003e,0xa,
0x1be,0x100fd,0x10038
};
inline constexpr std::uint32_t fragment_textured[]={
0x7230203,0x10000,0xe0000,0x2003,0x0,0x20011,0x1,0x6000b,
0x1,0x4c534c47,0x6474732e,0x3035342e,0x0,0x3000e,0x0,0x1,
0x1b000f,0x4,0x2,0x67617266,0x746e656d,0x7865745f,0x65727574,0x616d5f64,
0x6e69,0x3,0x4,0x5,0x6,0x7,0x8,0x9,
0xa,0xb,0xc,0xd,0xe,0xf,0x10,0x11,
0x12,0x13,0x14,0x30010,0x2,0x7,0x30003,0x5,
0x258,0x90005,0x15,0x65707974,0x6e6f432e,0x6e617473,0x66754274,0x2e726566,
0x656d6143,0x6172,0x60006,0x15,0x0,0x77656976,0x776f725f,0x73,
0x60006,0x15,0x1,0x6a6f7270,0x69746365,0x6e6f,0x50006,0x15,
0x2,0x65666665,0x737463,0x40005,0x16,0x656d6163,0x6172,0x90005,
0x17,0x65707974,0x7274532e,0x75746375,0x42646572,0x65666675,0x69752e72,0x746e,
0x40005,0x18,0x65786574,0x736c,0x60005,0x4,0x762e6e69,0x432e7261,
0x524f4c4f,0x30,0x60005,0x5,0x762e6e69,0x432e7261,0x524f4c4f,0x31,
0x70005,0x6,0x762e6e69,0x542e7261,0x4f435845,0x3044524f,0x0,0x70005,
0x7,0x762e6e69,0x542e7261,0x4f435845,0x3144524f,0x0,0x70005,0x8,
0x762e6e69,0x542e7261,0x4f435845,0x3244524f,0x0,0x70005,0x9,0x762e6e69,
0x542e7261,0x4f435845,0x3344524f,0x0,0x70005,0xa,0x762e6e69,0x542e7261,
0x4f435845,0x3444524f,0x0,0x70005,0xb,0x762e6e69,0x542e7261,0x4f435845,
0x3544524f,0x0,0x70005,0xc,0x762e6e69,0x542e7261,0x4f435845,0x3644524f,
0x0,0x70005,0xd,0x762e6e69,0x542e7261,0x4f435845,0x3744524f,0x0,
0x70005,0xe,0x762e6e69,0x542e7261,0x4f435845,0x3844524f,0x0,0x70005,
0xf,0x762e6e69,0x542e7261,0x4f435845,0x3944524f,0x0,0x70005,0x10,
0x762e6e69,0x542e7261,0x4f435845,0x3144524f,0x30,0x70005,0x11,0x762e6e69,
0x542e7261,0x4f435845,0x3144524f,0x31,0x70005,0x12,0x762e6e69,0x542e7261,
0x4f435845,0x3144524f,0x32,0x70005,0x13,0x762e6e69,0x542e7261,0x4f435845,
0x3144524f,0x33,0x70005,0x14,0x2e74756f,0x2e726176,0x545f5653,0x65677261,
0x3074,0x80005,0x2,0x67617266,0x746e656d,0x7865745f,0x65727574,0x616d5f64,
0x6e69,0x40047,0x3,0xb,0xf,0x30047,0x4,0xe,
0x30047,0x5,0xe,0x30047,0x6,0xe,0x30047,0x7,
0xe,0x30047,0x8,0xd,0x30047,0x9,0xe,0x30047,
0xa,0xe,0x30047,0xb,0xe,0x30047,0xe,0xe,
0x30047,0xf,0xe,0x30047,0x10,0xe,0x30047,0x11,
0xe,0x30047,0x12,0xe,0x30047,0x13,0xe,0x40047,
0x4,0x1e,0x0,0x40047,0x5,0x1e,0x1,0x40047,
0x6,0x1e,0x2,0x40047,0x7,0x1e,0x3,0x40047,
0x8,0x1e,0x4,0x40047,0x9,0x1e,0x5,0x40047,
0xa,0x1e,0x6,0x40047,0xb,0x1e,0x7,0x40047,
0xc,0x1e,0x8,0x40047,0xd,0x1e,0x9,0x40047,
0xe,0x1e,0xa,0x40047,0xf,0x1e,0xb,0x40047,
0x10,0x1e,0xc,0x40047,0x11,0x1e,0xd,0x40047,
0x12,0x1e,0xe,0x40047,0x13,0x1e,0xf,0x40047,
0x14,0x1e,0x0,0x40047,0x18,0x22,0x0,0x40047,
0x18,0x21,0x0,0x40047,0x19,0x6,0x10,0x50048,
0x15,0x0,0x23,0x0,0x50048,0x15,0x1,0x23,
0x30,0x50048,0x15,0x1,0x7,0x10,0x40048,0x15,
0x1,0x4,0x50048,0x15,0x2,0x23,0x70,0x30047,
0x15,0x2,0x40047,0x1a,0x6,0x4,0x50048,0x17,
0x0,0x23,0x0,0x40048,0x17,0x0,0x18,0x30047,
0x17,0x3,0x40015,0x1b,0x20,0x0,0x40015,0x1c,
0x20,0x1,0x4002b,0x1b,0x1d,0x0,0x4002b,0x1c,
0x1e,0x3,0x4002b,0x1b,0x1f,0x2001,0x4002b,0x1b,
0x20,0x800000,0x4002b,0x1c,0x21,0x0,0x4002b,0x1b,
0x22,0x9,0x4002b,0x1b,0x23,0xa,0x4002b,0x1b,
0x24,0x4,0x20014,0x25,0x3002a,0x25,0x26,0x30016,
0x27,0x20,0x4002b,0x27,0x28,0x0,0x40017,0x29,
0x27,0x2,0x5002c,0x29,0x2a,0x28,0x28,0x30029,
0x25,0x2b,0x4002b,0x1b,0x2c,0x1,0x40017,0x2d,
0x1b,0x2,0x5002c,0x2d,0x2e,0x2c,0x2c,0x4002b,
0x1b,0x2f,0x8,0x4002b,0x1c,0x30,0x1,0x4002b,
0x1b,0x31,0x2,0x4002b,0x1b,0x32,0x1f,0x4002b,
0x1b,0x33,0x3,0x4002b,0x1b,0x34,0xff,0x4002b,
0x1c,0x35,0x2,0x4002b,0x1b,0x36,0xb,0x4002b,
0x1b,0x37,0x10,0x4002b,0x27,0x38,0x437f0000,0x40017,
0x39,0x27,0x4,0x4002b,0x27,0x3a,0x3d25aee6,0x40017,
0x3b,0x27,0x3,0x6002c,0x3b,0x3c,0x3a,0x3a,
0x3a,0x4002b,0x27,0x3d,0x3d6147ae,0x6002c,0x3b,0x3e,
0x3d,0x3d,0x3d,0x4002b,0x27,0x3f,0x4019999a,0x6002c,
0x3b,0x40,0x3f,0x3f,0x3f,0x4002b,0x1b,0x41,
0x10000,0x4002b,0x1b,0x42,0x80000000,0x4002b,0x1b,0x43,
0xffff,0x4002b,0x1c,0x44,0x10,0x4002b,0x1c,0x45,
0x1f,0x4002b,0x1b,0x46,0xf,0x4002b,0x1c,0x47,
0xffffffff,0x4002b,0x1c,0x48,0xfffffffe,0x4002b,0x1c,0x49,
0xfffffffd,0x4002b,0x1b,0x4a,0x18,0x4002b,0x1b,0x4b,
0x17,0x4002b,0x1b,0x4c,0xc,0x4002b,0x1b,0x4d,
0xd,0x4002b,0x1b,0x4e,0x20,0x4002b,0x1b,0x4f,
0x100000,0x4002b,0x1b,0x50,0x16,0x4002b,0x1b,0x51,
0x6,0x4002b,0x1b,0x52,0x5,0x4002b,0x1b,0x53,
0x200000,0x4002b,0x1b,0x54,0x400,0x4002b,0x27,0x55,
0x41800000,0x5002c,0x29,0x56,0x55,0x55,0x4002b,0x1b,
0x57,0x8000,0x4002b,0x1b,0x58,0x200,0x40017,0x59,
0x1c,0x2,0x5002c,0x59,0x5a,0x21,0x21,0x4002b,
0x1c,0x5b,0xe0,0x4002b,0x1c,0x5c,0xc0,0x4002b,
0x1b,0x5d,0x100,0x4002b,0x1b,0x5e,0x40000000,0x4002b,
0x1b,0x5f,0x20000000,0x4002b,0x27,0x60,0x429a0000,0x4002b,
0x27,0x61,0x43160000,0x4002b,0x27,0x62,0x41e80000,0x6002c,
0x3b,0x63,0x60,0x61,0x62,0x4002b,0x27,0x64,
0x43800000,0x4002b,0x27,0x65,0x3b808081,0x4002b,0x27,0x66,
0x3f800000,0x4002b,0x27,0x67,0x40a00000,0x4002b,0x27,0x68,
0x3f000000,0x4002b,0x27,0x69,0x42ca0000,0x4002b,0x27,0x6a,
0x43450000,0x4002b,0x27,0x6b,0x42400000,0x6002c,0x3b,0x6c,
0x69,0x6a,0x6b,0x4002b,0x27,0x6d,0x42b20000,0x4002b,
0x27,0x6e,0x43300000,0x4002b,0x27,0x6f,0x422c0000,0x6002c,
0x3b,0x70,0x6d,0x6e,0x6f,0x4002b,0x27,0x71,
0x428c0000,0x4002b,0x27,0x72,0x43090000,0x4002b,0x27,0x73,
0x42080000,0x6002c,0x3b,0x74,0x71,0x72,0x73,0x6002c,
0x3b,0x75,0x28,0x28,0x28,0x6002c,0x3b,0x76,
0x66,0x66,0x66,0x4002b,0x27,0x77,0x41000000,0x4002b,
0x27,0x78,0x42200000,0x6002c,0x3b,0x79,0x77,0x67,
0x78,0x4002b,0x27,0x7a,0x42820000,0x4002b,0x27,0x7b,
0x41a00000,0x6002c,0x3b,0x7c,0x7a,0x7b,0x61,0x4002b,
0x27,0x7d,0x435c0000,0x4002b,0x27,0x7e,0x41f00000,0x6002c,
0x3b,0x7f,0x7d,0x7e,0x71,0x4002b,0x27,0x80,
0x41700000,0x6002c,0x3b,0x81,0x38,0x61,0x80,0x4002b,
0x27,0x82,0x43520000,0x6002c,0x3b,0x83,0x38,0x38,
0x82,0x4002b,0x27,0x84,0x40e00000,0x4002b,0x27,0x85,
0x3dc0c0c1,0x4002b,0x27,0x86,0x40800000,0x4002b,0x27,0x87,
0x3ec0c0c1,0x6002c,0x3b,0x88,0x87,0x87,0x87,0x4002b,
0x27,0x89,0x425c0000,0x4002b,0x27,0x8a,0x42c80000,0x6002c,
0x3b,0x8b,0x89,0x77,0x8a,0x4002b,0x27,0x8c,
0x437a0000,0x4002b,0x27,0x8d,0x43750000,0x6002c,0x3b,0x8e,
0x71,0x8c,0x8d,0x4002b,0x1b,0x8f,0xe,0x6002c,
0x3b,0x90,0x68,0x68,0x68,0x4002b,0x27,0x91,
0x41c00000,0x6002c,0x3b,0x92,0x77,0x91,0x7a,0x4002b,
0x27,0x93,0x43600000,0x4002b,0x27,0x94,0x43760000,0x6002c,
0x3b,0x95,0x93,0x8c,0x94,0x4002b,0x27,0x96,
0x40400000,0x6002c,0x3b,0x97,0x96,0x96,0x96,0x4002b,
0x27,0x98,0x40000000,0x4002b,0x27,0x99,0x3f87ae14,0x4002b,
0x27,0x9a,0x3f5eb852,0x6002c,0x3b,0x9b,0x99,0x66,
0x9a,0x4002b,0x27,0x9c,0x3d0f5c29,0x4002b,0x27,0x9d,
0x3c75c28f,0x4002b,0x27,0x9e,0x3ccccccd,0x6002c,0x3b,0x9f,
0x9c,0x9d,0x9e,0x4002b,0x1b,0xa0,0x64,0x4002b,
0x27,0xa1,0x3727c5ac,0x4002b,0x27,0xa2,0x3da3d70a,0x4002b,
0x27,0xa3,0x3f220c4a,0x4002b,0x27,0xa4,0x40124925,0x4002b,
0x27,0xa5,0x3b03126f,0x4002b,0x27,0xa6,0x3f7f7cee,0x4002b,
0x27,0xa7,0x3a83126f,0x5002c,0x29,0xa8,0x68,0x68,
0x4002b,0x27,0xa9,0x3eeb851f,0x4002b,0x27,0xaa,0x3e3851ec,
0x4002b,0x27,0xab,0x3e991687,0x4002b,0x27,0xac,0x3f1645a2,
0x4002b,0x27,0xad,0x3de978d5,0x6002c,0x3b,0xae,0xab,
0xac,0xad,0x4002b,0x27,0xaf,0x41600000,0x4002b,0x27,
0xb0,0x430c0000,0x4002b,0x27,0xb1,0x3f4ccccd,0x4002b,0x27,
0xb2,0x3e4ccccd,0x4002b,0x27,0xb3,0x41500000,0x4002b,0x1b,
0xb4,0x7,0x40017,0xb5,0x1b,0x3,0x6002c,0xb5,
0xb6,0x46,0x46,0x46,0x4002b,0x1b,0xb7,0x40,
0x4002b,0x1b,0xb8,0x80,0x4002b,0x1b,0xb9,0x2000,
0x4002b,0x1b,0xba,0x1000,0x4002b,0x1c,0xbb,0x7,
0x4002b,0x1b,0xbc,0x8000000,0x4002b,0x27,0xbd,0x43d40000,
0x4002b,0x27,0xbe,0x43c80000,0x4002b,0x27,0xbf,0x43c00000,
0x4002b,0x27,0xc0,0x42a00000,0x4002b,0x27,0xc1,0x38d1b717,
0x4002b,0x27,0xc2,0x43000000,0x4002b,0x27,0xc3,0x44000000,
0x4002b,0x27,0xc4,0x3d3851ec,0x7002c,0x39,0xc5,0x28,
0x28,0x28,0x66,0x4002b,0x27,0xc6,0x42000000,0x4002b,
0x27,0xc7,0x41300000,0x6002c,0x3b,0xc8,0xc7,0xc7,
0xc7,0x4002b,0x27,0xc9,0x41b80000,0x6002c,0x3b,0xca,
0xc9,0xc9,0xc9,0x4002b,0x27,0xcb,0x42140000,0x6002c,
0x3b,0xcc,0xcb,0xcb,0xcb,0x4002b,0x27,0xcd,
0x400851ec,0x4002b,0x27,0xce,0x40e9999a,0x6002c,0x3b,0xcf,
0xce,0xce,0xce,0x4002b,0x27,0xd0,0x3e800000,0x4002b,
0x27,0xd1,0x408bd70a,0x4002b,0x27,0xd2,0x40833333,0x6002c,
0x3b,0xd3,0xd2,0xd2,0xd2,0x4002b,0x27,0xd4,
0x3e19999a,0x4002b,0x27,0xd5,0x410b5c29,0x4002b,0x27,0xd6,
0x419d999a,0x6002c,0x3b,0xd7,0xd6,0xd6,0xd6,0x4002b,
0x27,0xd8,0x3dcccccd,0x6002c,0xb5,0xd9,0x1d,0x52,
0x23,0x6002c,0xb5,0xda,0x32,0x32,0x32,0x6002c,
0xb5,0xdb,0x33,0x33,0x33,0x6002c,0xb5,0xdc,
0x31,0x31,0x31,0x4002b,0x1b,0xdd,0x110,0x4002b,
0x1c,0xde,0x8,0x4002b,0x27,0xdf,0x42e00000,0x4002b,
0x1b,0xe0,0x10000000,0x4002b,0x1c,0xe1,0x40,0x4002b,
0x1c,0xe2,0x20,0x4002b,0x27,0xe3,0x435f0000,0x4002b,
0x27,0xe4,0x3c23d70a,0x4002b,0x27,0xe5,0xc3800000,0x7002c,
0x39,0xe6,0x28,0x28,0x28,0x28,0x4002b,0x1c,
0xe7,0x100,0x4002b,0x1b,0xe8,0x4000,0x4002b,0x1c,
0xe9,0xdf,0x4002b,0x1b,0xea,0x9e3779b9,0x4002b,0x1b,
0xeb,0x85ebca6b,0x4002b,0x1b,0xec,0x7feb352d,0x4002b,0x1b,
0xed,0x150,0x4002b,0x1b,0xee,0x188,0x4002b,0x1b,
0xef,0x140,0x4002b,0x1b,0xf0,0x180,0x4002b,0x1b,
0xf1,0x7f,0x4002b,0x1b,0xf2,0x1000000,0x4002b,0x1c,
0xf3,0x200,0x4002b,0x1b,0xf4,0x158,0x4002b,0x1b,
0xf5,0x168,0x4002b,0x1b,0xf6,0x2000000,0x4002b,0x1b,
0xf7,0x160,0x4002b,0x1b,0xf8,0xc0,0x4002b,0x1b,
0xf9,0x4000000,0x4002b,0x1b,0xfa,0x1b8,0x4002b,0x1c,
0xfb,0xd0,0x4002b,0x1b,0xfc,0xd0,0x4002b,0x1b,
0xfd,0x108,0x4002b,0x1c,0xfe,0x80,0x4002b,0x1c,
0xff,0x400,0x4002b,0x1c,0x100,0x800,0x4002b,0x1b,
0x101,0x3ff,0x4002b,0x1b,0x102,0x120,0x4002b,0x1b,
0x103,0x51,0x4002b,0x1b,0x104,0x5f,0x4002b,0x1b,
0x105,0x130,0x4002b,0x1b,0x106,0x56,0x4002b,0x1b,
0x107,0x58,0x4002b,0x1b,0x108,0x70,0x4002b,0x1b,
0x109,0x90,0x4002b,0x1b,0x10a,0x30,0x4002b,0x1b,
0x10b,0x50,0x4002b,0x1b,0x10c,0x60,0x4002b,0x1b,
0x10d,0x78,0x4002b,0x1b,0x10e,0x98,0x4002b,0x1b,
0x10f,0x28,0x4002b,0x1b,0x110,0xb0,0x4002b,0x1b,
0x111,0xc8,0x4002b,0x1b,0x112,0x178,0x4002b,0x1b,
0x113,0x198,0x4002b,0x1b,0x114,0xa0,0x4002b,0x1b,
0x115,0x1b0,0x4002b,0x1b,0x116,0x1d0,0x4002b,0x1b,
0x117,0xa8,0x4002b,0x1b,0x118,0x1f0,0x4002b,0x1b,
0x119,0xd8,0x4002b,0x1b,0x11a,0xf8,0x4002b,0x1b,
0x11b,0x170,0x4002b,0x1b,0x11c,0x1c0,0x4002b,0x1b,
0x11d,0x128,0x4002b,0x1b,0x11e,0x148,0x4002b,0x1b,
0x11f,0x190,0x4002b,0x1b,0x120,0xb8,0x4002b,0x1b,
0x121,0x1d8,0x4002b,0x1b,0x122,0x1a0,0x4002b,0x1b,
0x123,0xe8,0x4002b,0x1b,0x124,0x88,0x4002b,0x1b,
0x125,0x138,0x4002b,0x1b,0x126,0xffffff,0x40017,0x127,
0x1c,0x3,0x6002c,0x127,0x128,0x30,0x21,0x21,
0x6002c,0x127,0x129,0x21,0x30,0x21,0x6002c,0x127,
0x12a,0x30,0x30,0x21,0x6002c,0x127,0x12b,0x21,
0x21,0x30,0x6002c,0x127,0x12c,0x30,0x21,0x30,
0x6002c,0x127,0x12d,0x21,0x30,0x30,0x6002c,0x127,
0x12e,0x30,0x30,0x30,0x5002c,0x59,0x12f,0x30,
0x21,0x5002c,0x59,0x130,0x21,0x30,0x5002c,0x59,
0x131,0x30,0x30,0x4002b,0x1c,0x132,0x1fff,0x4002b,
0x1b,0x133,0x2fa0,0x4002b,0x1b,0x134,0x1fff,0x4002b,
0x1c,0x135,0xfff,0x4002b,0x1c,0x136,0x2000,0x4002b,
0x27,0x137,0xc0000000,0x4002b,0x27,0x138,0x3f600000,0x4002b,
0x1b,0x139,0x5f356495,0x4002b,0x1b,0x13a,0xe336beb9,0x4002b,
0x1b,0x13b,0xa6d23e7f,0x4002b,0x1b,0x13c,0x85ebca77,0x4002b,
0x1b,0x13d,0xc2b2ae3d,0x4001c,0x19,0x39,0x33,0x40018,
0x13e,0x39,0x4,0x40017,0x13f,0x1b,0x4,0x5001e,
0x15,0x19,0x13e,0x13f,0x40020,0x140,0x9,0x15,
0x3001d,0x1a,0x1b,0x3001e,0x17,0x1a,0x40020,0x141,
0x2,0x17,0x40020,0x142,0x1,0x39,0x40020,0x143,
0x1,0x1b,0x40020,0x144,0x1,0x29,0x40020,0x145,
0x1,0x13f,0x40020,0x146,0x1,0x3b,0x40020,0x147,
0x3,0x39,0x20013,0x148,0x30021,0x149,0x148,0x40020,
0x14a,0x7,0x1b,0x40020,0x14b,0x7,0x1c,0x4001c,
0x14c,0x1c,0x37,0x40020,0x14d,0x7,0x14c,0x40020,
0x14e,0x7,0x13f,0x40020,0x14f,0x2,0x1b,0x40017,
0x150,0x25,0x2,0x40017,0x151,0x25,0x3,0x40020,
0x152,0x7,0x3b,0x4001c,0x153,0x3b,0x52,0x40020,
0x154,0x7,0x153,0x40020,0x155,0x9,0x1b,0x4001c,
0x156,0x1b,0x4e,0x40020,0x157,0x7,0x156,0x40020,
0x158,0x9,0x27,0x4003b,0x140,0x16,0x9,0x4003b,
0x141,0x18,0x2,0x4003b,0x142,0x3,0x1,0x4003b,
0x142,0x4,0x1,0x4003b,0x142,0x5,0x1,0x4003b,
0x143,0x6,0x1,0x4003b,0x143,0x7,0x1,0x4003b,
0x144,0x8,0x1,0x4003b,0x145,0x9,0x1,0x4003b,
0x146,0xa,0x1,0x4003b,0x143,0xb,0x1,0x4003b,
0x144,0xc,0x1,0x4003b,0x146,0xd,0x1,0x4003b,
0x146,0xe,0x1,0x4003b,0x146,0xf,0x1,0x4003b,
0x145,0x10,0x1,0x4003b,0x145,0x11,0x1,0x4003b,
0x145,0x12,0x1,0x4003b,0x145,0x13,0x1,0x4003b,
0x147,0x14,0x3,0x30001,0x39,0x159,0x13002c,0x14c,
0x15a,0x21,0x30,0x35,0x1e,0x1e,0x1e,0x35,
0x30,0x21,0x47,0x48,0x49,0x49,0x49,0x48,
0x47,0x4002b,0x1b,0x15b,0xfffffffc,0x8002c,0x153,0x15c,
0x79,0x7c,0x7f,0x81,0x83,0x7002c,0x39,0x15d,
0x65,0x65,0x65,0x65,0x4002b,0x27,0x15e,0x3d9e8391,
0x6002c,0x3b,0x15f,0x15e,0x15e,0x15e,0x4002b,0x27,
0x160,0x3f72a76f,0x6002c,0x3b,0x161,0x160,0x160,0x160,
0x4002b,0x27,0x162,0x3b800000,0x6002c,0x3b,0x163,0x65,
0x65,0x65,0x6002c,0x3b,0x164,0xb2,0xb2,0xb2,
0x4002b,0x27,0x165,0x3e000000,0x6002c,0x3b,0x166,0x165,
0x165,0x165,0x4002b,0x27,0x167,0x3e124925,0x4002b,0x27,
0x168,0x3a124925,0x4002b,0x27,0x169,0x3b99999a,0x4002b,0x27,
0x16a,0x3a800000,0x4002b,0x27,0x16b,0x3c7f0000,0x6002c,0x3b,
0x16c,0x162,0x162,0x162,0x4002b,0x1b,0x16d,0x4110,
0x4002b,0x1b,0x16e,0x41f0,0x4002b,0x1c,0x16f,0xfffffff8,
0x4002b,0x27,0x170,0x33800001,0x4002b,0x27,0x171,0x3eaaaaab,
0x4002b,0x27,0x172,0x3f880000,0x4002b,0x27,0x173,0xbf733333,
0x4002b,0x27,0x174,0x40200000,0x4002b,0x27,0x175,0x3fb55556,
0x4002b,0x27,0x176,0x3c1c09c1,0x40020,0x177,0x1,0x27,
0x4002b,0x27,0x178,0x44d90fdb,0x5002c,0x29,0x179,0xe5,
0xdf,0x3002e,0x39,0x17a,0x40017,0x17b,0x25,0x4,
0x50036,0x148,0x2,0x0,0x149,0x200f8,0x17c,0x4003b,
0x154,0x17d,0x7,0x4003b,0x154,0x17e,0x7,0x4003b,
0x154,0x17f,0x7,0x4003b,0x157,0x180,0x7,0x4003b,
0x157,0x181,0x7,0x4003b,0x14e,0x182,0x7,0x4003b,
0x14e,0x183,0x7,0x4003b,0x14e,0x184,0x7,0x4003b,
0x14e,0x185,0x7,0x4003b,0x14e,0x186,0x7,0x4003b,
0x14e,0x187,0x7,0x4003b,0x14e,0x188,0x7,0x4003b,
0x14e,0x189,0x7,0x4003b,0x14e,0x18a,0x7,0x4003b,
0x14e,0x18b,0x7,0x4003b,0x14e,0x18c,0x7,0x4003b,
0x14e,0x18d,0x7,0x4003b,0x14d,0x18e,0x7,0x4003d,
0x39,0x18f,0x3,0x4003d,0x39,0x190,0x4,0x4003d,
0x39,0x191,0x5,0x4003d,0x1b,0x192,0x6,0x4003d,
0x1b,0x193,0x7,0x4003d,0x29,0x194,0x8,0x4003d,
0x13f,0x195,0x9,0x4003d,0x1b,0x196,0xb,0x4003d,
0x29,0x197,0xc,0x4003d,0x3b,0x198,0xd,0x4003d,
0x3b,0x199,0xe,0x4003d,0x3b,0x19a,0xf,0x4003d,
0x13f,0x19b,0x10,0x4003d,0x13f,0x19c,0x11,0x4003d,
0x13f,0x19d,0x12,0x4003d,0x13f,0x19e,0x13,0x300f7,
0x19f,0x0,0x300fb,0x1d,0x1a0,0x200f8,0x1a0,0x500aa,
0x25,0x1a1,0x193,0x1d,0x300f7,0x1a2,0x0,0x400fa,
0x1a1,0x1a3,0x1a2,0x200f8,0x1a3,0x100fc,0x200f8,0x1a2,
0x50041,0x143,0x1a4,0x9,0x1e,0x4003d,0x1b,0x1a5,
0x1a4,0x500c7,0x1b,0x1a6,0x1a5,0x1f,0x500aa,0x25,
0x1a7,0x1a6,0x1f,0x300f7,0x1a8,0x0,0x400fa,0x1a7,
0x1a9,0x1a8,0x200f8,0x1a9,0x7004f,0x2d,0x1aa,0x195,
0x195,0x1,0x2,0x50080,0x2d,0x1ab,0x1aa,0x2e,
0x40070,0x29,0x1ac,0x1ab,0x50041,0x177,0x1ad,0x5,
0x1e,0x4003d,0x27,0x1ae,0x1ad,0x4006d,0x1b,0x1af,
0x1ae,0x500aa,0x25,0x1b0,0x1af,0x24,0x300f7,0x1b1,
0x0,0x400fa,0x1b0,0x1b2,0x1b3,0x200f8,0x1b3,0x400cf,
0x29,0x1b4,0x197,0x50085,0x29,0x1b5,0x1b4,0x1ac,
0x6000c,0x27,0x1b6,0x1,0x42,0x1b5,0x400d0,0x29,
0x1b7,0x197,0x50085,0x29,0x1b8,0x1b7,0x1ac,0x6000c,
0x27,0x1b9,0x1,0x42,0x1b8,0x7000c,0x27,0x1ba,
0x1,0x50,0x1b6,0x1b9,0x7000c,0x27,0x1bb,0x1,
0x50,0x1ba,0x66,0x6000c,0x27,0x1bc,0x1,0x1e,
0x1bb,0x60041,0x14f,0x1bd,0x18,0x21,0x2c,0x4003d,
0x1b,0x1be,0x1bd,0x50082,0x1b,0x1bf,0x1be,0x2c,
0x40070,0x27,0x1c0,0x1bf,0x8000c,0x27,0x1c1,0x1,
0x2b,0x1bc,0x28,0x1c0,0x6000c,0x27,0x1c2,0x1,
0x8,0x1c1,0x4006d,0x1b,0x1c3,0x1c2,0x50080,0x1b,
0x1c4,0x1c3,0x2c,0x4003d,0x1b,0x1c5,0x1bd,0x50082,
0x1b,0x1c6,0x1c5,0x2c,0x7000c,0x1b,0x1c7,0x1,
0x26,0x1c4,0x1c6,0x50084,0x1b,0x1c8,0x33,0x1c3,
0x50080,0x1b,0x1c9,0x1c8,0x52,0x60041,0x14f,0x1ca,
0x18,0x21,0x1c9,0x4003d,0x1b,0x1cb,0x1ca,0x40070,
0x27,0x1cc,0x1cb,0x50080,0x1b,0x1cd,0x1c8,0x51,
0x60041,0x14f,0x1ce,0x18,0x21,0x1cd,0x4003d,0x1b,
0x1cf,0x1ce,0x40070,0x27,0x1d0,0x1cf,0x50050,0x29,
0x1d1,0x1cc,0x1d0,0x50085,0x29,0x1d2,0x197,0x1d1,
0x50083,0x29,0x1d3,0x1d2,0xa8,0x6000c,0x29,0x1d4,
0x1,0x8,0x1d3,0x4006e,0x59,0x1d5,0x1d4,0x6000c,
0x29,0x1d6,0x1,0xa,0x1d3,0x50080,0x1b,0x1d7,
0x24,0x1c8,0x4003d,0x1b,0x1d8,0x1ca,0x4007c,0x1c,
0x1d9,0x1d8,0x4003d,0x1b,0x1da,0x1ce,0x4007c,0x1c,
0x1db,0x1da,0x60041,0x14f,0x1dc,0x18,0x21,0x31,
0x4003d,0x1b,0x1dd,0x1dc,0x500ab,0x25,0x1de,0x1dd,
0x1d,0x300f7,0x1df,0x0,0x400fa,0x1de,0x1e0,0x1e1,
0x200f8,0x1e1,0x50051,0x1c,0x1e2,0x1d5,0x0,0x50082,
0x1c,0x1e3,0x1d9,0x30,0x8000c,0x1c,0x1e4,0x1,
0x2d,0x1e2,0x21,0x1e3,0x200f9,0x1df,0x200f8,0x1e0,
0x50051,0x1c,0x1e5,0x1d5,0x0,0x5008a,0x1c,0x1e6,
0x1e5,0x1d9,0x50080,0x1c,0x1e7,0x1e6,0x1d9,0x5008a,
0x1c,0x1e8,0x1e7,0x1d9,0x200f9,0x1df,0x200f8,0x1df,
0x700f5,0x1c,0x1e9,0x1e8,0x1e0,0x1e4,0x1e1,0x50051,
0x1c,0x1ea,0x1d5,0x1,0x50082,0x1c,0x1eb,0x1db,
0x30,0x8000c,0x1c,0x1ec,0x1,0x2d,0x1ea,0x21,
0x1eb,0x60041,0x14f,0x1ed,0x18,0x21,0x1d7,0x4003d,
0x1b,0x1ee,0x1ed,0x50084,0x1c,0x1ef,0x1ec,0x1d9,
0x50080,0x1c,0x1f0,0x1ef,0x1e9,0x4007c,0x1b,0x1f1,
0x1f0,0x50080,0x1b,0x1f2,0x1ee,0x1f1,0x60041,0x14f,
0x1f3,0x18,0x21,0x1f2,0x4003d,0x1b,0x1f4,0x1f3,
0x500c7,0x1b,0x1f5,0x1f4,0x34,0x40070,0x27,0x1f6,
0x1f5,0x500c2,0x1b,0x1f7,0x1f4,0x2f,0x500c7,0x1b,
0x1f8,0x1f7,0x34,0x40070,0x27,0x1f9,0x1f8,0x500c2,
0x1b,0x1fa,0x1f4,0x37,0x500c7,0x1b,0x1fb,0x1fa,
0x34,0x40070,0x27,0x1fc,0x1fb,0x500c2,0x1b,0x1fd,
0x1f4,0x4a,0x40070,0x27,0x1fe,0x1fd,0x70050,0x39,
0x1ff,0x1f6,0x1f9,0x1fc,0x1fe,0x50085,0x39,0x200,
0x1ff,0x15d,0x50080,0x59,0x201,0x1d5,0x12f,0x4003d,
0x1b,0x202,0x1ca,0x4007c,0x1c,0x203,0x202,0x4003d,
0x1b,0x204,0x1ce,0x4007c,0x1c,0x205,0x204,0x4003d,
0x1b,0x206,0x1dc,0x500ab,0x25,0x207,0x206,0x1d,
0x300f7,0x208,0x0,0x400fa,0x207,0x209,0x20a,0x200f8,
0x20a,0x50051,0x1c,0x20b,0x201,0x0,0x50082,0x1c,
0x20c,0x203,0x30,0x8000c,0x1c,0x20d,0x1,0x2d,
0x20b,0x21,0x20c,0x200f9,0x208,0x200f8,0x209,0x50051,
0x1c,0x20e,0x201,0x0,0x5008a,0x1c,0x20f,0x20e,
0x203,0x50080,0x1c,0x210,0x20f,0x203,0x5008a,0x1c,
0x211,0x210,0x203,0x200f9,0x208,0x200f8,0x208,0x700f5,
0x1c,0x212,0x211,0x209,0x20d,0x20a,0x50051,0x1c,
0x213,0x201,0x1,0x50082,0x1c,0x214,0x205,0x30,
0x8000c,0x1c,0x215,0x1,0x2d,0x213,0x21,0x214,
0x4003d,0x1b,0x216,0x1ed,0x50084,0x1c,0x217,0x215,
0x203,0x50080,0x1c,0x218,0x217,0x212,0x4007c,0x1b,
0x219,0x218,0x50080,0x1b,0x21a,0x216,0x219,0x60041,
0x14f,0x21b,0x18,0x21,0x21a,0x4003d,0x1b,0x21c,
0x21b,0x500c7,0x1b,0x21d,0x21c,0x34,0x40070,0x27,
0x21e,0x21d,0x500c2,0x1b,0x21f,0x21c,0x2f,0x500c7,
0x1b,0x220,0x21f,0x34,0x40070,0x27,0x221,0x220,
0x500c2,0x1b,0x222,0x21c,0x37,0x500c7,0x1b,0x223,
0x222,0x34,0x40070,0x27,0x224,0x223,0x500c2,0x1b,
0x225,0x21c,0x4a,0x40070,0x27,0x226,0x225,0x70050,
0x39,0x227,0x21e,0x221,0x224,0x226,0x50085,0x39,
0x228,0x227,0x15d,0x50051,0x27,0x229,0x1d6,0x0,
0x70050,0x39,0x22a,0x229,0x229,0x229,0x229,0x8000c,
0x39,0x22b,0x1,0x2e,0x200,0x228,0x22a,0x50080,
0x59,0x22c,0x1d5,0x130,0x4003d,0x1b,0x22d,0x1ca,
0x4007c,0x1c,0x22e,0x22d,0x4003d,0x1b,0x22f,0x1ce,
0x4007c,0x1c,0x230,0x22f,0x4003d,0x1b,0x231,0x1dc,
0x500ab,0x25,0x232,0x231,0x1d,0x300f7,0x233,0x0,
0x400fa,0x232,0x234,0x235,0x200f8,0x235,0x50051,0x1c,
0x236,0x22c,0x0,0x50082,0x1c,0x237,0x22e,0x30,
0x8000c,0x1c,0x238,0x1,0x2d,0x236,0x21,0x237,
0x200f9,0x233,0x200f8,0x234,0x50051,0x1c,0x239,0x22c,
0x0,0x5008a,0x1c,0x23a,0x239,0x22e,0x50080,0x1c,
0x23b,0x23a,0x22e,0x5008a,0x1c,0x23c,0x23b,0x22e,
0x200f9,0x233,0x200f8,0x233,0x700f5,0x1c,0x23d,0x23c,
0x234,0x238,0x235,0x50051,0x1c,0x23e,0x22c,0x1,
0x50082,0x1c,0x23f,0x230,0x30,0x8000c,0x1c,0x240,
0x1,0x2d,0x23e,0x21,0x23f,0x4003d,0x1b,0x241,
0x1ed,0x50084,0x1c,0x242,0x240,0x22e,0x50080,0x1c,
0x243,0x242,0x23d,0x4007c,0x1b,0x244,0x243,0x50080,
0x1b,0x245,0x241,0x244,0x60041,0x14f,0x246,0x18,
0x21,0x245,0x4003d,0x1b,0x247,0x246,0x500c7,0x1b,
0x248,0x247,0x34,0x40070,0x27,0x249,0x248,0x500c2,
0x1b,0x24a,0x247,0x2f,0x500c7,0x1b,0x24b,0x24a,
0x34,0x40070,0x27,0x24c,0x24b,0x500c2,0x1b,0x24d,
0x247,0x37,0x500c7,0x1b,0x24e,0x24d,0x34,0x40070,
0x27,0x24f,0x24e,0x500c2,0x1b,0x250,0x247,0x4a,
0x40070,0x27,0x251,0x250,0x70050,0x39,0x252,0x249,
0x24c,0x24f,0x251,0x50085,0x39,0x253,0x252,0x15d,
0x50080,0x59,0x254,0x1d5,0x131,0x4003d,0x1b,0x255,
0x1ca,0x4007c,0x1c,0x256,0x255,0x4003d,0x1b,0x257,
0x1ce,0x4007c,0x1c,0x258,0x257,0x4003d,0x1b,0x259,
0x1dc,0x500ab,0x25,0x25a,0x259,0x1d,0x300f7,0x25b,
0x0,0x400fa,0x25a,0x25c,0x25d,0x200f8,0x25d,0x50051,
0x1c,0x25e,0x254,0x0,0x50082,0x1c,0x25f,0x256,
0x30,0x8000c,0x1c,0x260,0x1,0x2d,0x25e,0x21,
0x25f,0x200f9,0x25b,0x200f8,0x25c,0x50051,0x1c,0x261,
0x254,0x0,0x5008a,0x1c,0x262,0x261,0x256,0x50080,
0x1c,0x263,0x262,0x256,0x5008a,0x1c,0x264,0x263,
0x256,0x200f9,0x25b,0x200f8,0x25b,0x700f5,0x1c,0x265,
0x264,0x25c,0x260,0x25d,0x50051,0x1c,0x266,0x254,
0x1,0x50082,0x1c,0x267,0x258,0x30,0x8000c,0x1c,
0x268,0x1,0x2d,0x266,0x21,0x267,0x4003d,0x1b,
0x269,0x1ed,0x50084,0x1c,0x26a,0x268,0x256,0x50080,
0x1c,0x26b,0x26a,0x265,0x4007c,0x1b,0x26c,0x26b,
0x50080,0x1b,0x26d,0x269,0x26c,0x60041,0x14f,0x26e,
0x18,0x21,0x26d,0x4003d,0x1b,0x26f,0x26e,0x500c7,
0x1b,0x270,0x26f,0x34,0x40070,0x27,0x271,0x270,
0x500c2,0x1b,0x272,0x26f,0x2f,0x500c7,0x1b,0x273,
0x272,0x34,0x40070,0x27,0x274,0x273,0x500c2,0x1b,
0x275,0x26f,0x37,0x500c7,0x1b,0x276,0x275,0x34,
0x40070,0x27,0x277,0x276,0x500c2,0x1b,0x278,0x26f,
0x4a,0x40070,0x27,0x279,0x278,0x70050,0x39,0x27a,
0x271,0x274,0x277,0x279,0x50085,0x39,0x27b,0x27a,
0x15d,0x8000c,0x39,0x27c,0x1,0x2e,0x253,0x27b,
0x22a,0x50051,0x27,0x27d,0x1d6,0x1,0x70050,0x39,
0x27e,0x27d,0x27d,0x27d,0x27d,0x8000c,0x39,0x27f,
0x1,0x2e,0x22b,0x27c,0x27e,0x50084,0x1b,0x280,
0x33,0x1c7,0x50080,0x1b,0x281,0x280,0x52,0x60041,
0x14f,0x282,0x18,0x21,0x281,0x4003d,0x1b,0x283,
0x282,0x40070,0x27,0x284,0x283,0x50080,0x1b,0x285,
0x280,0x51,0x60041,0x14f,0x286,0x18,0x21,0x285,
0x4003d,0x1b,0x287,0x286,0x40070,0x27,0x288,0x287,
0x50050,0x29,0x289,0x284,0x288,0x50085,0x29,0x28a,
0x197,0x289,0x50083,0x29,0x28b,0x28a,0xa8,0x6000c,
0x29,0x28c,0x1,0x8,0x28b,0x4006e,0x59,0x28d,
0x28c,0x6000c,0x29,0x28e,0x1,0xa,0x28b,0x50080,
0x1b,0x28f,0x24,0x280,0x4003d,0x1b,0x290,0x282,
0x4007c,0x1c,0x291,0x290,0x4003d,0x1b,0x292,0x286,
0x4007c,0x1c,0x293,0x292,0x4003d,0x1b,0x294,0x1dc,
0x500ab,0x25,0x295,0x294,0x1d,0x300f7,0x296,0x0,
0x400fa,0x295,0x297,0x298,0x200f8,0x298,0x50051,0x1c,
0x299,0x28d,0x0,0x50082,0x1c,0x29a,0x291,0x30,
0x8000c,0x1c,0x29b,0x1,0x2d,0x299,0x21,0x29a,
0x200f9,0x296,0x200f8,0x297,0x50051,0x1c,0x29c,0x28d,
0x0,0x5008a,0x1c,0x29d,0x29c,0x291,0x50080,0x1c,
0x29e,0x29d,0x291,0x5008a,0x1c,0x29f,0x29e,0x291,
0x200f9,0x296,0x200f8,0x296,0x700f5,0x1c,0x2a0,0x29f,
0x297,0x29b,0x298,0x50051,0x1c,0x2a1,0x28d,0x1,
0x50082,0x1c,0x2a2,0x293,0x30,0x8000c,0x1c,0x2a3,
0x1,0x2d,0x2a1,0x21,0x2a2,0x60041,0x14f,0x2a4,
0x18,0x21,0x28f,0x4003d,0x1b,0x2a5,0x2a4,0x50084,
0x1c,0x2a6,0x2a3,0x291,0x50080,0x1c,0x2a7,0x2a6,
0x2a0,0x4007c,0x1b,0x2a8,0x2a7,0x50080,0x1b,0x2a9,
0x2a5,0x2a8,0x60041,0x14f,0x2aa,0x18,0x21,0x2a9,
0x4003d,0x1b,0x2ab,0x2aa,0x500c7,0x1b,0x2ac,0x2ab,
0x34,0x40070,0x27,0x2ad,0x2ac,0x500c2,0x1b,0x2ae,
0x2ab,0x2f,0x500c7,0x1b,0x2af,0x2ae,0x34,0x40070,
0x27,0x2b0,0x2af,0x500c2,0x1b,0x2b1,0x2ab,0x37,
0x500c7,0x1b,0x2b2,0x2b1,0x34,0x40070,0x27,0x2b3,
0x2b2,0x500c2,0x1b,0x2b4,0x2ab,0x4a,0x40070,0x27,
0x2b5,0x2b4,0x70050,0x39,0x2b6,0x2ad,0x2b0,0x2b3,
0x2b5,0x50085,0x39,0x2b7,0x2b6,0x15d,0x50080,0x59,
0x2b8,0x28d,0x12f,0x4003d,0x1b,0x2b9,0x282,0x4007c,
0x1c,0x2ba,0x2b9,0x4003d,0x1b,0x2bb,0x286,0x4007c,
0x1c,0x2bc,0x2bb,0x4003d,0x1b,0x2bd,0x1dc,0x500ab,
0x25,0x2be,0x2bd,0x1d,0x300f7,0x2bf,0x0,0x400fa,
0x2be,0x2c0,0x2c1,0x200f8,0x2c1,0x50051,0x1c,0x2c2,
0x2b8,0x0,0x50082,0x1c,0x2c3,0x2ba,0x30,0x8000c,
0x1c,0x2c4,0x1,0x2d,0x2c2,0x21,0x2c3,0x200f9,
0x2bf,0x200f8,0x2c0,0x50051,0x1c,0x2c5,0x2b8,0x0,
0x5008a,0x1c,0x2c6,0x2c5,0x2ba,0x50080,0x1c,0x2c7,
0x2c6,0x2ba,0x5008a,0x1c,0x2c8,0x2c7,0x2ba,0x200f9,
0x2bf,0x200f8,0x2bf,0x700f5,0x1c,0x2c9,0x2c8,0x2c0,
0x2c4,0x2c1,0x50051,0x1c,0x2ca,0x2b8,0x1,0x50082,
0x1c,0x2cb,0x2bc,0x30,0x8000c,0x1c,0x2cc,0x1,
0x2d,0x2ca,0x21,0x2cb,0x4003d,0x1b,0x2cd,0x2a4,
0x50084,0x1c,0x2ce,0x2cc,0x2ba,0x50080,0x1c,0x2cf,
0x2ce,0x2c9,0x4007c,0x1b,0x2d0,0x2cf,0x50080,0x1b,
0x2d1,0x2cd,0x2d0,0x60041,0x14f,0x2d2,0x18,0x21,
0x2d1,0x4003d,0x1b,0x2d3,0x2d2,0x500c7,0x1b,0x2d4,
0x2d3,0x34,0x40070,0x27,0x2d5,0x2d4,0x500c2,0x1b,
0x2d6,0x2d3,0x2f,0x500c7,0x1b,0x2d7,0x2d6,0x34,
0x40070,0x27,0x2d8,0x2d7,0x500c2,0x1b,0x2d9,0x2d3,
0x37,0x500c7,0x1b,0x2da,0x2d9,0x34,0x40070,0x27,
0x2db,0x2da,0x500c2,0x1b,0x2dc,0x2d3,0x4a,0x40070,
0x27,0x2dd,0x2dc,0x70050,0x39,0x2de,0x2d5,0x2d8,
0x2db,0x2dd,0x50085,0x39,0x2df,0x2de,0x15d,0x50051,
0x27,0x2e0,0x28e,0x0,0x70050,0x39,0x2e1,0x2e0,
0x2e0,0x2e0,0x2e0,0x8000c,0x39,0x2e2,0x1,0x2e,
0x2b7,0x2df,0x2e1,0x50080,0x59,0x2e3,0x28d,0x130,
0x4003d,0x1b,0x2e4,0x282,0x4007c,0x1c,0x2e5,0x2e4,
0x4003d,0x1b,0x2e6,0x286,0x4007c,0x1c,0x2e7,0x2e6,
0x4003d,0x1b,0x2e8,0x1dc,0x500ab,0x25,0x2e9,0x2e8,
0x1d,0x300f7,0x2ea,0x0,0x400fa,0x2e9,0x2eb,0x2ec,
0x200f8,0x2ec,0x50051,0x1c,0x2ed,0x2e3,0x0,0x50082,
0x1c,0x2ee,0x2e5,0x30,0x8000c,0x1c,0x2ef,0x1,
0x2d,0x2ed,0x21,0x2ee,0x200f9,0x2ea,0x200f8,0x2eb,
0x50051,0x1c,0x2f0,0x2e3,0x0,0x5008a,0x1c,0x2f1,
0x2f0,0x2e5,0x50080,0x1c,0x2f2,0x2f1,0x2e5,0x5008a,
0x1c,0x2f3,0x2f2,0x2e5,0x200f9,0x2ea,0x200f8,0x2ea,
0x700f5,0x1c,0x2f4,0x2f3,0x2eb,0x2ef,0x2ec,0x50051,
0x1c,0x2f5,0x2e3,0x1,0x50082,0x1c,0x2f6,0x2e7,
0x30,0x8000c,0x1c,0x2f7,0x1,0x2d,0x2f5,0x21,
0x2f6,0x4003d,0x1b,0x2f8,0x2a4,0x50084,0x1c,0x2f9,
0x2f7,0x2e5,0x50080,0x1c,0x2fa,0x2f9,0x2f4,0x4007c,
0x1b,0x2fb,0x2fa,0x50080,0x1b,0x2fc,0x2f8,0x2fb,
0x60041,0x14f,0x2fd,0x18,0x21,0x2fc,0x4003d,0x1b,
0x2fe,0x2fd,0x500c7,0x1b,0x2ff,0x2fe,0x34,0x40070,
0x27,0x300,0x2ff,0x500c2,0x1b,0x301,0x2fe,0x2f,
0x500c7,0x1b,0x302,0x301,0x34,0x40070,0x27,0x303,
0x302,0x500c2,0x1b,0x304,0x2fe,0x37,0x500c7,0x1b,
0x305,0x304,0x34,0x40070,0x27,0x306,0x305,0x500c2,
0x1b,0x307,0x2fe,0x4a,0x40070,0x27,0x308,0x307,
0x70050,0x39,0x309,0x300,0x303,0x306,0x308,0x50085,
0x39,0x30a,0x309,0x15d,0x50080,0x59,0x30b,0x28d,
0x131,0x4003d,0x1b,0x30c,0x282,0x4007c,0x1c,0x30d,
0x30c,0x4003d,0x1b,0x30e,0x286,0x4007c,0x1c,0x30f,
0x30e,0x4003d,0x1b,0x310,0x1dc,0x500ab,0x25,0x311,
0x310,0x1d,0x300f7,0x312,0x0,0x400fa,0x311,0x313,
0x314,0x200f8,0x314,0x50051,0x1c,0x315,0x30b,0x0,
0x50082,0x1c,0x316,0x30d,0x30,0x8000c,0x1c,0x317,
0x1,0x2d,0x315,0x21,0x316,0x200f9,0x312,0x200f8,
0x313,0x50051,0x1c,0x318,0x30b,0x0,0x5008a,0x1c,
0x319,0x318,0x30d,0x50080,0x1c,0x31a,0x319,0x30d,
0x5008a,0x1c,0x31b,0x31a,0x30d,0x200f9,0x312,0x200f8,
0x312,0x700f5,0x1c,0x31c,0x31b,0x313,0x317,0x314,
0x50051,0x1c,0x31d,0x30b,0x1,0x50082,0x1c,0x31e,
0x30f,0x30,0x8000c,0x1c,0x31f,0x1,0x2d,0x31d,
0x21,0x31e,0x4003d,0x1b,0x320,0x2a4,0x50084,0x1c,
0x321,0x31f,0x30d,0x50080,0x1c,0x322,0x321,0x31c,
0x4007c,0x1b,0x323,0x322,0x50080,0x1b,0x324,0x320,
0x323,0x60041,0x14f,0x325,0x18,0x21,0x324,0x4003d,
0x1b,0x326,0x325,0x500c7,0x1b,0x327,0x326,0x34,
0x40070,0x27,0x328,0x327,0x500c2,0x1b,0x329,0x326,
0x2f,0x500c7,0x1b,0x32a,0x329,0x34,0x40070,0x27,
0x32b,0x32a,0x500c2,0x1b,0x32c,0x326,0x37,0x500c7,
0x1b,0x32d,0x32c,0x34,0x40070,0x27,0x32e,0x32d,
0x500c2,0x1b,0x32f,0x326,0x4a,0x40070,0x27,0x330,
0x32f,0x70050,0x39,0x331,0x328,0x32b,0x32e,0x330,
0x50085,0x39,0x332,0x331,0x15d,0x8000c,0x39,0x333,
0x1,0x2e,0x30a,0x332,0x2e1,0x50051,0x27,0x334,
0x28e,0x1,0x70050,0x39,0x335,0x334,0x334,0x334,
0x334,0x8000c,0x39,0x336,0x1,0x2e,0x2e2,0x333,
0x335,0x6000c,0x27,0x337,0x1,0xa,0x1c1,0x70050,
0x39,0x338,0x337,0x337,0x337,0x337,0x8000c,0x39,
0x339,0x1,0x2e,0x27f,0x336,0x338,0x200f9,0x1b1,
0x200f8,0x1b2,0x6000c,0x3b,0x33a,0x1,0x45,0x198,
0x50051,0x27,0x33b,0x33a,0x1,0x7004f,0x29,0x33c,
0x33a,0x33a,0x0,0x2,0x6000c,0x27,0x33d,0x1,
0x42,0x33c,0x7000c,0x27,0x33e,0x1,0x50,0x33d,
0xa1,0x7000c,0x27,0x33f,0x1,0x19,0x33b,0x33e,
0x500be,0x25,0x340,0x33f,0xa2,0x300f7,0x341,0x0,
0x400fa,0x340,0x342,0x341,0x200f8,0x342,0x100fc,0x200f8,
0x341,0x50041,0x177,0x343,0xc,0x21,0x4003d,0x27,
0x344,0x343,0x50085,0x27,0x345,0x33f,0xa4,0x50083,
0x27,0x346,0xa3,0x345,0x8000c,0x27,0x347,0x1,
0x2b,0x346,0xa5,0xa6,0x50085,0x27,0x348,0x347,
0x171,0x50050,0x29,0x349,0x344,0x348,0x50083,0x27,
0x34a,0x66,0x33b,0x7000c,0x27,0x34b,0x1,0x50,
0x34a,0xa7,0x50050,0x29,0x34c,0x34b,0x34b,0x50088,
0x29,0x34d,0x33c,0x34c,0x5008e,0x29,0x34e,0x34d,
0xa9,0x50081,0x29,0x34f,0xa8,0x34e,0x50051,0x27,
0x350,0x34f,0x1,0x50085,0x27,0x351,0x98,0x350,
0x50081,0x27,0x352,0x66,0x351,0x50085,0x27,0x353,
0x352,0x171,0x60052,0x29,0x354,0x353,0x34f,0x1,
0x4007f,0x27,0x355,0x33f,0x8000c,0x27,0x356,0x1,
0x31,0xa2,0xaa,0x355,0x400cf,0x29,0x357,0x349,
0x50085,0x29,0x358,0x357,0x1ac,0x6000c,0x27,0x359,
0x1,0x42,0x358,0x400d0,0x29,0x35a,0x349,0x50085,
0x29,0x35b,0x35a,0x1ac,0x6000c,0x27,0x35c,0x1,
0x42,0x35b,0x7000c,0x27,0x35d,0x1,0x50,0x359,
0x35c,0x7000c,0x27,0x35e,0x1,0x50,0x35d,0x66,
0x6000c,0x27,0x35f,0x1,0x1e,0x35e,0x60041,0x14f,
0x360,0x18,0x21,0x2c,0x4003d,0x1b,0x361,0x360,
0x50082,0x1b,0x362,0x361,0x2c,0x40070,0x27,0x363,
0x362,0x8000c,0x27,0x364,0x1,0x2b,0x35f,0x28,
0x363,0x6000c,0x27,0x365,0x1,0x8,0x364,0x4006d,
0x1b,0x366,0x365,0x50080,0x1b,0x367,0x366,0x2c,
0x4003d,0x1b,0x368,0x360,0x50082,0x1b,0x369,0x368,
0x2c,0x7000c,0x1b,0x36a,0x1,0x26,0x367,0x369,
0x50084,0x1b,0x36b,0x33,0x366,0x50080,0x1b,0x36c,
0x36b,0x52,0x60041,0x14f,0x36d,0x18,0x21,0x36c,
0x4003d,0x1b,0x36e,0x36d,0x40070,0x27,0x36f,0x36e,
0x50080,0x1b,0x370,0x36b,0x51,0x60041,0x14f,0x371,
0x18,0x21,0x370,0x4003d,0x1b,0x372,0x371,0x40070,
0x27,0x373,0x372,0x50050,0x29,0x374,0x36f,0x373,
0x50085,0x29,0x375,0x349,0x374,0x50083,0x29,0x376,
0x375,0xa8,0x6000c,0x29,0x377,0x1,0x8,0x376,
0x4006e,0x59,0x378,0x377,0x6000c,0x29,0x379,0x1,
0xa,0x376,0x50080,0x1b,0x37a,0x24,0x36b,0x4003d,
0x1b,0x37b,0x36d,0x4007c,0x1c,0x37c,0x37b,0x4003d,
0x1b,0x37d,0x371,0x4007c,0x1c,0x37e,0x37d,0x60041,
0x14f,0x37f,0x18,0x21,0x31,0x4003d,0x1b,0x380,
0x37f,0x500ab,0x25,0x381,0x380,0x1d,0x300f7,0x382,
0x0,0x400fa,0x381,0x383,0x384,0x200f8,0x384,0x50051,
0x1c,0x385,0x378,0x0,0x50082,0x1c,0x386,0x37c,
0x30,0x8000c,0x1c,0x387,0x1,0x2d,0x385,0x21,
0x386,0x200f9,0x382,0x200f8,0x383,0x50051,0x1c,0x388,
0x378,0x0,0x5008a,0x1c,0x389,0x388,0x37c,0x50080,
0x1c,0x38a,0x389,0x37c,0x5008a,0x1c,0x38b,0x38a,
0x37c,0x200f9,0x382,0x200f8,0x382,0x700f5,0x1c,0x38c,
0x38b,0x383,0x387,0x384,0x50051,0x1c,0x38d,0x378,
0x1,0x50082,0x1c,0x38e,0x37e,0x30,0x8000c,0x1c,
0x38f,0x1,0x2d,0x38d,0x21,0x38e,0x60041,0x14f,
0x390,0x18,0x21,0x37a,0x4003d,0x1b,0x391,0x390,
0x50084,0x1c,0x392,0x38f,0x37c,0x50080,0x1c,0x393,
0x392,0x38c,0x4007c,0x1b,0x394,0x393,0x50080,0x1b,
0x395,0x391,0x394,0x60041,0x14f,0x396,0x18,0x21,
0x395,0x4003d,0x1b,0x397,0x396,0x500c7,0x1b,0x398,
0x397,0x34,0x40070,0x27,0x399,0x398,0x500c2,0x1b,
0x39a,0x397,0x2f,0x500c7,0x1b,0x39b,0x39a,0x34,
0x40070,0x27,0x39c,0x39b,0x500c2,0x1b,0x39d,0x397,
0x37,0x500c7,0x1b,0x39e,0x39d,0x34,0x40070,0x27,
0x39f,0x39e,0x500c2,0x1b,0x3a0,0x397,0x4a,0x40070,
0x27,0x3a1,0x3a0,0x70050,0x39,0x3a2,0x399,0x39c,
0x39f,0x3a1,0x50085,0x39,0x3a3,0x3a2,0x15d,0x50080,
0x59,0x3a4,0x378,0x12f,0x4003d,0x1b,0x3a5,0x36d,
0x4007c,0x1c,0x3a6,0x3a5,0x4003d,0x1b,0x3a7,0x371,
0x4007c,0x1c,0x3a8,0x3a7,0x4003d,0x1b,0x3a9,0x37f,
0x500ab,0x25,0x3aa,0x3a9,0x1d,0x300f7,0x3ab,0x0,
0x400fa,0x3aa,0x3ac,0x3ad,0x200f8,0x3ad,0x50051,0x1c,
0x3ae,0x3a4,0x0,0x50082,0x1c,0x3af,0x3a6,0x30,
0x8000c,0x1c,0x3b0,0x1,0x2d,0x3ae,0x21,0x3af,
0x200f9,0x3ab,0x200f8,0x3ac,0x50051,0x1c,0x3b1,0x3a4,
0x0,0x5008a,0x1c,0x3b2,0x3b1,0x3a6,0x50080,0x1c,
0x3b3,0x3b2,0x3a6,0x5008a,0x1c,0x3b4,0x3b3,0x3a6,
0x200f9,0x3ab,0x200f8,0x3ab,0x700f5,0x1c,0x3b5,0x3b4,
0x3ac,0x3b0,0x3ad,0x50051,0x1c,0x3b6,0x3a4,0x1,
0x50082,0x1c,0x3b7,0x3a8,0x30,0x8000c,0x1c,0x3b8,
0x1,0x2d,0x3b6,0x21,0x3b7,0x4003d,0x1b,0x3b9,
0x390,0x50084,0x1c,0x3ba,0x3b8,0x3a6,0x50080,0x1c,
0x3bb,0x3ba,0x3b5,0x4007c,0x1b,0x3bc,0x3bb,0x50080,
0x1b,0x3bd,0x3b9,0x3bc,0x60041,0x14f,0x3be,0x18,
0x21,0x3bd,0x4003d,0x1b,0x3bf,0x3be,0x500c7,0x1b,
0x3c0,0x3bf,0x34,0x40070,0x27,0x3c1,0x3c0,0x500c2,
0x1b,0x3c2,0x3bf,0x2f,0x500c7,0x1b,0x3c3,0x3c2,
0x34,0x40070,0x27,0x3c4,0x3c3,0x500c2,0x1b,0x3c5,
0x3bf,0x37,0x500c7,0x1b,0x3c6,0x3c5,0x34,0x40070,
0x27,0x3c7,0x3c6,0x500c2,0x1b,0x3c8,0x3bf,0x4a,
0x40070,0x27,0x3c9,0x3c8,0x70050,0x39,0x3ca,0x3c1,
0x3c4,0x3c7,0x3c9,0x50085,0x39,0x3cb,0x3ca,0x15d,
0x50051,0x27,0x3cc,0x379,0x0,0x70050,0x39,0x3cd,
0x3cc,0x3cc,0x3cc,0x3cc,0x8000c,0x39,0x3ce,0x1,
0x2e,0x3a3,0x3cb,0x3cd,0x50080,0x59,0x3cf,0x378,
0x130,0x4003d,0x1b,0x3d0,0x36d,0x4007c,0x1c,0x3d1,
0x3d0,0x4003d,0x1b,0x3d2,0x371,0x4007c,0x1c,0x3d3,
0x3d2,0x4003d,0x1b,0x3d4,0x37f,0x500ab,0x25,0x3d5,
0x3d4,0x1d,0x300f7,0x3d6,0x0,0x400fa,0x3d5,0x3d7,
0x3d8,0x200f8,0x3d8,0x50051,0x1c,0x3d9,0x3cf,0x0,
0x50082,0x1c,0x3da,0x3d1,0x30,0x8000c,0x1c,0x3db,
0x1,0x2d,0x3d9,0x21,0x3da,0x200f9,0x3d6,0x200f8,
0x3d7,0x50051,0x1c,0x3dc,0x3cf,0x0,0x5008a,0x1c,
0x3dd,0x3dc,0x3d1,0x50080,0x1c,0x3de,0x3dd,0x3d1,
0x5008a,0x1c,0x3df,0x3de,0x3d1,0x200f9,0x3d6,0x200f8,
0x3d6,0x700f5,0x1c,0x3e0,0x3df,0x3d7,0x3db,0x3d8,
0x50051,0x1c,0x3e1,0x3cf,0x1,0x50082,0x1c,0x3e2,
0x3d3,0x30,0x8000c,0x1c,0x3e3,0x1,0x2d,0x3e1,
0x21,0x3e2,0x4003d,0x1b,0x3e4,0x390,0x50084,0x1c,
0x3e5,0x3e3,0x3d1,0x50080,0x1c,0x3e6,0x3e5,0x3e0,
0x4007c,0x1b,0x3e7,0x3e6,0x50080,0x1b,0x3e8,0x3e4,
0x3e7,0x60041,0x14f,0x3e9,0x18,0x21,0x3e8,0x4003d,
0x1b,0x3ea,0x3e9,0x500c7,0x1b,0x3eb,0x3ea,0x34,
0x40070,0x27,0x3ec,0x3eb,0x500c2,0x1b,0x3ed,0x3ea,
0x2f,0x500c7,0x1b,0x3ee,0x3ed,0x34,0x40070,0x27,
0x3ef,0x3ee,0x500c2,0x1b,0x3f0,0x3ea,0x37,0x500c7,
0x1b,0x3f1,0x3f0,0x34,0x40070,0x27,0x3f2,0x3f1,
0x500c2,0x1b,0x3f3,0x3ea,0x4a,0x40070,0x27,0x3f4,
0x3f3,0x70050,0x39,0x3f5,0x3ec,0x3ef,0x3f2,0x3f4,
0x50085,0x39,0x3f6,0x3f5,0x15d,0x50080,0x59,0x3f7,
0x378,0x131,0x4003d,0x1b,0x3f8,0x36d,0x4007c,0x1c,
0x3f9,0x3f8,0x4003d,0x1b,0x3fa,0x371,0x4007c,0x1c,
0x3fb,0x3fa,0x4003d,0x1b,0x3fc,0x37f,0x500ab,0x25,
0x3fd,0x3fc,0x1d,0x300f7,0x3fe,0x0,0x400fa,0x3fd,
0x3ff,0x400,0x200f8,0x400,0x50051,0x1c,0x401,0x3f7,
0x0,0x50082,0x1c,0x402,0x3f9,0x30,0x8000c,0x1c,
0x403,0x1,0x2d,0x401,0x21,0x402,0x200f9,0x3fe,
0x200f8,0x3ff,0x50051,0x1c,0x404,0x3f7,0x0,0x5008a,
0x1c,0x405,0x404,0x3f9,0x50080,0x1c,0x406,0x405,
0x3f9,0x5008a,0x1c,0x407,0x406,0x3f9,0x200f9,0x3fe,
0x200f8,0x3fe,0x700f5,0x1c,0x408,0x407,0x3ff,0x403,
0x400,0x50051,0x1c,0x409,0x3f7,0x1,0x50082,0x1c,
0x40a,0x3fb,0x30,0x8000c,0x1c,0x40b,0x1,0x2d,
0x409,0x21,0x40a,0x4003d,0x1b,0x40c,0x390,0x50084,
0x1c,0x40d,0x40b,0x3f9,0x50080,0x1c,0x40e,0x40d,
0x408,0x4007c,0x1b,0x40f,0x40e,0x50080,0x1b,0x410,
0x40c,0x40f,0x60041,0x14f,0x411,0x18,0x21,0x410,
0x4003d,0x1b,0x412,0x411,0x500c7,0x1b,0x413,0x412,
0x34,0x40070,0x27,0x414,0x413,0x500c2,0x1b,0x415,
0x412,0x2f,0x500c7,0x1b,0x416,0x415,0x34,0x40070,
0x27,0x417,0x416,0x500c2,0x1b,0x418,0x412,0x37,
0x500c7,0x1b,0x419,0x418,0x34,0x40070,0x27,0x41a,
0x419,0x500c2,0x1b,0x41b,0x412,0x4a,0x40070,0x27,
0x41c,0x41b,0x70050,0x39,0x41d,0x414,0x417,0x41a,
0x41c,0x50085,0x39,0x41e,0x41d,0x15d,0x8000c,0x39,
0x41f,0x1,0x2e,0x3f6,0x41e,0x3cd,0x50051,0x27,
0x420,0x379,0x1,0x70050,0x39,0x421,0x420,0x420,
0x420,0x420,0x8000c,0x39,0x422,0x1,0x2e,0x3ce,
0x41f,0x421,0x50084,0x1b,0x423,0x33,0x36a,0x50080,
0x1b,0x424,0x423,0x52,0x60041,0x14f,0x425,0x18,
0x21,0x424,0x4003d,0x1b,0x426,0x425,0x40070,0x27,
0x427,0x426,0x50080,0x1b,0x428,0x423,0x51,0x60041,
0x14f,0x429,0x18,0x21,0x428,0x4003d,0x1b,0x42a,
0x429,0x40070,0x27,0x42b,0x42a,0x50050,0x29,0x42c,
0x427,0x42b,0x50085,0x29,0x42d,0x349,0x42c,0x50083,
0x29,0x42e,0x42d,0xa8,0x6000c,0x29,0x42f,0x1,
0x8,0x42e,0x4006e,0x59,0x430,0x42f,0x6000c,0x29,
0x431,0x1,0xa,0x42e,0x50080,0x1b,0x432,0x24,
0x423,0x4003d,0x1b,0x433,0x425,0x4007c,0x1c,0x434,
0x433,0x4003d,0x1b,0x435,0x429,0x4007c,0x1c,0x436,
0x435,0x4003d,0x1b,0x437,0x37f,0x500ab,0x25,0x438,
0x437,0x1d,0x300f7,0x439,0x0,0x400fa,0x438,0x43a,
0x43b,0x200f8,0x43b,0x50051,0x1c,0x43c,0x430,0x0,
0x50082,0x1c,0x43d,0x434,0x30,0x8000c,0x1c,0x43e,
0x1,0x2d,0x43c,0x21,0x43d,0x200f9,0x439,0x200f8,
0x43a,0x50051,0x1c,0x43f,0x430,0x0,0x5008a,0x1c,
0x440,0x43f,0x434,0x50080,0x1c,0x441,0x440,0x434,
0x5008a,0x1c,0x442,0x441,0x434,0x200f9,0x439,0x200f8,
0x439,0x700f5,0x1c,0x443,0x442,0x43a,0x43e,0x43b,
0x50051,0x1c,0x444,0x430,0x1,0x50082,0x1c,0x445,
0x436,0x30,0x8000c,0x1c,0x446,0x1,0x2d,0x444,
0x21,0x445,0x60041,0x14f,0x447,0x18,0x21,0x432,
0x4003d,0x1b,0x448,0x447,0x50084,0x1c,0x449,0x446,
0x434,0x50080,0x1c,0x44a,0x449,0x443,0x4007c,0x1b,
0x44b,0x44a,0x50080,0x1b,0x44c,0x448,0x44b,0x60041,
0x14f,0x44d,0x18,0x21,0x44c,0x4003d,0x1b,0x44e,
0x44d,0x500c7,0x1b,0x44f,0x44e,0x34,0x40070,0x27,
0x450,0x44f,0x500c2,0x1b,0x451,0x44e,0x2f,0x500c7,
0x1b,0x452,0x451,0x34,0x40070,0x27,0x453,0x452,
0x500c2,0x1b,0x454,0x44e,0x37,0x500c7,0x1b,0x455,
0x454,0x34,0x40070,0x27,0x456,0x455,0x500c2,0x1b,
0x457,0x44e,0x4a,0x40070,0x27,0x458,0x457,0x70050,
0x39,0x459,0x450,0x453,0x456,0x458,0x50085,0x39,
0x45a,0x459,0x15d,0x50080,0x59,0x45b,0x430,0x12f,
0x4003d,0x1b,0x45c,0x425,0x4007c,0x1c,0x45d,0x45c,
0x4003d,0x1b,0x45e,0x429,0x4007c,0x1c,0x45f,0x45e,
0x4003d,0x1b,0x460,0x37f,0x500ab,0x25,0x461,0x460,
0x1d,0x300f7,0x462,0x0,0x400fa,0x461,0x463,0x464,
0x200f8,0x464,0x50051,0x1c,0x465,0x45b,0x0,0x50082,
0x1c,0x466,0x45d,0x30,0x8000c,0x1c,0x467,0x1,
0x2d,0x465,0x21,0x466,0x200f9,0x462,0x200f8,0x463,
0x50051,0x1c,0x468,0x45b,0x0,0x5008a,0x1c,0x469,
0x468,0x45d,0x50080,0x1c,0x46a,0x469,0x45d,0x5008a,
0x1c,0x46b,0x46a,0x45d,0x200f9,0x462,0x200f8,0x462,
0x700f5,0x1c,0x46c,0x46b,0x463,0x467,0x464,0x50051,
0x1c,0x46d,0x45b,0x1,0x50082,0x1c,0x46e,0x45f,
0x30,0x8000c,0x1c,0x46f,0x1,0x2d,0x46d,0x21,
0x46e,0x4003d,0x1b,0x470,0x447,0x50084,0x1c,0x471,
0x46f,0x45d,0x50080,0x1c,0x472,0x471,0x46c,0x4007c,
0x1b,0x473,0x472,0x50080,0x1b,0x474,0x470,0x473,
0x60041,0x14f,0x475,0x18,0x21,0x474,0x4003d,0x1b,
0x476,0x475,0x500c7,0x1b,0x477,0x476,0x34,0x40070,
0x27,0x478,0x477,0x500c2,0x1b,0x479,0x476,0x2f,
0x500c7,0x1b,0x47a,0x479,0x34,0x40070,0x27,0x47b,
0x47a,0x500c2,0x1b,0x47c,0x476,0x37,0x500c7,0x1b,
0x47d,0x47c,0x34,0x40070,0x27,0x47e,0x47d,0x500c2,
0x1b,0x47f,0x476,0x4a,0x40070,0x27,0x480,0x47f,
0x70050,0x39,0x481,0x478,0x47b,0x47e,0x480,0x50085,
0x39,0x482,0x481,0x15d,0x50051,0x27,0x483,0x431,
0x0,0x70050,0x39,0x484,0x483,0x483,0x483,0x483,
0x8000c,0x39,0x485,0x1,0x2e,0x45a,0x482,0x484,
0x50080,0x59,0x486,0x430,0x130,0x4003d,0x1b,0x487,
0x425,0x4007c,0x1c,0x488,0x487,0x4003d,0x1b,0x489,
0x429,0x4007c,0x1c,0x48a,0x489,0x4003d,0x1b,0x48b,
0x37f,0x500ab,0x25,0x48c,0x48b,0x1d,0x300f7,0x48d,
0x0,0x400fa,0x48c,0x48e,0x48f,0x200f8,0x48f,0x50051,
0x1c,0x490,0x486,0x0,0x50082,0x1c,0x491,0x488,
0x30,0x8000c,0x1c,0x492,0x1,0x2d,0x490,0x21,
0x491,0x200f9,0x48d,0x200f8,0x48e,0x50051,0x1c,0x493,
0x486,0x0,0x5008a,0x1c,0x494,0x493,0x488,0x50080,
0x1c,0x495,0x494,0x488,0x5008a,0x1c,0x496,0x495,
0x488,0x200f9,0x48d,0x200f8,0x48d,0x700f5,0x1c,0x497,
0x496,0x48e,0x492,0x48f,0x50051,0x1c,0x498,0x486,
0x1,0x50082,0x1c,0x499,0x48a,0x30,0x8000c,0x1c,
0x49a,0x1,0x2d,0x498,0x21,0x499,0x4003d,0x1b,
0x49b,0x447,0x50084,0x1c,0x49c,0x49a,0x488,0x50080,
0x1c,0x49d,0x49c,0x497,0x4007c,0x1b,0x49e,0x49d,
0x50080,0x1b,0x49f,0x49b,0x49e,0x60041,0x14f,0x4a0,
0x18,0x21,0x49f,0x4003d,0x1b,0x4a1,0x4a0,0x500c7,
0x1b,0x4a2,0x4a1,0x34,0x40070,0x27,0x4a3,0x4a2,
0x500c2,0x1b,0x4a4,0x4a1,0x2f,0x500c7,0x1b,0x4a5,
0x4a4,0x34,0x40070,0x27,0x4a6,0x4a5,0x500c2,0x1b,
0x4a7,0x4a1,0x37,0x500c7,0x1b,0x4a8,0x4a7,0x34,
0x40070,0x27,0x4a9,0x4a8,0x500c2,0x1b,0x4aa,0x4a1,
0x4a,0x40070,0x27,0x4ab,0x4aa,0x70050,0x39,0x4ac,
0x4a3,0x4a6,0x4a9,0x4ab,0x50085,0x39,0x4ad,0x4ac,
0x15d,0x50080,0x59,0x4ae,0x430,0x131,0x4003d,0x1b,
0x4af,0x425,0x4007c,0x1c,0x4b0,0x4af,0x4003d,0x1b,
0x4b1,0x429,0x4007c,0x1c,0x4b2,0x4b1,0x4003d,0x1b,
0x4b3,0x37f,0x500ab,0x25,0x4b4,0x4b3,0x1d,0x300f7,
0x4b5,0x0,0x400fa,0x4b4,0x4b6,0x4b7,0x200f8,0x4b7,
0x50051,0x1c,0x4b8,0x4ae,0x0,0x50082,0x1c,0x4b9,
0x4b0,0x30,0x8000c,0x1c,0x4ba,0x1,0x2d,0x4b8,
0x21,0x4b9,0x200f9,0x4b5,0x200f8,0x4b6,0x50051,0x1c,
0x4bb,0x4ae,0x0,0x5008a,0x1c,0x4bc,0x4bb,0x4b0,
0x50080,0x1c,0x4bd,0x4bc,0x4b0,0x5008a,0x1c,0x4be,
0x4bd,0x4b0,0x200f9,0x4b5,0x200f8,0x4b5,0x700f5,0x1c,
0x4bf,0x4be,0x4b6,0x4ba,0x4b7,0x50051,0x1c,0x4c0,
0x4ae,0x1,0x50082,0x1c,0x4c1,0x4b2,0x30,0x8000c,
0x1c,0x4c2,0x1,0x2d,0x4c0,0x21,0x4c1,0x4003d,
0x1b,0x4c3,0x447,0x50084,0x1c,0x4c4,0x4c2,0x4b0,
0x50080,0x1c,0x4c5,0x4c4,0x4bf,0x4007c,0x1b,0x4c6,
0x4c5,0x50080,0x1b,0x4c7,0x4c3,0x4c6,0x60041,0x14f,
0x4c8,0x18,0x21,0x4c7,0x4003d,0x1b,0x4c9,0x4c8,
0x500c7,0x1b,0x4ca,0x4c9,0x34,0x40070,0x27,0x4cb,
0x4ca,0x500c2,0x1b,0x4cc,0x4c9,0x2f,0x500c7,0x1b,
0x4cd,0x4cc,0x34,0x40070,0x27,0x4ce,0x4cd,0x500c2,
0x1b,0x4cf,0x4c9,0x37,0x500c7,0x1b,0x4d0,0x4cf,
0x34,0x40070,0x27,0x4d1,0x4d0,0x500c2,0x1b,0x4d2,
0x4c9,0x4a,0x40070,0x27,0x4d3,0x4d2,0x70050,0x39,
0x4d4,0x4cb,0x4ce,0x4d1,0x4d3,0x50085,0x39,0x4d5,
0x4d4,0x15d,0x8000c,0x39,0x4d6,0x1,0x2e,0x4ad,
0x4d5,0x484,0x50051,0x27,0x4d7,0x431,0x1,0x70050,
0x39,0x4d8,0x4d7,0x4d7,0x4d7,0x4d7,0x8000c,0x39,
0x4d9,0x1,0x2e,0x485,0x4d6,0x4d8,0x6000c,0x27,
0x4da,0x1,0xa,0x364,0x70050,0x39,0x4db,0x4da,
0x4da,0x4da,0x4da,0x8000c,0x39,0x4dc,0x1,0x2e,
0x422,0x4d9,0x4db,0x400cf,0x29,0x4dd,0x354,0x50085,
0x29,0x4de,0x4dd,0x1ac,0x6000c,0x27,0x4df,0x1,
0x42,0x4de,0x400d0,0x29,0x4e0,0x354,0x50085,0x29,
0x4e1,0x4e0,0x1ac,0x6000c,0x27,0x4e2,0x1,0x42,
0x4e1,0x7000c,0x27,0x4e3,0x1,0x50,0x4df,0x4e2,
0x7000c,0x27,0x4e4,0x1,0x50,0x4e3,0x66,0x6000c,
0x27,0x4e5,0x1,0x1e,0x4e4,0x4003d,0x1b,0x4e6,
0x360,0x50082,0x1b,0x4e7,0x4e6,0x2c,0x40070,0x27,
0x4e8,0x4e7,0x8000c,0x27,0x4e9,0x1,0x2b,0x4e5,
0x28,0x4e8,0x6000c,0x27,0x4ea,0x1,0x8,0x4e9,
0x4006d,0x1b,0x4eb,0x4ea,0x50080,0x1b,0x4ec,0x4eb,
0x2c,0x4003d,0x1b,0x4ed,0x360,0x50082,0x1b,0x4ee,
0x4ed,0x2c,0x7000c,0x1b,0x4ef,0x1,0x26,0x4ec,
0x4ee,0x50084,0x1b,0x4f0,0x33,0x4eb,0x50080,0x1b,
0x4f1,0x4f0,0x52,0x60041,0x14f,0x4f2,0x18,0x21,
0x4f1,0x4003d,0x1b,0x4f3,0x4f2,0x40070,0x27,0x4f4,
0x4f3,0x50080,0x1b,0x4f5,0x4f0,0x51,0x60041,0x14f,
0x4f6,0x18,0x21,0x4f5,0x4003d,0x1b,0x4f7,0x4f6,
0x40070,0x27,0x4f8,0x4f7,0x50050,0x29,0x4f9,0x4f4,
0x4f8,0x50085,0x29,0x4fa,0x354,0x4f9,0x50083,0x29,
0x4fb,0x4fa,0xa8,0x6000c,0x29,0x4fc,0x1,0x8,
0x4fb,0x4006e,0x59,0x4fd,0x4fc,0x6000c,0x29,0x4fe,
0x1,0xa,0x4fb,0x50080,0x1b,0x4ff,0x24,0x4f0,
0x4003d,0x1b,0x500,0x4f2,0x4007c,0x1c,0x501,0x500,
0x4003d,0x1b,0x502,0x4f6,0x4007c,0x1c,0x503,0x502,
0x4003d,0x1b,0x504,0x37f,0x500ab,0x25,0x505,0x504,
0x1d,0x300f7,0x506,0x0,0x400fa,0x505,0x507,0x508,
0x200f8,0x508,0x50051,0x1c,0x509,0x4fd,0x0,0x50082,
0x1c,0x50a,0x501,0x30,0x8000c,0x1c,0x50b,0x1,
0x2d,0x509,0x21,0x50a,0x200f9,0x506,0x200f8,0x507,
0x50051,0x1c,0x50c,0x4fd,0x0,0x5008a,0x1c,0x50d,
0x50c,0x501,0x50080,0x1c,0x50e,0x50d,0x501,0x5008a,
0x1c,0x50f,0x50e,0x501,0x200f9,0x506,0x200f8,0x506,
0x700f5,0x1c,0x510,0x50f,0x507,0x50b,0x508,0x50051,
0x1c,0x511,0x4fd,0x1,0x50082,0x1c,0x512,0x503,
0x30,0x8000c,0x1c,0x513,0x1,0x2d,0x511,0x21,
0x512,0x60041,0x14f,0x514,0x18,0x21,0x4ff,0x4003d,
0x1b,0x515,0x514,0x50084,0x1c,0x516,0x513,0x501,
0x50080,0x1c,0x517,0x516,0x510,0x4007c,0x1b,0x518,
0x517,0x50080,0x1b,0x519,0x515,0x518,0x60041,0x14f,
0x51a,0x18,0x21,0x519,0x4003d,0x1b,0x51b,0x51a,
0x500c7,0x1b,0x51c,0x51b,0x34,0x40070,0x27,0x51d,
0x51c,0x500c2,0x1b,0x51e,0x51b,0x2f,0x500c7,0x1b,
0x51f,0x51e,0x34,0x40070,0x27,0x520,0x51f,0x500c2,
0x1b,0x521,0x51b,0x37,0x500c7,0x1b,0x522,0x521,
0x34,0x40070,0x27,0x523,0x522,0x500c2,0x1b,0x524,
0x51b,0x4a,0x40070,0x27,0x525,0x524,0x70050,0x39,
0x526,0x51d,0x520,0x523,0x525,0x50085,0x39,0x527,
0x526,0x15d,0x50080,0x59,0x528,0x4fd,0x12f,0x4003d,
0x1b,0x529,0x4f2,0x4007c,0x1c,0x52a,0x529,0x4003d,
0x1b,0x52b,0x4f6,0x4007c,0x1c,0x52c,0x52b,0x4003d,
0x1b,0x52d,0x37f,0x500ab,0x25,0x52e,0x52d,0x1d,
0x300f7,0x52f,0x0,0x400fa,0x52e,0x530,0x531,0x200f8,
0x531,0x50051,0x1c,0x532,0x528,0x0,0x50082,0x1c,
0x533,0x52a,0x30,0x8000c,0x1c,0x534,0x1,0x2d,
0x532,0x21,0x533,0x200f9,0x52f,0x200f8,0x530,0x50051,
0x1c,0x535,0x528,0x0,0x5008a,0x1c,0x536,0x535,
0x52a,0x50080,0x1c,0x537,0x536,0x52a,0x5008a,0x1c,
0x538,0x537,0x52a,0x200f9,0x52f,0x200f8,0x52f,0x700f5,
0x1c,0x539,0x538,0x530,0x534,0x531,0x50051,0x1c,
0x53a,0x528,0x1,0x50082,0x1c,0x53b,0x52c,0x30,
0x8000c,0x1c,0x53c,0x1,0x2d,0x53a,0x21,0x53b,
0x4003d,0x1b,0x53d,0x514,0x50084,0x1c,0x53e,0x53c,
0x52a,0x50080,0x1c,0x53f,0x53e,0x539,0x4007c,0x1b,
0x540,0x53f,0x50080,0x1b,0x541,0x53d,0x540,0x60041,
0x14f,0x542,0x18,0x21,0x541,0x4003d,0x1b,0x543,
0x542,0x500c7,0x1b,0x544,0x543,0x34,0x40070,0x27,
0x545,0x544,0x500c2,0x1b,0x546,0x543,0x2f,0x500c7,
0x1b,0x547,0x546,0x34,0x40070,0x27,0x548,0x547,
0x500c2,0x1b,0x549,0x543,0x37,0x500c7,0x1b,0x54a,
0x549,0x34,0x40070,0x27,0x54b,0x54a,0x500c2,0x1b,
0x54c,0x543,0x4a,0x40070,0x27,0x54d,0x54c,0x70050,
0x39,0x54e,0x545,0x548,0x54b,0x54d,0x50085,0x39,
0x54f,0x54e,0x15d,0x50051,0x27,0x550,0x4fe,0x0,
0x70050,0x39,0x551,0x550,0x550,0x550,0x550,0x8000c,
0x39,0x552,0x1,0x2e,0x527,0x54f,0x551,0x50080,
0x59,0x553,0x4fd,0x130,0x4003d,0x1b,0x554,0x4f2,
0x4007c,0x1c,0x555,0x554,0x4003d,0x1b,0x556,0x4f6,
0x4007c,0x1c,0x557,0x556,0x4003d,0x1b,0x558,0x37f,
0x500ab,0x25,0x559,0x558,0x1d,0x300f7,0x55a,0x0,
0x400fa,0x559,0x55b,0x55c,0x200f8,0x55c,0x50051,0x1c,
0x55d,0x553,0x0,0x50082,0x1c,0x55e,0x555,0x30,
0x8000c,0x1c,0x55f,0x1,0x2d,0x55d,0x21,0x55e,
0x200f9,0x55a,0x200f8,0x55b,0x50051,0x1c,0x560,0x553,
0x0,0x5008a,0x1c,0x561,0x560,0x555,0x50080,0x1c,
0x562,0x561,0x555,0x5008a,0x1c,0x563,0x562,0x555,
0x200f9,0x55a,0x200f8,0x55a,0x700f5,0x1c,0x564,0x563,
0x55b,0x55f,0x55c,0x50051,0x1c,0x565,0x553,0x1,
0x50082,0x1c,0x566,0x557,0x30,0x8000c,0x1c,0x567,
0x1,0x2d,0x565,0x21,0x566,0x4003d,0x1b,0x568,
0x514,0x50084,0x1c,0x569,0x567,0x555,0x50080,0x1c,
0x56a,0x569,0x564,0x4007c,0x1b,0x56b,0x56a,0x50080,
0x1b,0x56c,0x568,0x56b,0x60041,0x14f,0x56d,0x18,
0x21,0x56c,0x4003d,0x1b,0x56e,0x56d,0x500c7,0x1b,
0x56f,0x56e,0x34,0x40070,0x27,0x570,0x56f,0x500c2,
0x1b,0x571,0x56e,0x2f,0x500c7,0x1b,0x572,0x571,
0x34,0x40070,0x27,0x573,0x572,0x500c2,0x1b,0x574,
0x56e,0x37,0x500c7,0x1b,0x575,0x574,0x34,0x40070,
0x27,0x576,0x575,0x500c2,0x1b,0x577,0x56e,0x4a,
0x40070,0x27,0x578,0x577,0x70050,0x39,0x579,0x570,
0x573,0x576,0x578,0x50085,0x39,0x57a,0x579,0x15d,
0x50080,0x59,0x57b,0x4fd,0x131,0x4003d,0x1b,0x57c,
0x4f2,0x4007c,0x1c,0x57d,0x57c,0x4003d,0x1b,0x57e,
0x4f6,0x4007c,0x1c,0x57f,0x57e,0x4003d,0x1b,0x580,
0x37f,0x500ab,0x25,0x581,0x580,0x1d,0x300f7,0x582,
0x0,0x400fa,0x581,0x583,0x584,0x200f8,0x584,0x50051,
0x1c,0x585,0x57b,0x0,0x50082,0x1c,0x586,0x57d,
0x30,0x8000c,0x1c,0x587,0x1,0x2d,0x585,0x21,
0x586,0x200f9,0x582,0x200f8,0x583,0x50051,0x1c,0x588,
0x57b,0x0,0x5008a,0x1c,0x589,0x588,0x57d,0x50080,
0x1c,0x58a,0x589,0x57d,0x5008a,0x1c,0x58b,0x58a,
0x57d,0x200f9,0x582,0x200f8,0x582,0x700f5,0x1c,0x58c,
0x58b,0x583,0x587,0x584,0x50051,0x1c,0x58d,0x57b,
0x1,0x50082,0x1c,0x58e,0x57f,0x30,0x8000c,0x1c,
0x58f,0x1,0x2d,0x58d,0x21,0x58e,0x4003d,0x1b,
0x590,0x514,0x50084,0x1c,0x591,0x58f,0x57d,0x50080,
0x1c,0x592,0x591,0x58c,0x4007c,0x1b,0x593,0x592,
0x50080,0x1b,0x594,0x590,0x593,0x60041,0x14f,0x595,
0x18,0x21,0x594,0x4003d,0x1b,0x596,0x595,0x500c7,
0x1b,0x597,0x596,0x34,0x40070,0x27,0x598,0x597,
0x500c2,0x1b,0x599,0x596,0x2f,0x500c7,0x1b,0x59a,
0x599,0x34,0x40070,0x27,0x59b,0x59a,0x500c2,0x1b,
0x59c,0x596,0x37,0x500c7,0x1b,0x59d,0x59c,0x34,
0x40070,0x27,0x59e,0x59d,0x500c2,0x1b,0x59f,0x596,
0x4a,0x40070,0x27,0x5a0,0x59f,0x70050,0x39,0x5a1,
0x598,0x59b,0x59e,0x5a0,0x50085,0x39,0x5a2,0x5a1,
0x15d,0x8000c,0x39,0x5a3,0x1,0x2e,0x57a,0x5a2,
0x551,0x50051,0x27,0x5a4,0x4fe,0x1,0x70050,0x39,
0x5a5,0x5a4,0x5a4,0x5a4,0x5a4,0x8000c,0x39,0x5a6,
0x1,0x2e,0x552,0x5a3,0x5a5,0x50084,0x1b,0x5a7,
0x33,0x4ef,0x50080,0x1b,0x5a8,0x5a7,0x52,0x60041,
0x14f,0x5a9,0x18,0x21,0x5a8,0x4003d,0x1b,0x5aa,
0x5a9,0x40070,0x27,0x5ab,0x5aa,0x50080,0x1b,0x5ac,
0x5a7,0x51,0x60041,0x14f,0x5ad,0x18,0x21,0x5ac,
0x4003d,0x1b,0x5ae,0x5ad,0x40070,0x27,0x5af,0x5ae,
0x50050,0x29,0x5b0,0x5ab,0x5af,0x50085,0x29,0x5b1,
0x354,0x5b0,0x50083,0x29,0x5b2,0x5b1,0xa8,0x6000c,
0x29,0x5b3,0x1,0x8,0x5b2,0x4006e,0x59,0x5b4,
0x5b3,0x6000c,0x29,0x5b5,0x1,0xa,0x5b2,0x50080,
0x1b,0x5b6,0x24,0x5a7,0x4003d,0x1b,0x5b7,0x5a9,
0x4007c,0x1c,0x5b8,0x5b7,0x4003d,0x1b,0x5b9,0x5ad,
0x4007c,0x1c,0x5ba,0x5b9,0x4003d,0x1b,0x5bb,0x37f,
0x500ab,0x25,0x5bc,0x5bb,0x1d,0x300f7,0x5bd,0x0,
0x400fa,0x5bc,0x5be,0x5bf,0x200f8,0x5bf,0x50051,0x1c,
0x5c0,0x5b4,0x0,0x50082,0x1c,0x5c1,0x5b8,0x30,
0x8000c,0x1c,0x5c2,0x1,0x2d,0x5c0,0x21,0x5c1,
0x200f9,0x5bd,0x200f8,0x5be,0x50051,0x1c,0x5c3,0x5b4,
0x0,0x5008a,0x1c,0x5c4,0x5c3,0x5b8,0x50080,0x1c,
0x5c5,0x5c4,0x5b8,0x5008a,0x1c,0x5c6,0x5c5,0x5b8,
0x200f9,0x5bd,0x200f8,0x5bd,0x700f5,0x1c,0x5c7,0x5c6,
0x5be,0x5c2,0x5bf,0x50051,0x1c,0x5c8,0x5b4,0x1,
0x50082,0x1c,0x5c9,0x5ba,0x30,0x8000c,0x1c,0x5ca,
0x1,0x2d,0x5c8,0x21,0x5c9,0x60041,0x14f,0x5cb,
0x18,0x21,0x5b6,0x4003d,0x1b,0x5cc,0x5cb,0x50084,
0x1c,0x5cd,0x5ca,0x5b8,0x50080,0x1c,0x5ce,0x5cd,
0x5c7,0x4007c,0x1b,0x5cf,0x5ce,0x50080,0x1b,0x5d0,
0x5cc,0x5cf,0x60041,0x14f,0x5d1,0x18,0x21,0x5d0,
0x4003d,0x1b,0x5d2,0x5d1,0x500c7,0x1b,0x5d3,0x5d2,
0x34,0x40070,0x27,0x5d4,0x5d3,0x500c2,0x1b,0x5d5,
0x5d2,0x2f,0x500c7,0x1b,0x5d6,0x5d5,0x34,0x40070,
0x27,0x5d7,0x5d6,0x500c2,0x1b,0x5d8,0x5d2,0x37,
0x500c7,0x1b,0x5d9,0x5d8,0x34,0x40070,0x27,0x5da,
0x5d9,0x500c2,0x1b,0x5db,0x5d2,0x4a,0x40070,0x27,
0x5dc,0x5db,0x70050,0x39,0x5dd,0x5d4,0x5d7,0x5da,
0x5dc,0x50085,0x39,0x5de,0x5dd,0x15d,0x50080,0x59,
0x5df,0x5b4,0x12f,0x4003d,0x1b,0x5e0,0x5a9,0x4007c,
0x1c,0x5e1,0x5e0,0x4003d,0x1b,0x5e2,0x5ad,0x4007c,
0x1c,0x5e3,0x5e2,0x4003d,0x1b,0x5e4,0x37f,0x500ab,
0x25,0x5e5,0x5e4,0x1d,0x300f7,0x5e6,0x0,0x400fa,
0x5e5,0x5e7,0x5e8,0x200f8,0x5e8,0x50051,0x1c,0x5e9,
0x5df,0x0,0x50082,0x1c,0x5ea,0x5e1,0x30,0x8000c,
0x1c,0x5eb,0x1,0x2d,0x5e9,0x21,0x5ea,0x200f9,
0x5e6,0x200f8,0x5e7,0x50051,0x1c,0x5ec,0x5df,0x0,
0x5008a,0x1c,0x5ed,0x5ec,0x5e1,0x50080,0x1c,0x5ee,
0x5ed,0x5e1,0x5008a,0x1c,0x5ef,0x5ee,0x5e1,0x200f9,
0x5e6,0x200f8,0x5e6,0x700f5,0x1c,0x5f0,0x5ef,0x5e7,
0x5eb,0x5e8,0x50051,0x1c,0x5f1,0x5df,0x1,0x50082,
0x1c,0x5f2,0x5e3,0x30,0x8000c,0x1c,0x5f3,0x1,
0x2d,0x5f1,0x21,0x5f2,0x4003d,0x1b,0x5f4,0x5cb,
0x50084,0x1c,0x5f5,0x5f3,0x5e1,0x50080,0x1c,0x5f6,
0x5f5,0x5f0,0x4007c,0x1b,0x5f7,0x5f6,0x50080,0x1b,
0x5f8,0x5f4,0x5f7,0x60041,0x14f,0x5f9,0x18,0x21,
0x5f8,0x4003d,0x1b,0x5fa,0x5f9,0x500c7,0x1b,0x5fb,
0x5fa,0x34,0x40070,0x27,0x5fc,0x5fb,0x500c2,0x1b,
0x5fd,0x5fa,0x2f,0x500c7,0x1b,0x5fe,0x5fd,0x34,
0x40070,0x27,0x5ff,0x5fe,0x500c2,0x1b,0x600,0x5fa,
0x37,0x500c7,0x1b,0x601,0x600,0x34,0x40070,0x27,
0x602,0x601,0x500c2,0x1b,0x603,0x5fa,0x4a,0x40070,
0x27,0x604,0x603,0x70050,0x39,0x605,0x5fc,0x5ff,
0x602,0x604,0x50085,0x39,0x606,0x605,0x15d,0x50051,
0x27,0x607,0x5b5,0x0,0x70050,0x39,0x608,0x607,
0x607,0x607,0x607,0x8000c,0x39,0x609,0x1,0x2e,
0x5de,0x606,0x608,0x50080,0x59,0x60a,0x5b4,0x130,
0x4003d,0x1b,0x60b,0x5a9,0x4007c,0x1c,0x60c,0x60b,
0x4003d,0x1b,0x60d,0x5ad,0x4007c,0x1c,0x60e,0x60d,
0x4003d,0x1b,0x60f,0x37f,0x500ab,0x25,0x610,0x60f,
0x1d,0x300f7,0x611,0x0,0x400fa,0x610,0x612,0x613,
0x200f8,0x613,0x50051,0x1c,0x614,0x60a,0x0,0x50082,
0x1c,0x615,0x60c,0x30,0x8000c,0x1c,0x616,0x1,
0x2d,0x614,0x21,0x615,0x200f9,0x611,0x200f8,0x612,
0x50051,0x1c,0x617,0x60a,0x0,0x5008a,0x1c,0x618,
0x617,0x60c,0x50080,0x1c,0x619,0x618,0x60c,0x5008a,
0x1c,0x61a,0x619,0x60c,0x200f9,0x611,0x200f8,0x611,
0x700f5,0x1c,0x61b,0x61a,0x612,0x616,0x613,0x50051,
0x1c,0x61c,0x60a,0x1,0x50082,0x1c,0x61d,0x60e,
0x30,0x8000c,0x1c,0x61e,0x1,0x2d,0x61c,0x21,
0x61d,0x4003d,0x1b,0x61f,0x5cb,0x50084,0x1c,0x620,
0x61e,0x60c,0x50080,0x1c,0x621,0x620,0x61b,0x4007c,
0x1b,0x622,0x621,0x50080,0x1b,0x623,0x61f,0x622,
0x60041,0x14f,0x624,0x18,0x21,0x623,0x4003d,0x1b,
0x625,0x624,0x500c7,0x1b,0x626,0x625,0x34,0x40070,
0x27,0x627,0x626,0x500c2,0x1b,0x628,0x625,0x2f,
0x500c7,0x1b,0x629,0x628,0x34,0x40070,0x27,0x62a,
0x629,0x500c2,0x1b,0x62b,0x625,0x37,0x500c7,0x1b,
0x62c,0x62b,0x34,0x40070,0x27,0x62d,0x62c,0x500c2,
0x1b,0x62e,0x625,0x4a,0x40070,0x27,0x62f,0x62e,
0x70050,0x39,0x630,0x627,0x62a,0x62d,0x62f,0x50085,
0x39,0x631,0x630,0x15d,0x50080,0x59,0x632,0x5b4,
0x131,0x4003d,0x1b,0x633,0x5a9,0x4007c,0x1c,0x634,
0x633,0x4003d,0x1b,0x635,0x5ad,0x4007c,0x1c,0x636,
0x635,0x4003d,0x1b,0x637,0x37f,0x500ab,0x25,0x638,
0x637,0x1d,0x300f7,0x639,0x0,0x400fa,0x638,0x63a,
0x63b,0x200f8,0x63b,0x50051,0x1c,0x63c,0x632,0x0,
0x50082,0x1c,0x63d,0x634,0x30,0x8000c,0x1c,0x63e,
0x1,0x2d,0x63c,0x21,0x63d,0x200f9,0x639,0x200f8,
0x63a,0x50051,0x1c,0x63f,0x632,0x0,0x5008a,0x1c,
0x640,0x63f,0x634,0x50080,0x1c,0x641,0x640,0x634,
0x5008a,0x1c,0x642,0x641,0x634,0x200f9,0x639,0x200f8,
0x639,0x700f5,0x1c,0x643,0x642,0x63a,0x63e,0x63b,
0x50051,0x1c,0x644,0x632,0x1,0x50082,0x1c,0x645,
0x636,0x30,0x8000c,0x1c,0x646,0x1,0x2d,0x644,
0x21,0x645,0x4003d,0x1b,0x647,0x5cb,0x50084,0x1c,
0x648,0x646,0x634,0x50080,0x1c,0x649,0x648,0x643,
0x4007c,0x1b,0x64a,0x649,0x50080,0x1b,0x64b,0x647,
0x64a,0x60041,0x14f,0x64c,0x18,0x21,0x64b,0x4003d,
0x1b,0x64d,0x64c,0x500c7,0x1b,0x64e,0x64d,0x34,
0x40070,0x27,0x64f,0x64e,0x500c2,0x1b,0x650,0x64d,
0x2f,0x500c7,0x1b,0x651,0x650,0x34,0x40070,0x27,
0x652,0x651,0x500c2,0x1b,0x653,0x64d,0x37,0x500c7,
0x1b,0x654,0x653,0x34,0x40070,0x27,0x655,0x654,
0x500c2,0x1b,0x656,0x64d,0x4a,0x40070,0x27,0x657,
0x656,0x70050,0x39,0x658,0x64f,0x652,0x655,0x657,
0x50085,0x39,0x659,0x658,0x15d,0x8000c,0x39,0x65a,
0x1,0x2e,0x631,0x659,0x608,0x50051,0x27,0x65b,
0x5b5,0x1,0x70050,0x39,0x65c,0x65b,0x65b,0x65b,
0x65b,0x8000c,0x39,0x65d,0x1,0x2e,0x609,0x65a,
0x65c,0x6000c,0x27,0x65e,0x1,0xa,0x4e9,0x70050,
0x39,0x65f,0x65e,0x65e,0x65e,0x65e,0x8000c,0x39,
0x660,0x1,0x2e,0x5a6,0x65d,0x65f,0x70050,0x39,
0x661,0x356,0x356,0x356,0x356,0x8000c,0x39,0x662,
0x1,0x2e,0x4dc,0x660,0x661,0x8000c,0x27,0x663,
0x1,0x31,0x9e,0xa2,0x33f,0x50083,0x27,0x664,
0x66,0x663,0x5008e,0x39,0x665,0x662,0x664,0x200f9,
0x1b1,0x200f8,0x1b1,0x700f5,0x39,0x666,0x339,0x312,
0x665,0x639,0x500c7,0x1b,0x667,0x1af,0x2c,0x500ab,
0x25,0x668,0x667,0x1d,0x300f7,0x669,0x0,0x400fa,
0x668,0x66a,0x669,0x200f8,0x66a,0x50041,0x177,0x66b,
0xc,0x30,0x4003d,0x27,0x66c,0x66b,0x500bc,0x25,
0x66d,0x66c,0x28,0x200f9,0x669,0x200f8,0x669,0x700f5,
0x25,0x66e,0x26,0x1b1,0x66d,0x66a,0x300f7,0x66f,
0x0,0x400fa,0x66e,0x670,0x671,0x200f8,0x671,0x500c7,
0x1b,0x672,0x1af,0x31,0x500ab,0x25,0x673,0x672,
0x1d,0x300f7,0x674,0x0,0x400fa,0x673,0x675,0x674,
0x200f8,0x675,0x50041,0x177,0x676,0xc,0x30,0x4003d,
0x27,0x677,0x676,0x500be,0x25,0x678,0x677,0x66,
0x200f9,0x674,0x200f8,0x674,0x700f5,0x25,0x679,0x26,
0x671,0x678,0x675,0x300f7,0x67a,0x0,0x400fa,0x679,
0x67b,0x67a,0x200f8,0x67b,0x60041,0x14f,0x67c,0x18,
0x21,0x51,0x4003d,0x1b,0x67d,0x67c,0x4007c,0x1c,
0x67e,0x67d,0x50082,0x1c,0x67f,0x67e,0x30,0x60041,
0x14f,0x680,0x18,0x21,0x52,0x4003d,0x1b,0x681,
0x680,0x4007c,0x1c,0x682,0x681,0x4003d,0x1b,0x683,
0x67c,0x4007c,0x1c,0x684,0x683,0x60041,0x14f,0x685,
0x18,0x21,0x31,0x4003d,0x1b,0x686,0x685,0x500ab,
0x25,0x687,0x686,0x1d,0x300f7,0x688,0x0,0x400fa,
0x687,0x689,0x68a,0x200f8,0x68a,0x200f9,0x688,0x200f8,
0x689,0x5008a,0x1c,0x68b,0x682,0x682,0x200f9,0x688,
0x200f8,0x688,0x700f5,0x1c,0x68c,0x68b,0x689,0x21,
0x68a,0x50082,0x1c,0x68d,0x684,0x30,0x8000c,0x1c,
0x68e,0x1,0x2d,0x67f,0x21,0x68d,0x60041,0x14f,
0x68f,0x18,0x21,0x24,0x4003d,0x1b,0x690,0x68f,
0x50084,0x1c,0x691,0x68e,0x682,0x50080,0x1c,0x692,
0x691,0x68c,0x4007c,0x1b,0x693,0x692,0x50080,0x1b,
0x694,0x690,0x693,0x60041,0x14f,0x695,0x18,0x21,
0x694,0x4003d,0x1b,0x696,0x695,0x500c7,0x1b,0x697,
0x696,0x34,0x40070,0x27,0x698,0x697,0x500c2,0x1b,
0x699,0x696,0x2f,0x500c7,0x1b,0x69a,0x699,0x34,
0x40070,0x27,0x69b,0x69a,0x500c2,0x1b,0x69c,0x696,
0x37,0x500c7,0x1b,0x69d,0x69c,0x34,0x40070,0x27,
0x69e,0x69d,0x500c2,0x1b,0x69f,0x696,0x4a,0x40070,
0x27,0x6a0,0x69f,0x70050,0x39,0x6a1,0x698,0x69b,
0x69e,0x6a0,0x50085,0x39,0x6a2,0x6a1,0x15d,0x200f9,
0x67a,0x200f8,0x67a,0x700f5,0x39,0x6a3,0x666,0x674,
0x6a2,0x688,0x200f9,0x66f,0x200f8,0x670,0x60041,0x14f,
0x6a4,0x18,0x21,0x52,0x4003d,0x1b,0x6a5,0x6a4,
0x4007c,0x1c,0x6a6,0x6a5,0x60041,0x14f,0x6a7,0x18,
0x21,0x31,0x4003d,0x1b,0x6a8,0x6a7,0x500ab,0x25,
0x6a9,0x6a8,0x1d,0x300f7,0x6aa,0x0,0x400fa,0x6a9,
0x6ab,0x6ac,0x200f8,0x6ac,0x200f9,0x6aa,0x200f8,0x6ab,
0x5008a,0x1c,0x6ad,0x6a6,0x6a6,0x200f9,0x6aa,0x200f8,
0x6aa,0x700f5,0x1c,0x6ae,0x6ad,0x6ab,0x21,0x6ac,
0x60041,0x14f,0x6af,0x18,0x21,0x24,0x4003d,0x1b,
0x6b0,0x6af,0x4007c,0x1b,0x6b1,0x6ae,0x50080,0x1b,
0x6b2,0x6b0,0x6b1,0x60041,0x14f,0x6b3,0x18,0x21,
0x6b2,0x4003d,0x1b,0x6b4,0x6b3,0x500c7,0x1b,0x6b5,
0x6b4,0x34,0x40070,0x27,0x6b6,0x6b5,0x500c2,0x1b,
0x6b7,0x6b4,0x2f,0x500c7,0x1b,0x6b8,0x6b7,0x34,
0x40070,0x27,0x6b9,0x6b8,0x500c2,0x1b,0x6ba,0x6b4,
0x37,0x500c7,0x1b,0x6bb,0x6ba,0x34,0x40070,0x27,
0x6bc,0x6bb,0x500c2,0x1b,0x6bd,0x6b4,0x4a,0x40070,
0x27,0x6be,0x6bd,0x70050,0x39,0x6bf,0x6b6,0x6b9,
0x6bc,0x6be,0x50085,0x39,0x6c0,0x6bf,0x15d,0x200f9,
0x66f,0x200f8,0x66f,0x700f5,0x39,0x6c1,0x6a3,0x67a,
0x6c0,0x6aa,0x50051,0x27,0x6c2,0x6c1,0x3,0x500bc,
0x25,0x6c3,0x6c2,0x28,0x300f7,0x6c4,0x0,0x400fa,
0x6c3,0x6c5,0x6c4,0x200f8,0x6c5,0x100fc,0x200f8,0x6c4,
0x60050,0x3b,0x6c6,0x6c2,0x6c2,0x6c2,0x8004f,0x3b,
0x6c7,0x6c1,0x6c1,0x0,0x1,0x2,0x50088,0x3b,
0x6c8,0x6c7,0x6c6,0x9004f,0x39,0x6c9,0x6c1,0x6c8,
0x4,0x5,0x6,0x3,0x50041,0x143,0x6ca,0x10,
0x21,0x4003d,0x1b,0x6cb,0x6ca,0x500aa,0x25,0x6cc,
0x6cb,0x2c,0x300f7,0x6cd,0x0,0x400fa,0x6cc,0x6ce,
0x6cf,0x200f8,0x6cf,0x500aa,0x25,0x6d0,0x6cb,0x31,
0x300f7,0x6d1,0x0,0x400fa,0x6d0,0x6d2,0x6d3,0x200f8,
0x6d3,0x500aa,0x25,0x6d4,0x6cb,0x33,0x300f7,0x6d5,
0x0,0x400fa,0x6d4,0x6d6,0x6d7,0x200f8,0x6d7,0x500aa,
0x25,0x6d8,0x6cb,0x24,0x300f7,0x6d9,0x0,0x400fa,
0x6d8,0x6da,0x6db,0x200f8,0x6db,0x500aa,0x25,0x6dc,
0x6cb,0x52,0x300f7,0x6dd,0x0,0x400fa,0x6dc,0x6de,
0x6df,0x200f8,0x6df,0x500ab,0x25,0x6e0,0x6cb,0x51,
0x300f7,0x6e1,0x0,0x400fa,0x6e0,0x6e2,0x6e1,0x200f8,
0x6e2,0x500aa,0x25,0x6e3,0x6cb,0xb4,0x200f9,0x6e1,
0x200f8,0x6e1,0x700f5,0x25,0x6e4,0x2b,0x6df,0x6e3,
0x6e2,0x400a8,0x25,0x6e5,0x6e4,0x300f7,0x6e6,0x0,
0x400fa,0x6e5,0x6e7,0x6e6,0x200f8,0x6e7,0x500aa,0x25,
0x6e8,0x6cb,0x2f,0x200f9,0x6e6,0x200f8,0x6e6,0x700f5,
0x25,0x6e9,0x2b,0x6e1,0x6e8,0x6e7,0x300f7,0x6ea,
0x0,0x400fa,0x6e9,0x6eb,0x6ea,0x200f8,0x6eb,0x500aa,
0x25,0x6ec,0x6cb,0x2f,0x300f7,0x6ed,0x0,0x400fa,
0x6ec,0x6ee,0x6ef,0x200f8,0x6ef,0x500aa,0x25,0x6f0,
0x6cb,0x51,0x600a9,0x1b,0x6f1,0x6f0,0x31,0x2c,
0x200f9,0x6ed,0x200f8,0x6ee,0x200f9,0x6ed,0x200f8,0x6ed,
0x700f5,0x1b,0x6f2,0xb4,0x6ee,0x6f1,0x6ef,0x40070,
0x27,0x6f3,0x6f2,0x50051,0x27,0x6f4,0x6c8,0x0,
0x8000c,0x27,0x6f5,0x1,0x2b,0x6f4,0x28,0x66,
0x50083,0x27,0x6f6,0x66,0x6f5,0x50085,0x27,0x6f7,
0x6f3,0x6f6,0x50081,0x27,0x6f8,0x66,0x6f7,0x4006d,
0x1b,0x6f9,0x6f8,0x50080,0x1b,0x6fa,0x6f9,0x2c,
0x50080,0x1b,0x6fb,0x6f2,0x2c,0x7000c,0x1b,0x6fc,
0x1,0x26,0x6fa,0x6fb,0x500b0,0x25,0x6fd,0x6f9,
0x24,0x300f7,0x6fe,0x0,0x400fa,0x6fd,0x6ff,0x700,
0x200f8,0x700,0x500b0,0x25,0x701,0x6f9,0x2f,0x300f7,
0x702,0x0,0x400fa,0x701,0x703,0x704,0x200f8,0x704,
0x500b0,0x25,0x705,0x6f9,0x4c,0x70050,0x17b,0x706,
0x705,0x705,0x705,0x705,0x600a9,0x13f,0x707,0x706,
0x19d,0x19e,0x200f9,0x702,0x200f8,0x703,0x200f9,0x702,
0x200f8,0x702,0x700f5,0x13f,0x708,0x19c,0x703,0x707,
0x704,0x200f9,0x6fe,0x200f8,0x6ff,0x200f9,0x6fe,0x200f8,
0x6fe,0x700f5,0x13f,0x709,0x19b,0x6ff,0x708,0x702,
0x3003e,0x183,0x709,0x500c7,0x1b,0x70a,0x6f9,0x33,
0x50041,0x14a,0x70b,0x183,0x70a,0x4003d,0x1b,0x70c,
0x70b,0x60050,0xb5,0x70d,0x70c,0x70c,0x70c,0x500c2,
0xb5,0x70e,0x70d,0xd9,0x500c7,0xb5,0x70f,0x70e,
0xda,0x500c4,0xb5,0x710,0x70f,0xdb,0x500c2,0xb5,
0x711,0x70f,0xdc,0x500c5,0xb5,0x712,0x710,0x711,
0x40070,0x3b,0x713,0x712,0x50085,0x3b,0x714,0x713,
0x163,0x500b0,0x25,0x715,0x6fc,0x24,0x300f7,0x716,
0x0,0x400fa,0x715,0x717,0x718,0x200f8,0x718,0x500b0,
0x25,0x719,0x6fc,0x2f,0x300f7,0x71a,0x0,0x400fa,
0x719,0x71b,0x71c,0x200f8,0x71c,0x500b0,0x25,0x71d,
0x6fc,0x4c,0x70050,0x17b,0x71e,0x71d,0x71d,0x71d,
0x71d,0x600a9,0x13f,0x71f,0x71e,0x19d,0x19e,0x200f9,
0x71a,0x200f8,0x71b,0x200f9,0x71a,0x200f8,0x71a,0x700f5,
0x13f,0x720,0x19c,0x71b,0x71f,0x71c,0x200f9,0x716,
0x200f8,0x717,0x200f9,0x716,0x200f8,0x716,0x700f5,0x13f,
0x721,0x19b,0x717,0x720,0x71a,0x3003e,0x182,0x721,
0x500c7,0x1b,0x722,0x6fc,0x33,0x50041,0x14a,0x723,
0x182,0x722,0x4003d,0x1b,0x724,0x723,0x60050,0xb5,
0x725,0x724,0x724,0x724,0x500c2,0xb5,0x726,0x725,
0xd9,0x500c7,0xb5,0x727,0x726,0xda,0x500c4,0xb5,
0x728,0x727,0xdb,0x500c2,0xb5,0x729,0x727,0xdc,
0x500c5,0xb5,0x72a,0x728,0x729,0x40070,0x3b,0x72b,
0x72a,0x50085,0x3b,0x72c,0x72b,0x163,0x6000c,0x27,
0x72d,0x1,0xa,0x6f8,0x60050,0x3b,0x72e,0x72d,
0x72d,0x72d,0x8000c,0x3b,0x72f,0x1,0x2e,0x714,
0x72c,0x72e,0x9004f,0x39,0x730,0x6c1,0x72f,0x4,
0x5,0x6,0x3,0x200f9,0x6ea,0x200f8,0x6ea,0x700f5,
0x39,0x731,0x6c9,0x6e6,0x730,0x716,0x200f9,0x6dd,
0x200f8,0x6de,0x50051,0x27,0x732,0x6c8,0x0,0x8000c,
0x27,0x733,0x1,0x2b,0x732,0x28,0x66,0x50083,
0x27,0x734,0x66,0x733,0x50085,0x27,0x735,0xaf,
0x734,0x50081,0x27,0x736,0x66,0x735,0x4006d,0x1b,
0x737,0x736,0x50080,0x1b,0x738,0x737,0x2c,0x7000c,
0x1b,0x739,0x1,0x26,0x738,0x46,0x500b0,0x25,
0x73a,0x737,0x24,0x300f7,0x73b,0x0,0x400fa,0x73a,
0x73c,0x73d,0x200f8,0x73d,0x500b0,0x25,0x73e,0x737,
0x2f,0x300f7,0x73f,0x0,0x400fa,0x73e,0x740,0x741,
0x200f8,0x741,0x500b0,0x25,0x742,0x737,0x4c,0x70050,
0x17b,0x743,0x742,0x742,0x742,0x742,0x600a9,0x13f,
0x744,0x743,0x19d,0x19e,0x200f9,0x73f,0x200f8,0x740,
0x200f9,0x73f,0x200f8,0x73f,0x700f5,0x13f,0x745,0x19c,
0x740,0x744,0x741,0x200f9,0x73b,0x200f8,0x73c,0x200f9,
0x73b,0x200f8,0x73b,0x700f5,0x13f,0x746,0x19b,0x73c,
0x745,0x73f,0x3003e,0x185,0x746,0x500c7,0x1b,0x747,
0x737,0x33,0x50041,0x14a,0x748,0x185,0x747,0x4003d,
0x1b,0x749,0x748,0x60050,0xb5,0x74a,0x749,0x749,
0x749,0x500c2,0xb5,0x74b,0x74a,0xd9,0x500c7,0xb5,
0x74c,0x74b,0xda,0x500c4,0xb5,0x74d,0x74c,0xdb,
0x500c2,0xb5,0x74e,0x74c,0xdc,0x500c5,0xb5,0x74f,
0x74d,0x74e,0x40070,0x3b,0x750,0x74f,0x50085,0x3b,
0x751,0x750,0x163,0x500b0,0x25,0x752,0x739,0x24,
0x300f7,0x753,0x0,0x400fa,0x752,0x754,0x755,0x200f8,
0x755,0x500b0,0x25,0x756,0x739,0x2f,0x300f7,0x757,
0x0,0x400fa,0x756,0x758,0x759,0x200f8,0x759,0x500b0,
0x25,0x75a,0x739,0x4c,0x70050,0x17b,0x75b,0x75a,
0x75a,0x75a,0x75a,0x600a9,0x13f,0x75c,0x75b,0x19d,
0x19e,0x200f9,0x757,0x200f8,0x758,0x200f9,0x757,0x200f8,
0x757,0x700f5,0x13f,0x75d,0x19c,0x758,0x75c,0x759,
0x200f9,0x753,0x200f8,0x754,0x200f9,0x753,0x200f8,0x753,
0x700f5,0x13f,0x75e,0x19b,0x754,0x75d,0x757,0x3003e,
0x184,0x75e,0x500c7,0x1b,0x75f,0x739,0x33,0x50041,
0x14a,0x760,0x184,0x75f,0x4003d,0x1b,0x761,0x760,
0x60050,0xb5,0x762,0x761,0x761,0x761,0x500c2,0xb5,
0x763,0x762,0xd9,0x500c7,0xb5,0x764,0x763,0xda,
0x500c4,0xb5,0x765,0x764,0xdb,0x500c2,0xb5,0x766,
0x764,0xdc,0x500c5,0xb5,0x767,0x765,0x766,0x40070,
0x3b,0x768,0x767,0x50085,0x3b,0x769,0x768,0x163,
0x6000c,0x27,0x76a,0x1,0xa,0x736,0x60050,0x3b,
0x76b,0x76a,0x76a,0x76a,0x8000c,0x3b,0x76c,0x1,
0x2e,0x751,0x769,0x76b,0x9004f,0x39,0x76d,0x6c1,
0x76c,0x4,0x5,0x6,0x3,0x200f9,0x6dd,0x200f8,
0x6dd,0x700f5,0x39,0x76e,0x731,0x6ea,0x76d,0x753,
0x200f9,0x6d9,0x200f8,0x6da,0x50051,0x27,0x76f,0x6c8,
0x0,0x50085,0x27,0x770,0x76f,0x172,0x8000c,0x27,
0x771,0x1,0x2b,0x770,0x28,0x66,0x50083,0x27,
0x772,0x66,0x771,0x50085,0x27,0x773,0xb3,0x772,
0x50081,0x27,0x774,0x66,0x773,0x4006d,0x1b,0x775,
0x774,0x50080,0x1b,0x776,0x775,0x2c,0x7000c,0x1b,
0x777,0x1,0x26,0x776,0x8f,0x500b0,0x25,0x778,
0x775,0x24,0x300f7,0x779,0x0,0x400fa,0x778,0x77a,
0x77b,0x200f8,0x77b,0x500b0,0x25,0x77c,0x775,0x2f,
0x300f7,0x77d,0x0,0x400fa,0x77c,0x77e,0x77f,0x200f8,
0x77f,0x500b0,0x25,0x780,0x775,0x4c,0x70050,0x17b,
0x781,0x780,0x780,0x780,0x780,0x600a9,0x13f,0x782,
0x781,0x19d,0x19e,0x200f9,0x77d,0x200f8,0x77e,0x200f9,
0x77d,0x200f8,0x77d,0x700f5,0x13f,0x783,0x19c,0x77e,
0x782,0x77f,0x200f9,0x779,0x200f8,0x77a,0x200f9,0x779,
0x200f8,0x779,0x700f5,0x13f,0x784,0x19b,0x77a,0x783,
0x77d,0x3003e,0x187,0x784,0x500c7,0x1b,0x785,0x775,
0x33,0x50041,0x14a,0x786,0x187,0x785,0x4003d,0x1b,
0x787,0x786,0x60050,0xb5,0x788,0x787,0x787,0x787,
0x500c2,0xb5,0x789,0x788,0xd9,0x500c7,0xb5,0x78a,
0x789,0xda,0x500c4,0xb5,0x78b,0x78a,0xdb,0x500c2,
0xb5,0x78c,0x78a,0xdc,0x500c5,0xb5,0x78d,0x78b,
0x78c,0x40070,0x3b,0x78e,0x78d,0x50085,0x3b,0x78f,
0x78e,0x163,0x500b0,0x25,0x790,0x777,0x24,0x300f7,
0x791,0x0,0x400fa,0x790,0x792,0x793,0x200f8,0x793,
0x500b0,0x25,0x794,0x777,0x2f,0x300f7,0x795,0x0,
0x400fa,0x794,0x796,0x797,0x200f8,0x797,0x500b0,0x25,
0x798,0x777,0x4c,0x70050,0x17b,0x799,0x798,0x798,
0x798,0x798,0x600a9,0x13f,0x79a,0x799,0x19d,0x19e,
0x200f9,0x795,0x200f8,0x796,0x200f9,0x795,0x200f8,0x795,
0x700f5,0x13f,0x79b,0x19c,0x796,0x79a,0x797,0x200f9,
0x791,0x200f8,0x792,0x200f9,0x791,0x200f8,0x791,0x700f5,
0x13f,0x79c,0x19b,0x792,0x79b,0x795,0x3003e,0x186,
0x79c,0x500c7,0x1b,0x79d,0x777,0x33,0x50041,0x14a,
0x79e,0x186,0x79d,0x4003d,0x1b,0x79f,0x79e,0x60050,
0xb5,0x7a0,0x79f,0x79f,0x79f,0x500c2,0xb5,0x7a1,
0x7a0,0xd9,0x500c7,0xb5,0x7a2,0x7a1,0xda,0x500c4,
0xb5,0x7a3,0x7a2,0xdb,0x500c2,0xb5,0x7a4,0x7a2,
0xdc,0x500c5,0xb5,0x7a5,0x7a3,0x7a4,0x40070,0x3b,
0x7a6,0x7a5,0x50085,0x3b,0x7a7,0x7a6,0x163,0x6000c,
0x27,0x7a8,0x1,0xa,0x774,0x60050,0x3b,0x7a9,
0x7a8,0x7a8,0x7a8,0x8000c,0x3b,0x7aa,0x1,0x2e,
0x78f,0x7a7,0x7a9,0x9004f,0x39,0x7ab,0x6c1,0x7aa,
0x4,0x5,0x6,0x3,0x200f9,0x6d9,0x200f8,0x6d9,
0x700f5,0x39,0x7ac,0x76e,0x6dd,0x7ab,0x791,0x200f9,
0x6d5,0x200f8,0x6d6,0x50041,0x177,0x7ad,0xc,0x21,
0x4003d,0x27,0x7ae,0x7ad,0x50085,0x27,0x7af,0x7ae,
0x98,0x50081,0x27,0x7b0,0x7af,0x173,0x50085,0x27,
0x7b1,0x7b0,0x174,0x8000c,0x27,0x7b2,0x1,0x31,
0x28,0x66,0x7b1,0x50041,0x143,0x7b3,0x10,0x31,
0x4003d,0x1b,0x7b4,0x7b3,0x60050,0xb5,0x7b5,0x7b4,
0x7b4,0x7b4,0x500c2,0xb5,0x7b6,0x7b5,0xd9,0x500c7,
0xb5,0x7b7,0x7b6,0xda,0x500c4,0xb5,0x7b8,0x7b7,
0xdb,0x500c2,0xb5,0x7b9,0x7b7,0xdc,0x500c5,0xb5,
0x7ba,0x7b8,0x7b9,0x40070,0x3b,0x7bb,0x7ba,0x50085,
0x3b,0x7bc,0x7bb,0x163,0x50041,0x143,0x7bd,0x10,
0x2c,0x4003d,0x1b,0x7be,0x7bd,0x60050,0xb5,0x7bf,
0x7be,0x7be,0x7be,0x500c2,0xb5,0x7c0,0x7bf,0xd9,
0x500c7,0xb5,0x7c1,0x7c0,0xda,0x500c4,0xb5,0x7c2,
0x7c1,0xdb,0x500c2,0xb5,0x7c3,0x7c1,0xdc,0x500c5,
0xb5,0x7c4,0x7c2,0x7c3,0x40070,0x3b,0x7c5,0x7c4,
0x50085,0x3b,0x7c6,0x7c5,0x163,0x60050,0x3b,0x7c7,
0x7b2,0x7b2,0x7b2,0x8000c,0x3b,0x7c8,0x1,0x2e,
0x7bc,0x7c6,0x7c7,0x50051,0x27,0x7c9,0x6c8,0x0,
0x50085,0x27,0x7ca,0xb2,0x7c9,0x50081,0x27,0x7cb,
0xb1,0x7ca,0x5008e,0x3b,0x7cc,0x7c8,0x7cb,0x9004f,
0x39,0x7cd,0x6c1,0x7cc,0x4,0x5,0x6,0x3,
0x200f9,0x6d5,0x200f8,0x6d5,0x700f5,0x39,0x7ce,0x7ac,
0x6d9,0x7cd,0x6d6,0x200f9,0x6d1,0x200f8,0x6d2,0x50051,
0x27,0x7cf,0x6c8,0x0,0x50051,0x27,0x7d0,0x6c8,
0x1,0x50051,0x27,0x7d1,0x6c8,0x2,0x7000c,0x27,
0x7d2,0x1,0x50,0x7d0,0x7d1,0x7000c,0x27,0x7d3,
0x1,0x50,0x7cf,0x7d2,0x7000c,0x27,0x7d4,0x1,
0x4f,0x7d0,0x7d1,0x7000c,0x27,0x7d5,0x1,0x4f,
0x7cf,0x7d4,0x50083,0x27,0x7d6,0x7d3,0x7d5,0x7000c,
0x27,0x7d7,0x1,0x50,0x65,0x7d3,0x50088,0x27,
0x7d8,0x7d6,0x7d7,0x50083,0x27,0x7d9,0x7d1,0x7cf,
0x50085,0x27,0x7da,0x98,0x7d9,0x50088,0x27,0x7db,
0x7da,0x7d7,0x50081,0x27,0x7dc,0x68,0x7db,0x8000c,
0x27,0x7dd,0x1,0x2b,0x7dc,0x28,0x66,0x50085,
0x27,0x7de,0x7d3,0x175,0x8000c,0x27,0x7df,0x1,
0x2b,0x7de,0x28,0x66,0x50083,0x27,0x7e0,0x66,
0x7df,0x50085,0x27,0x7e1,0x84,0x7e0,0x4006d,0x1b,
0x7e2,0x7e1,0x7000c,0x1b,0x7e3,0x1,0x26,0x7e2,
0x51,0x50080,0x1b,0x7e4,0x7e3,0x2c,0x500ae,0x25,
0x7e5,0x7e3,0xb4,0x300f7,0x7e6,0x0,0x400fa,0x7e5,
0x7e7,0x7e8,0x200f8,0x7e8,0x500b0,0x25,0x7e9,0x7e4,
0x24,0x300f7,0x7ea,0x0,0x400fa,0x7e9,0x7eb,0x7ec,
0x200f8,0x7ec,0x500b0,0x25,0x7ed,0x7e4,0x2f,0x300f7,
0x7ee,0x0,0x400fa,0x7ed,0x7ef,0x7f0,0x200f8,0x7f0,
0x500b0,0x25,0x7f1,0x7e4,0x4c,0x70050,0x17b,0x7f2,
0x7f1,0x7f1,0x7f1,0x7f1,0x600a9,0x13f,0x7f3,0x7f2,
0x19d,0x19e,0x200f9,0x7ee,0x200f8,0x7ef,0x200f9,0x7ee,
0x200f8,0x7ee,0x700f5,0x13f,0x7f4,0x19c,0x7ef,0x7f3,
0x7f0,0x200f9,0x7ea,0x200f8,0x7eb,0x200f9,0x7ea,0x200f8,
0x7ea,0x700f5,0x13f,0x7f5,0x19b,0x7eb,0x7f4,0x7ee,
0x3003e,0x18b,0x7f5,0x500c7,0x1b,0x7f6,0x7e4,0x33,
0x50041,0x14a,0x7f7,0x18b,0x7f6,0x4003d,0x1b,0x7f8,
0x7f7,0x60050,0xb5,0x7f9,0x7f8,0x7f8,0x7f8,0x500c2,
0xb5,0x7fa,0x7f9,0xd9,0x500c7,0xb5,0x7fb,0x7fa,
0xda,0x500c4,0xb5,0x7fc,0x7fb,0xdb,0x500c2,0xb5,
0x7fd,0x7fb,0xdc,0x500c5,0xb5,0x7fe,0x7fc,0x7fd,
0x40070,0x3b,0x7ff,0x7fe,0x50085,0x3b,0x800,0x7ff,
0x163,0x200f9,0x7e6,0x200f8,0x7e7,0x200f9,0x7e6,0x200f8,
0x7e6,0x700f5,0x3b,0x801,0x75,0x7e7,0x800,0x7ea,
0x500ae,0x25,0x802,0x7e4,0xb4,0x300f7,0x803,0x0,
0x400fa,0x802,0x804,0x805,0x200f8,0x805,0x50080,0x1b,
0x806,0x7e3,0x31,0x500b0,0x25,0x807,0x806,0x24,
0x300f7,0x808,0x0,0x400fa,0x807,0x809,0x80a,0x200f8,
0x80a,0x500b0,0x25,0x80b,0x806,0x2f,0x300f7,0x80c,
0x0,0x400fa,0x80b,0x80d,0x80e,0x200f8,0x80e,0x500b0,
0x25,0x80f,0x806,0x4c,0x70050,0x17b,0x810,0x80f,
0x80f,0x80f,0x80f,0x600a9,0x13f,0x811,0x810,0x19d,
0x19e,0x200f9,0x80c,0x200f8,0x80d,0x200f9,0x80c,0x200f8,
0x80c,0x700f5,0x13f,0x812,0x19c,0x80d,0x811,0x80e,
0x200f9,0x808,0x200f8,0x809,0x200f9,0x808,0x200f8,0x808,
0x700f5,0x13f,0x813,0x19b,0x809,0x812,0x80c,0x3003e,
0x18a,0x813,0x500c7,0x1b,0x814,0x806,0x33,0x50041,
0x14a,0x815,0x18a,0x814,0x4003d,0x1b,0x816,0x815,
0x60050,0xb5,0x817,0x816,0x816,0x816,0x500c2,0xb5,
0x818,0x817,0xd9,0x500c7,0xb5,0x819,0x818,0xda,
0x500c4,0xb5,0x81a,0x819,0xdb,0x500c2,0xb5,0x81b,
0x819,0xdc,0x500c5,0xb5,0x81c,0x81a,0x81b,0x40070,
0x3b,0x81d,0x81c,0x50085,0x3b,0x81e,0x81d,0x163,
0x200f9,0x803,0x200f8,0x804,0x200f9,0x803,0x200f8,0x803,
0x700f5,0x3b,0x81f,0x75,0x804,0x81e,0x808,0x40070,
0x27,0x820,0x7e3,0x50083,0x27,0x821,0x7e1,0x820,
0x60050,0x3b,0x822,0x821,0x821,0x821,0x8000c,0x3b,
0x823,0x1,0x2e,0x801,0x81f,0x822,0x300f7,0x824,
0x0,0x400fa,0x7e5,0x825,0x826,0x200f8,0x826,0x50080,
0x1b,0x827,0x2f,0x7e3,0x500b0,0x25,0x828,0x827,
0x24,0x300f7,0x829,0x0,0x400fa,0x828,0x82a,0x82b,
0x200f8,0x82b,0x500b0,0x25,0x82c,0x827,0x2f,0x300f7,
0x82d,0x0,0x400fa,0x82c,0x82e,0x82f,0x200f8,0x82f,
0x500b0,0x25,0x830,0x827,0x4c,0x70050,0x17b,0x831,
0x830,0x830,0x830,0x830,0x600a9,0x13f,0x832,0x831,
0x19d,0x19e,0x200f9,0x82d,0x200f8,0x82e,0x200f9,0x82d,
0x200f8,0x82d,0x700f5,0x13f,0x833,0x19c,0x82e,0x832,
0x82f,0x200f9,0x829,0x200f8,0x82a,0x200f9,0x829,0x200f8,
0x829,0x700f5,0x13f,0x834,0x19b,0x82a,0x833,0x82d,
0x3003e,0x189,0x834,0x500c7,0x1b,0x835,0x7e3,0x33,
0x50041,0x14a,0x836,0x189,0x835,0x4003d,0x1b,0x837,
0x836,0x60050,0xb5,0x838,0x837,0x837,0x837,0x500c2,
0xb5,0x839,0x838,0xd9,0x500c7,0xb5,0x83a,0x839,
0xda,0x500c4,0xb5,0x83b,0x83a,0xdb,0x500c2,0xb5,
0x83c,0x83a,0xdc,0x500c5,0xb5,0x83d,0x83b,0x83c,
0x40070,0x3b,0x83e,0x83d,0x50085,0x3b,0x83f,0x83e,
0x163,0x200f9,0x824,0x200f8,0x825,0x200f9,0x824,0x200f8,
0x824,0x700f5,0x3b,0x840,0x75,0x825,0x83f,0x829,
0x300f7,0x841,0x0,0x400fa,0x802,0x842,0x843,0x200f8,
0x843,0x50080,0x1b,0x844,0x7e3,0x22,0x500b0,0x25,
0x845,0x844,0x24,0x300f7,0x846,0x0,0x400fa,0x845,
0x847,0x848,0x200f8,0x848,0x500b0,0x25,0x849,0x844,
0x2f,0x300f7,0x84a,0x0,0x400fa,0x849,0x84b,0x84c,
0x200f8,0x84c,0x500b0,0x25,0x84d,0x844,0x4c,0x70050,
0x17b,0x84e,0x84d,0x84d,0x84d,0x84d,0x600a9,0x13f,
0x84f,0x84e,0x19d,0x19e,0x200f9,0x84a,0x200f8,0x84b,
0x200f9,0x84a,0x200f8,0x84a,0x700f5,0x13f,0x850,0x19c,
0x84b,0x84f,0x84c,0x200f9,0x846,0x200f8,0x847,0x200f9,
0x846,0x200f8,0x846,0x700f5,0x13f,0x851,0x19b,0x847,
0x850,0x84a,0x3003e,0x188,0x851,0x500c7,0x1b,0x852,
0x844,0x33,0x50041,0x14a,0x853,0x188,0x852,0x4003d,
0x1b,0x854,0x853,0x60050,0xb5,0x855,0x854,0x854,
0x854,0x500c2,0xb5,0x856,0x855,0xd9,0x500c7,0xb5,
0x857,0x856,0xda,0x500c4,0xb5,0x858,0x857,0xdb,
0x500c2,0xb5,0x859,0x857,0xdc,0x500c5,0xb5,0x85a,
0x858,0x859,0x40070,0x3b,0x85b,0x85a,0x50085,0x3b,
0x85c,0x85b,0x163,0x200f9,0x841,0x200f8,0x842,0x200f9,
0x841,0x200f8,0x841,0x700f5,0x3b,0x85d,0x75,0x842,
0x85c,0x846,0x8000c,0x3b,0x85e,0x1,0x2e,0x840,
0x85d,0x822,0x8004f,0x3b,0x85f,0x6c8,0x17a,0x0,
0x1,0x2,0x60050,0x3b,0x860,0x7dd,0x7dd,0x7dd,
0x8000c,0x3b,0x861,0x1,0x2e,0x823,0x85e,0x860,
0x50085,0x27,0x862,0x7d8,0x86,0x8000c,0x27,0x863,
0x1,0x2b,0x862,0x28,0x66,0x60050,0x3b,0x864,
0x863,0x863,0x863,0x8000c,0x3b,0x865,0x1,0x2e,
0x85f,0x861,0x864,0x9004f,0x39,0x866,0x6c1,0x865,
0x4,0x5,0x6,0x3,0x200f9,0x6d1,0x200f8,0x6d1,
0x700f5,0x39,0x867,0x7ce,0x6d5,0x866,0x841,0x200f9,
0x6cd,0x200f8,0x6ce,0x8004f,0x3b,0x868,0x6c8,0x17a,
0x0,0x1,0x2,0x50094,0x27,0x869,0x868,0xae,
0x50085,0x27,0x86a,0x869,0x38,0x50083,0x27,0x86b,
0x86a,0xb0,0x50085,0x27,0x86c,0x86b,0x176,0x8000c,
0x27,0x86d,0x1,0x2b,0x86c,0x28,0x66,0x50083,
0x27,0x86e,0x66,0x86d,0x50085,0x27,0x86f,0xaf,
0x86e,0x50081,0x27,0x870,0x66,0x86f,0x4006d,0x1b,
0x871,0x870,0x50080,0x1b,0x872,0x871,0x2c,0x7000c,
0x1b,0x873,0x1,0x26,0x872,0x46,0x500b0,0x25,
0x874,0x871,0x24,0x300f7,0x875,0x0,0x400fa,0x874,
0x876,0x877,0x200f8,0x877,0x500b0,0x25,0x878,0x871,
0x2f,0x300f7,0x879,0x0,0x400fa,0x878,0x87a,0x87b,
0x200f8,0x87b,0x500b0,0x25,0x87c,0x871,0x4c,0x70050,
0x17b,0x87d,0x87c,0x87c,0x87c,0x87c,0x600a9,0x13f,
0x87e,0x87d,0x19d,0x19e,0x200f9,0x879,0x200f8,0x87a,
0x200f9,0x879,0x200f8,0x879,0x700f5,0x13f,0x87f,0x19c,
0x87a,0x87e,0x87b,0x200f9,0x875,0x200f8,0x876,0x200f9,
0x875,0x200f8,0x875,0x700f5,0x13f,0x880,0x19b,0x876,
0x87f,0x879,0x3003e,0x18d,0x880,0x500c7,0x1b,0x881,
0x871,0x33,0x50041,0x14a,0x882,0x18d,0x881,0x4003d,
0x1b,0x883,0x882,0x60050,0xb5,0x884,0x883,0x883,
0x883,0x500c2,0xb5,0x885,0x884,0xd9,0x500c7,0xb5,
0x886,0x885,0xda,0x500c4,0xb5,0x887,0x886,0xdb,
0x500c2,0xb5,0x888,0x886,0xdc,0x500c5,0xb5,0x889,
0x887,0x888,0x40070,0x3b,0x88a,0x889,0x50085,0x3b,
0x88b,0x88a,0x163,0x500b0,0x25,0x88c,0x873,0x24,
0x300f7,0x88d,0x0,0x400fa,0x88c,0x88e,0x88f,0x200f8,
0x88f,0x500b0,0x25,0x890,0x873,0x2f,0x300f7,0x891,
0x0,0x400fa,0x890,0x892,0x893,0x200f8,0x893,0x500b0,
0x25,0x894,0x873,0x4c,0x70050,0x17b,0x895,0x894,
0x894,0x894,0x894,0x600a9,0x13f,0x896,0x895,0x19d,
0x19e,0x200f9,0x891,0x200f8,0x892,0x200f9,0x891,0x200f8,
0x891,0x700f5,0x13f,0x897,0x19c,0x892,0x896,0x893,
0x200f9,0x88d,0x200f8,0x88e,0x200f9,0x88d,0x200f8,0x88d,
0x700f5,0x13f,0x898,0x19b,0x88e,0x897,0x891,0x3003e,
0x18c,0x898,0x500c7,0x1b,0x899,0x873,0x33,0x50041,
0x14a,0x89a,0x18c,0x899,0x4003d,0x1b,0x89b,0x89a,
0x60050,0xb5,0x89c,0x89b,0x89b,0x89b,0x500c2,0xb5,
0x89d,0x89c,0xd9,0x500c7,0xb5,0x89e,0x89d,0xda,
0x500c4,0xb5,0x89f,0x89e,0xdb,0x500c2,0xb5,0x8a0,
0x89e,0xdc,0x500c5,0xb5,0x8a1,0x89f,0x8a0,0x40070,
0x3b,0x8a2,0x8a1,0x50085,0x3b,0x8a3,0x8a2,0x163,
0x6000c,0x27,0x8a4,0x1,0xa,0x870,0x60050,0x3b,
0x8a5,0x8a4,0x8a4,0x8a4,0x8000c,0x3b,0x8a6,0x1,
0x2e,0x88b,0x8a3,0x8a5,0x9004f,0x39,0x8a7,0x6c1,
0x8a6,0x4,0x5,0x6,0x3,0x200f9,0x6cd,0x200f8,
0x6cd,0x700f5,0x39,0x8a8,0x867,0x6d1,0x8a7,0x88d,
0x50085,0x39,0x8a9,0x8a8,0x190,0x8004f,0x3b,0x8aa,
0x8a9,0x8a9,0x0,0x1,0x2,0x8004f,0x3b,0x8ab,
0x191,0x191,0x0,0x1,0x2,0x50081,0x3b,0x8ac,
0x8aa,0x8ab,0x8000c,0x3b,0x8ad,0x1,0x2b,0x8ac,
0x75,0x76,0x9004f,0x39,0x8ae,0x8a9,0x8ad,0x4,
0x5,0x6,0x3,0x500c7,0x1b,0x8af,0x1a5,0x31,
0x500ab,0x25,0x8b0,0x8af,0x1d,0x300f7,0x8b1,0x0,
0x400fa,0x8b0,0x8b2,0x8b1,0x200f8,0x8b2,0x8004f,0x3b,
0x8b3,0x8ad,0x17a,0x0,0x1,0x2,0x500bc,0x151,
0x8b4,0x8b3,0x3c,0x50085,0x3b,0x8b5,0x8b3,0x15f,
0x50081,0x3b,0x8b6,0x8b3,0x3e,0x50085,0x3b,0x8b7,
0x8b6,0x161,0x7000c,0x3b,0x8b8,0x1,0x1a,0x8b7,
0x40,0x600a9,0x3b,0x8b9,0x8b4,0x8b5,0x8b8,0x9004f,
0x39,0x8ba,0x8a9,0x8b9,0x4,0x5,0x6,0x3,
0x200f9,0x8b1,0x200f8,0x8b1,0x700f5,0x39,0x8bb,0x8ae,
0x6cd,0x8ba,0x8b2,0x200f9,0x19f,0x200f8,0x1a8,0x500c7,
0x1b,0x8bc,0x1a5,0x20,0x500ab,0x25,0x8bd,0x8bc,
0x1d,0x300f7,0x8be,0x0,0x400fa,0x8bd,0x8bf,0x8be,
0x200f8,0x8bf,0x50041,0x143,0x8c0,0x9,0x21,0x4003d,
0x1b,0x8c1,0x8c0,0x50080,0x1b,0x8c2,0x8c1,0x22,
0x60041,0x14f,0x8c3,0x18,0x21,0x8c2,0x4003d,0x1b,
0x8c4,0x8c3,0x50080,0x1b,0x8c5,0x8c1,0x23,0x60041,
0x14f,0x8c6,0x18,0x21,0x8c5,0x4003d,0x1b,0x8c7,
0x8c6,0x50050,0x2d,0x8c8,0x8c4,0x8c7,0x500c7,0x1b,
0x8c9,0x1a5,0x24,0x500ab,0x25,0x8ca,0x8c9,0x1d,
0x300f7,0x8cb,0x0,0x400fa,0x8ca,0x8cc,0x8cb,0x200f8,
0x8cc,0x500b8,0x150,0x8cd,0x194,0x2a,0x4009a,0x25,
0x8ce,0x8cd,0x400a8,0x25,0x8cf,0x8ce,0x300f7,0x8d0,
0x0,0x400fa,0x8cf,0x8d1,0x8d0,0x200f8,0x8d1,0x50080,
0x2d,0x8d2,0x8c8,0x2e,0x40070,0x29,0x8d3,0x8d2,
0x500be,0x150,0x8d4,0x194,0x8d3,0x4009a,0x25,0x8d5,
0x8d4,0x200f9,0x8d0,0x200f8,0x8d0,0x700f5,0x25,0x8d6,
0x2b,0x8cc,0x8d5,0x8d1,0x200f9,0x8cb,0x200f8,0x8cb,
0x700f5,0x25,0x8d7,0x26,0x8bf,0x8d6,0x8d0,0x300f7,
0x8d8,0x0,0x400fa,0x8d7,0x8d9,0x8d8,0x200f8,0x8d9,
0x100fc,0x200f8,0x8d8,0x6000c,0x29,0x8da,0x1,0x8,
0x194,0x4006e,0x59,0x8db,0x8da,0x4007c,0x2d,0x8dc,
0x8db,0x500c7,0x2d,0x8dd,0x8dc,0x8c8,0x50080,0x1b,
0x8de,0x8c1,0x2f,0x60041,0x14f,0x8df,0x18,0x21,
0x8de,0x4003d,0x1b,0x8e0,0x8df,0x50051,0x1b,0x8e1,
0x8dd,0x1,0x50080,0x1b,0x8e2,0x8c4,0x2c,0x50084,
0x1b,0x8e3,0x8e1,0x8e2,0x50080,0x1b,0x8e4,0x8e0,
0x8e3,0x50051,0x1b,0x8e5,0x8dd,0x0,0x50080,0x1b,
0x8e6,0x8e4,0x8e5,0x50041,0x143,0x8e7,0x9,0x30,
0x4003d,0x1b,0x8e8,0x8e7,0x500c2,0x1b,0x8e9,0x8e6,
0x31,0x50080,0x1b,0x8ea,0x8e8,0x8e9,0x60041,0x14f,
0x8eb,0x18,0x21,0x8ea,0x4003d,0x1b,0x8ec,0x8eb,
0x500c7,0x1b,0x8ed,0x8e6,0x33,0x50084,0x1b,0x8ee,
0x8ed,0x2f,0x500c7,0x1b,0x8ef,0x8ee,0x32,0x500c2,
0x1b,0x8f0,0x8ec,0x8ef,0x500c7,0x1b,0x8f1,0x8f0,
0x34,0x500aa,0x25,0x8f2,0x8f1,0x1d,0x300f7,0x8f3,
0x0,0x400fa,0x8f2,0x8f4,0x8f3,0x200f8,0x8f4,0x100fc,
0x200f8,0x8f3,0x50041,0x143,0x8f5,0x9,0x35,0x4003d,
0x1b,0x8f6,0x8f5,0x50080,0x1b,0x8f7,0x8c1,0x36,
0x60041,0x14f,0x8f8,0x18,0x21,0x8f7,0x4003d,0x1b,
0x8f9,0x8f8,0x50080,0x1b,0x8fa,0x8f1,0x8f9,0x500c7,
0x1b,0x8fb,0x8fa,0x34,0x50080,0x1b,0x8fc,0x8f6,
0x8fb,0x60041,0x14f,0x8fd,0x18,0x21,0x8fc,0x4003d,
0x1b,0x8fe,0x8fd,0x500c7,0x1b,0x8ff,0x8fe,0x34,
0x40070,0x27,0x900,0x8ff,0x500c2,0x1b,0x901,0x8fe,
0x2f,0x500c7,0x1b,0x902,0x901,0x34,0x40070,0x27,
0x903,0x902,0x500c2,0x1b,0x904,0x8fe,0x37,0x500c7,
0x1b,0x905,0x904,0x34,0x40070,0x27,0x906,0x905,
0x70050,0x39,0x907,0x900,0x903,0x906,0x38,0x50085,
0x39,0x908,0x907,0x15d,0x500c7,0x1b,0x909,0x1a5,
0x31,0x500ab,0x25,0x90a,0x909,0x1d,0x300f7,0x90b,
0x0,0x400fa,0x90a,0x90c,0x90b,0x200f8,0x90c,0x8004f,
0x3b,0x90d,0x908,0x908,0x0,0x1,0x2,0x500bc,
0x151,0x90e,0x90d,0x3c,0x50085,0x3b,0x90f,0x90d,
0x15f,0x50081,0x3b,0x910,0x90d,0x3e,0x50085,0x3b,
0x911,0x910,0x161,0x7000c,0x3b,0x912,0x1,0x1a,
0x911,0x40,0x600a9,0x3b,0x913,0x90e,0x90f,0x912,
0x9004f,0x39,0x914,0x908,0x913,0x4,0x5,0x6,
0x3,0x200f9,0x90b,0x200f8,0x90b,0x700f5,0x39,0x915,
0x908,0x8f3,0x914,0x90c,0x200f9,0x19f,0x200f8,0x8be,
0x500c7,0x1b,0x916,0x1a5,0x41,0x500ab,0x25,0x917,
0x916,0x1d,0x300f7,0x918,0x0,0x400fa,0x917,0x919,
0x918,0x200f8,0x919,0x50041,0x143,0x91a,0x9,0x21,
0x4003d,0x1b,0x91b,0x91a,0x50041,0x177,0x91c,0xd,
0x35,0x4003d,0x27,0x91d,0x91c,0x500bc,0x25,0x91e,
0x91d,0x28,0x300f7,0x91f,0x0,0x400fa,0x91e,0x920,
0x91f,0x200f8,0x920,0x100fc,0x200f8,0x91f,0x7004f,0x29,
0x921,0x198,0x198,0x0,0x1,0x50050,0x29,0x922,
0x91d,0x91d,0x50088,0x29,0x923,0x921,0x922,0x6000c,
0x29,0x924,0x1,0x8,0x923,0x4006e,0x59,0x925,
0x924,0x50051,0x1c,0x926,0x925,0x0,0x500af,0x25,
0x927,0x926,0x21,0x300f7,0x928,0x0,0x400fa,0x927,
0x929,0x928,0x200f8,0x929,0x50041,0x143,0x92a,0x9,
0x30,0x4003d,0x1b,0x92b,0x92a,0x4007c,0x1c,0x92c,
0x92b,0x500af,0x25,0x92d,0x926,0x92c,0x200f9,0x928,
0x200f8,0x928,0x700f5,0x25,0x92e,0x2b,0x91f,0x92d,
0x929,0x300f7,0x92f,0x0,0x400fa,0x92e,0x930,0x92f,
0x200f8,0x930,0x100fc,0x200f8,0x92f,0x50080,0x1b,0x931,
0x91b,0x33,0x60041,0x14f,0x932,0x18,0x21,0x931,
0x4003d,0x1b,0x933,0x932,0x500c7,0x1b,0x934,0x933,
0x42,0x500ab,0x25,0x935,0x934,0x1d,0x300f7,0x936,
0x0,0x400fa,0x935,0x937,0x936,0x200f8,0x937,0x500c7,
0x1b,0x938,0x933,0x43,0x4007c,0x1b,0x939,0x926,
0x50080,0x1b,0x93a,0x938,0x939,0x500c4,0x1b,0x93b,
0x93a,0x37,0x4007c,0x1c,0x93c,0x93b,0x500c3,0x1c,
0x93d,0x93c,0x44,0x500c3,0x1c,0x93e,0x93d,0x30,
0x500c2,0x1b,0x93f,0x933,0x37,0x500c7,0x1b,0x940,
0x93f,0x46,0x4007c,0x1c,0x941,0x940,0x50080,0x1c,
0x942,0x93e,0x941,0x50082,0x1c,0x943,0x942,0x30,
0x500c4,0x1c,0x944,0x943,0x44,0x500c3,0x1c,0x945,
0x944,0x44,0x3003e,0x18e,0x15a,0x4007c,0x1b,0x946,
0x945,0x500c7,0x1b,0x947,0x946,0x46,0x50041,0x14b,
0x948,0x18e,0x947,0x4003d,0x1c,0x949,0x948,0x200f9,
0x936,0x200f8,0x936,0x700f5,0x1c,0x94a,0x21,0x92f,
0x949,0x937,0x200f9,0x94b,0x200f8,0x94b,0x700f5,0x1b,
0x94c,0x1d,0x936,0x94d,0x94e,0x500b0,0x25,0x94f,
0x94c,0x31,0x400f6,0x950,0x94e,0x0,0x400fa,0x94f,
0x951,0x950,0x200f8,0x951,0x500ab,0x25,0x952,0x94c,
0x1d,0x300f7,0x953,0x0,0x400fa,0x952,0x954,0x953,
0x200f8,0x954,0x500aa,0x25,0x955,0x934,0x1d,0x200f9,
0x953,0x200f8,0x953,0x700f5,0x25,0x956,0x26,0x951,
0x955,0x954,0x300f7,0x957,0x0,0x400fa,0x956,0x958,
0x957,0x200f8,0x958,0x200f9,0x94e,0x200f8,0x957,0x50051,
0x1c,0x959,0x925,0x1,0x600a9,0x1c,0x95a,0x952,
0x94a,0x21,0x50082,0x1c,0x95b,0x959,0x95a,0x500af,
0x25,0x95c,0x95b,0x21,0x300f7,0x95d,0x0,0x400fa,
0x95c,0x95e,0x95d,0x200f8,0x95e,0x50080,0x1b,0x95f,
0x91b,0x31,0x60041,0x14f,0x960,0x18,0x21,0x95f,
0x4003d,0x1b,0x961,0x960,0x4007c,0x1c,0x962,0x961,
0x500af,0x25,0x963,0x95b,0x962,0x200f9,0x95d,0x200f8,
0x95d,0x700f5,0x25,0x964,0x2b,0x957,0x963,0x95e,
0x300f7,0x965,0x0,0x400fa,0x964,0x966,0x965,0x200f8,
0x966,0x200f9,0x94e,0x200f8,0x965,0x60041,0x14f,0x967,
0x18,0x21,0x91b,0x4003d,0x1b,0x968,0x967,0x4007c,
0x1b,0x969,0x95b,0x50084,0x1b,0x96a,0x969,0x4a,
0x50080,0x1b,0x96b,0x968,0x96a,0x50080,0x1b,0x96c,
0x96b,0x4b,0x60041,0x14f,0x96d,0x18,0x21,0x96c,
0x4003d,0x1b,0x96e,0x96d,0x500c7,0x1b,0x96f,0x96e,
0x31,0x500ab,0x25,0x970,0x96f,0x1d,0x500a5,0x25,
0x971,0x970,0x952,0x300f7,0x972,0x0,0x400fa,0x971,
0x973,0x972,0x200f8,0x973,0x200f9,0x94e,0x200f8,0x972,
0x60041,0x14f,0x974,0x18,0x21,0x96b,0x4003d,0x1b,
0x975,0x974,0x4007c,0x1c,0x976,0x975,0x500af,0x25,
0x977,0x926,0x976,0x300f7,0x978,0x0,0x400fa,0x977,
0x979,0x978,0x200f8,0x979,0x50080,0x1b,0x97a,0x96b,
0x31,0x60041,0x14f,0x97b,0x18,0x21,0x97a,0x4003d,
0x1b,0x97c,0x97b,0x4007c,0x1c,0x97d,0x97c,0x500af,
0x25,0x97e,0x926,0x97d,0x200f9,0x978,0x200f8,0x978,
0x700f5,0x25,0x97f,0x2b,0x972,0x97e,0x979,0x300f7,
0x980,0x0,0x400fa,0x97f,0x981,0x980,0x200f8,0x981,
0x200f9,0x94e,0x200f8,0x980,0x500c7,0x1b,0x982,0x96e,
0x2c,0x500ab,0x25,0x983,0x982,0x1d,0x300f7,0x984,
0x0,0x400fa,0x983,0x985,0x984,0x200f8,0x985,0x50080,
0x1b,0x986,0x96b,0x4c,0x60041,0x14f,0x987,0x18,
0x21,0x986,0x4003d,0x1b,0x988,0x987,0x4007c,0x1c,
0x989,0x988,0x500ab,0x25,0x98a,0x926,0x989,0x200f9,
0x984,0x200f8,0x984,0x700f5,0x25,0x98b,0x26,0x980,
0x98a,0x985,0x300f7,0x98c,0x0,0x400fa,0x98b,0x98d,
0x98c,0x200f8,0x98d,0x50080,0x1b,0x98e,0x96b,0x4d,
0x60041,0x14f,0x98f,0x18,0x21,0x98e,0x4003d,0x1b,
0x990,0x98f,0x4007c,0x1c,0x991,0x990,0x500ab,0x25,
0x992,0x926,0x991,0x200f9,0x98c,0x200f8,0x98c,0x700f5,
0x25,0x993,0x26,0x984,0x992,0x98d,0x300f7,0x994,
0x0,0x400fa,0x993,0x995,0x994,0x200f8,0x995,0x200f9,
0x94e,0x200f8,0x994,0x500c7,0x1b,0x996,0x96e,0x24,
0x500ab,0x25,0x997,0x996,0x1d,0x300f7,0x998,0x0,
0x400fa,0x997,0x999,0x998,0x200f8,0x999,0x50080,0x1b,
0x99a,0x91b,0x2c,0x60041,0x14f,0x99b,0x18,0x21,
0x99a,0x4003d,0x1b,0x99c,0x99b,0x50080,0x1b,0x99d,
0x96b,0x2f,0x60041,0x14f,0x99e,0x18,0x21,0x99d,
0x4003d,0x1b,0x99f,0x99e,0x50080,0x1b,0x9a0,0x96b,
0x22,0x60041,0x14f,0x9a1,0x18,0x21,0x9a0,0x4003d,
0x1b,0x9a2,0x9a1,0x50084,0x1b,0x9a3,0x969,0x9a2,
0x50080,0x1b,0x9a4,0x99f,0x9a3,0x50086,0x1b,0x9a5,
0x9a4,0x24,0x50080,0x1b,0x9a6,0x99c,0x9a5,0x4007c,
0x1b,0x9a7,0x926,0x50086,0x1b,0x9a8,0x9a7,0x4e,
0x50080,0x1b,0x9a9,0x9a6,0x9a8,0x60041,0x14f,0x9aa,
0x18,0x21,0x9a9,0x4003d,0x1b,0x9ab,0x9aa,0x500c7,
0x1b,0x9ac,0x9a7,0x32,0x500c4,0x1b,0x9ad,0x2c,
0x9ac,0x500c7,0x1b,0x9ae,0x9ab,0x9ad,0x500aa,0x25,
0x9af,0x9ae,0x1d,0x300f7,0x9b0,0x0,0x400fa,0x9af,
0x9b1,0x9b0,0x200f8,0x9b1,0x200f9,0x94e,0x200f8,0x9b0,
0x200f9,0x998,0x200f8,0x998,0x500c7,0x1b,0x9b2,0x1a5,
0x4f,0x500ab,0x25,0x9b3,0x9b2,0x1d,0x300f7,0x9b4,
0x0,0x400fa,0x9b3,0x9b5,0x9b4,0x200f8,0x9b5,0x50080,
0x1b,0x9b6,0x96b,0x50,0x60041,0x14f,0x9b7,0x18,
0x21,0x9b6,0x4003d,0x1b,0x9b8,0x9b7,0x7000c,0x1b,
0x9b9,0x1,0x29,0x2c,0x9b8,0x50080,0x1b,0x9ba,
0x96b,0x51,0x60041,0x14f,0x9bb,0x18,0x21,0x9ba,
0x4003d,0x1b,0x9bc,0x9bb,0x500ab,0x25,0x9bd,0x9bc,
0x1d,0x300f7,0x9be,0x0,0x400fa,0x9bd,0x9bf,0x9be,
0x200f8,0x9bf,0x4007c,0x1b,0x9c0,0x926,0x50086,0x1b,
0x9c1,0x9c0,0x9b9,0x4007c,0x1b,0x9c2,0x959,0x50086,
0x1b,0x9c3,0x9c2,0x9b9,0x500c6,0x1b,0x9c4,0x9c1,
0x9c3,0x500c7,0x1b,0x9c5,0x9c4,0x2c,0x500ab,0x25,
0x9c6,0x9c5,0x1d,0x200f9,0x9be,0x200f8,0x9be,0x700f5,
0x25,0x9c7,0x26,0x9b5,0x9c6,0x9bf,0x300f7,0x9c8,
0x0,0x400fa,0x9c7,0x9c9,0x9ca,0x200f8,0x9ca,0x50080,
0x1b,0x9cb,0x96b,0x24,0x60041,0x14f,0x9cc,0x18,
0x21,0x9cb,0x4003d,0x1b,0x9cd,0x9cc,0x200f9,0x9c8,
0x200f8,0x9c9,0x50080,0x1b,0x9ce,0x96b,0x52,0x60041,
0x14f,0x9cf,0x18,0x21,0x9ce,0x4003d,0x1b,0x9d0,
0x9cf,0x200f9,0x9c8,0x200f8,0x9c8,0x700f5,0x1b,0x9d1,
0x9d0,0x9c9,0x9cd,0x9ca,0x50041,0x143,0x9d2,0x9,
0x35,0x4003d,0x1b,0x9d3,0x9d2,0x500c7,0x1b,0x9d4,
0x9d1,0x34,0x50080,0x1b,0x9d5,0x9d3,0x9d4,0x60041,
0x14f,0x9d6,0x18,0x21,0x9d5,0x4003d,0x1b,0x9d7,
0x9d6,0x500c7,0x1b,0x9d8,0x9d7,0x34,0x40070,0x27,
0x9d9,0x9d8,0x500c2,0x1b,0x9da,0x9d7,0x2f,0x500c7,
0x1b,0x9db,0x9da,0x34,0x40070,0x27,0x9dc,0x9db,
0x500c2,0x1b,0x9dd,0x9d7,0x37,0x500c7,0x1b,0x9de,
0x9dd,0x34,0x40070,0x27,0x9df,0x9de,0x500c2,0x1b,
0x9e0,0x9d7,0x4a,0x40070,0x27,0x9e1,0x9e0,0x70050,
0x39,0x9e2,0x9d9,0x9dc,0x9df,0x9e1,0x50085,0x39,
0x9e3,0x9e2,0x15d,0x500c7,0x1b,0x9e4,0x1a5,0x53,
0x500ab,0x25,0x9e5,0x9e4,0x1d,0x300f7,0x9e6,0x0,
0x400fa,0x9e5,0x9e7,0x9e6,0x200f8,0x9e7,0x8004f,0x3b,
0x9e8,0x9e3,0x9e3,0x0,0x1,0x2,0x500bc,0x151,
0x9e9,0x9e8,0x3c,0x50085,0x3b,0x9ea,0x9e8,0x15f,
0x50081,0x3b,0x9eb,0x9e8,0x3e,0x50085,0x3b,0x9ec,
0x9eb,0x161,0x7000c,0x3b,0x9ed,0x1,0x1a,0x9ec,
0x40,0x600a9,0x3b,0x9ee,0x9e9,0x9ea,0x9ed,0x9004f,
0x39,0x9ef,0x9e3,0x9ee,0x4,0x5,0x6,0x3,
0x200f9,0x9e6,0x200f8,0x9e6,0x700f5,0x39,0x9f0,0x9e3,
0x9c8,0x9ef,0x9e7,0x200f9,0x950,0x200f8,0x9b4,0x7000c,
0x1b,0x9f1,0x1,0x29,0x2c,0x192,0x500ab,0x25,
0x9f2,0x192,0x1d,0x300f7,0x9f3,0x0,0x400fa,0x9f2,
0x9f4,0x9f3,0x200f8,0x9f4,0x4007c,0x1b,0x9f5,0x926,
0x50086,0x1b,0x9f6,0x9f5,0x9f1,0x4007c,0x1b,0x9f7,
0x959,0x50086,0x1b,0x9f8,0x9f7,0x9f1,0x500c6,0x1b,
0x9f9,0x9f6,0x9f8,0x500c7,0x1b,0x9fa,0x9f9,0x2c,
0x500ab,0x25,0x9fb,0x9fa,0x1d,0x200f9,0x9f3,0x200f8,
0x9f3,0x700f5,0x25,0x9fc,0x26,0x9b4,0x9fb,0x9f4,
0x300f7,0x9fd,0x0,0x400fa,0x9fc,0x9fe,0x9fd,0x200f8,
0x9fe,0x200f9,0x950,0x200f8,0x9fd,0x200f9,0x950,0x200f8,
0x94e,0x50080,0x1b,0x94d,0x94c,0x2c,0x200f9,0x94b,
0x200f8,0x950,0xb00f5,0x39,0x9ff,0x159,0x94b,0x9f0,
0x9e6,0x191,0x9fe,0x190,0x9fd,0xb00f5,0x25,0xa00,
0x26,0x94b,0x2b,0x9e6,0x2b,0x9fe,0x2b,0x9fd,
0x300f7,0xa01,0x0,0x400fa,0xa00,0x19f,0xa01,0x200f8,
0xa01,0x100fc,0x200f8,0x918,0x500c7,0x1b,0xa02,0x1a5,
0x2f,0x500ab,0x25,0xa03,0xa02,0x1d,0x50050,0x150,
0xa04,0xa03,0xa03,0x600a9,0x29,0xa05,0xa04,0x197,
0x194,0x500c7,0x1b,0xa06,0x1a5,0x54,0x500ab,0x25,
0xa07,0xa06,0x1d,0x300f7,0xa08,0x0,0x400fa,0xa07,
0xa09,0xa08,0x200f8,0xa09,0x500b8,0x150,0xa0a,0xa05,
0x2a,0x4009a,0x25,0xa0b,0xa0a,0x400a8,0x25,0xa0c,
0xa0b,0x300f7,0xa0d,0x0,0x400fa,0xa0c,0xa0e,0xa0d,
0x200f8,0xa0e,0x500be,0x150,0xa0f,0xa05,0x56,0x4009a,
0x25,0xa10,0xa0f,0x200f9,0xa0d,0x200f8,0xa0d,0x700f5,
0x25,0xa11,0x2b,0xa09,0xa10,0xa0e,0x300f7,0xa12,
0x0,0x400fa,0xa11,0xa13,0xa12,0x200f8,0xa13,0x100fc,
0x200f8,0xa12,0x6000c,0x29,0xa14,0x1,0x8,0xa05,
0x4006d,0x2d,0xa15,0xa14,0x50041,0x143,0xa16,0x9,
0x21,0x4003d,0x1b,0xa17,0xa16,0x50080,0x1b,0xa18,
0xa17,0x2c,0x50051,0x1b,0xa19,0xa15,0x1,0x500c2,
0x1b,0xa1a,0xa19,0x2c,0x50080,0x1b,0xa1b,0xa18,
0xa1a,0x60041,0x14f,0xa1c,0x18,0x21,0xa1b,0x4003d,
0x1b,0xa1d,0xa1c,0x500c7,0x1b,0xa1e,0xa19,0x2c,
0x50084,0x1b,0xa1f,0xa1e,0x37,0x500c7,0x1b,0xa20,
0xa1f,0x32,0x500c2,0x1b,0xa21,0xa1d,0xa20,0x50051,
0x1b,0xa22,0xa15,0x0,0x500c7,0x1b,0xa23,0xa22,
0x32,0x500c2,0x1b,0xa24,0x57,0xa23,0x500c7,0x1b,
0xa25,0xa21,0xa24,0x500aa,0x25,0xa26,0xa25,0x1d,
0x300f7,0xa27,0x0,0x400fa,0xa26,0xa28,0xa27,0x200f8,
0xa28,0x100fc,0x200f8,0xa27,0x60041,0x14f,0xa29,0x18,
0x21,0xa17,0x4003d,0x1b,0xa2a,0xa29,0x500c2,0x1b,
0xa2b,0xa2a,0x4a,0x500aa,0x25,0xa2c,0xa2b,0x1d,
0x300f7,0xa2d,0x0,0x400fa,0xa2c,0xa2e,0xa2d,0x200f8,
0xa2e,0x100fc,0x200f8,0xa2d,0x500c7,0x1b,0xa2f,0xa2a,
0x34,0x40070,0x27,0xa30,0xa2f,0x500c2,0x1b,0xa31,
0xa2a,0x2f,0x500c7,0x1b,0xa32,0xa31,0x34,0x40070,
0x27,0xa33,0xa32,0x500c2,0x1b,0xa34,0xa2a,0x37,
0x500c7,0x1b,0xa35,0xa34,0x34,0x40070,0x27,0xa36,
0xa35,0x40070,0x27,0xa37,0xa2b,0x70050,0x39,0xa38,
0xa30,0xa33,0xa36,0xa37,0x50085,0x39,0xa39,0xa38,
0x15d,0x500c7,0x1b,0xa3a,0x1a5,0x31,0x500ab,0x25,
0xa3b,0xa3a,0x1d,0x300f7,0xa3c,0x0,0x400fa,0xa3b,
0xa3d,0xa3c,0x200f8,0xa3d,0x8004f,0x3b,0xa3e,0xa39,
0xa39,0x0,0x1,0x2,0x500bc,0x151,0xa3f,0xa3e,
0x3c,0x50085,0x3b,0xa40,0xa3e,0x15f,0x50081,0x3b,
0xa41,0xa3e,0x3e,0x50085,0x3b,0xa42,0xa41,0x161,
0x7000c,0x3b,0xa43,0x1,0x1a,0xa42,0x40,0x600a9,
0x3b,0xa44,0xa3f,0xa40,0xa43,0x9004f,0x39,0xa45,
0xa39,0xa44,0x4,0x5,0x6,0x3,0x200f9,0xa3c,
0x200f8,0xa3c,0x700f5,0x39,0xa46,0xa39,0xa2d,0xa45,
0xa3d,0x200f9,0x19f,0x200f8,0xa08,0x500c7,0x1b,0xa47,
0x1a5,0x58,0x500ab,0x25,0xa48,0xa47,0x1d,0x300f7,
0xa49,0x0,0x400fa,0xa48,0xa4a,0xa49,0x200f8,0xa4a,
0x6000c,0x29,0xa4b,0x1,0x8,0xa05,0x4006e,0x59,
0xa4c,0xa4b,0x500b1,0x150,0xa4d,0xa4c,0x5a,0x4009a,
0x25,0xa4e,0xa4d,0x400a8,0x25,0xa4f,0xa4e,0x300f7,
0xa50,0x0,0x400fa,0xa4f,0xa51,0xa50,0x200f8,0xa51,
0x50051,0x1c,0xa52,0xa4c,0x0,0x500af,0x25,0xa53,
0xa52,0x5b,0x200f9,0xa50,0x200f8,0xa50,0x700f5,0x25,
0xa54,0x2b,0xa4a,0xa53,0xa51,0x400a8,0x25,0xa55,
0xa54,0x300f7,0xa56,0x0,0x400fa,0xa55,0xa57,0xa56,
0x200f8,0xa57,0x50051,0x1c,0xa58,0xa4c,0x1,0x500af,
0x25,0xa59,0xa58,0x5c,0x200f9,0xa56,0x200f8,0xa56,
0x700f5,0x25,0xa5a,0x2b,0xa50,0xa59,0xa57,0x300f7,
0xa5b,0x0,0x400fa,0xa5a,0xa5c,0xa5b,0x200f8,0xa5c,
0x100fc,0x200f8,0xa5b,0x50041,0x143,0xa5d,0x9,0x21,
0x4003d,0x1b,0xa5e,0xa5d,0x50051,0x1c,0xa5f,0xa4c,
0x1,0x4007c,0x1b,0xa60,0xa5f,0x50084,0x1b,0xa61,
0xa60,0x31,0x50080,0x1b,0xa62,0xa5e,0xa61,0x60041,
0x14f,0xa63,0x18,0x21,0xa62,0x4003d,0x1b,0xa64,
0xa63,0x50080,0x1b,0xa65,0xa62,0x2c,0x60041,0x14f,
0xa66,0x18,0x21,0xa65,0x4003d,0x1b,0xa67,0xa66,
0x200f9,0xa68,0x200f8,0xa68,0x700f5,0x1b,0xa69,0x1d,
0xa5b,0xa6a,0xa6b,0x500b0,0x25,0xa6c,0xa69,0xa67,
0x400f6,0xa6d,0xa6b,0x0,0x400fa,0xa6c,0xa6e,0xa6d,
0x200f8,0xa6e,0x50080,0x1b,0xa6f,0xa64,0xa69,0x60041,
0x14f,0xa70,0x18,0x21,0xa6f,0x4003d,0x1b,0xa71,
0xa70,0x50080,0x1b,0xa72,0xa71,0x2c,0x60041,0x14f,
0xa73,0x18,0x21,0xa72,0x4003d,0x1b,0xa74,0xa73,
0x4007c,0x1c,0xa75,0xa74,0x50080,0x1b,0xa76,0xa71,
0x31,0x60041,0x14f,0xa77,0x18,0x21,0xa76,0x4003d,
0x1b,0xa78,0xa77,0x4007c,0x1c,0xa79,0xa78,0x50050,
0x59,0xa7a,0xa75,0xa79,0x60041,0x14f,0xa7b,0x18,
0x21,0xa71,0x4003d,0x1b,0xa7c,0xa7b,0x500ab,0x25,
0xa7d,0xa7c,0x1d,0x300f7,0xa7e,0x0,0x400fa,0xa7d,
0xa7f,0xa7e,0x200f8,0xa7f,0x500aa,0x150,0xa80,0xa4c,
0xa7a,0x4009b,0x25,0xa81,0xa80,0x300f7,0xa82,0x0,
0x400fa,0xa81,0xa83,0xa82,0x200f8,0xa83,0x200f9,0xa6d,
0x200f8,0xa82,0x200f9,0xa6b,0x200f8,0xa7e,0x50080,0x1b,
0xa84,0xa71,0x33,0x60041,0x14f,0xa85,0x18,0x21,
0xa84,0x4003d,0x1b,0xa86,0xa85,0x4007c,0x1c,0xa87,
0xa86,0x50080,0x1b,0xa88,0xa71,0x24,0x60041,0x14f,
0xa89,0x18,0x21,0xa88,0x4003d,0x1b,0xa8a,0xa89,
0x4007c,0x1c,0xa8b,0xa8a,0x50082,0x1c,0xa8c,0xa75,
0xa87,0x50082,0x1c,0xa8d,0xa79,0xa8b,0x50082,0x1c,
0xa8e,0xa75,0x35,0x50051,0x1c,0xa8f,0xa4c,0x0,
0x50082,0x1c,0xa90,0xa8e,0xa8f,0x500af,0x25,0xa91,
0xa90,0x21,0x300f7,0xa92,0x0,0x400fa,0xa91,0xa93,
0xa92,0x200f8,0xa93,0x7000c,0x1c,0xa94,0x1,0x2a,
0xa8c,0x21,0x500ad,0x25,0xa95,0xa90,0xa94,0x200f9,
0xa92,0x200f8,0xa92,0x700f5,0x25,0xa96,0x2b,0xa7e,
0xa95,0xa93,0x300f7,0xa97,0x0,0x400fa,0xa96,0xa98,
0xa97,0x200f8,0xa98,0x200f9,0xa6b,0x200f8,0xa97,0x500ad,
0x25,0xa99,0xa90,0x21,0x300f7,0xa9a,0x0,0x400fa,
0xa99,0xa9b,0xa9a,0x200f8,0xa9b,0x500ad,0x25,0xa9c,
0xa8c,0x21,0x200f9,0xa9a,0x200f8,0xa9a,0x700f5,0x25,
0xa9d,0x26,0xa97,0xa9c,0xa9b,0x300f7,0xa9e,0x0,
0x400fa,0xa9d,0xa9f,0xa9e,0x200f8,0xa9f,0x6000c,0x1c,
0xaa0,0x1,0x5,0xa8d,0x50084,0x1c,0xaa1,0xa90,
0xaa0,0x50082,0x1c,0xaa2,0xaa1,0x30,0x50087,0x1c,
0xaa3,0xaa2,0xa8c,0x7000c,0x1c,0xaa4,0x1,0x2a,
0x21,0xaa3,0x7000c,0x1c,0xaa5,0x1,0x27,0xa90,
0xaa4,0x200f9,0xa9e,0x200f8,0xa9e,0x700f5,0x1c,0xaa6,
0x21,0xa9a,0xaa5,0xa9f,0x500b1,0x25,0xaa7,0xa79,
0xa8b,0x600a9,0x1c,0xaa8,0xaa7,0x30,0x47,0x50084,
0x1c,0xaa9,0xaa6,0xaa8,0x50080,0x1c,0xaaa,0xa79,
0xaa9,0x500aa,0x25,0xaab,0xa5f,0xaaa,0x300f7,0xaac,
0x0,0x400fa,0xaab,0xaad,0xaac,0x200f8,0xaad,0x200f9,
0xa6d,0x200f8,0xaac,0x200f9,0xa6b,0x200f8,0xa6b,0x50080,
0x1b,0xa6a,0xa69,0x2c,0x200f9,0xa68,0x200f8,0xa6d,
0x900f5,0x39,0xaae,0x159,0xa68,0x190,0xa83,0x190,
0xaad,0x900f5,0x25,0xaaf,0x26,0xa68,0x2b,0xa83,
0x2b,0xaad,0x300f7,0xab0,0x0,0x400fa,0xaaf,0x19f,
0xab0,0x200f8,0xab0,0x100fc,0x200f8,0xa49,0x500c7,0x1b,
0xab1,0x1a5,0x5d,0x500ab,0x25,0xab2,0xab1,0x1d,
0x300f7,0xab3,0x0,0x400fa,0xab2,0xab4,0xab3,0x200f8,
0xab4,0x50041,0x143,0xab5,0x9,0x21,0x4003d,0x1b,
0xab6,0xab5,0x60041,0x14f,0xab7,0x18,0x21,0xab6,
0x4003d,0x1b,0xab8,0xab7,0x4007c,0x1c,0xab9,0xab8,
0x50080,0x1b,0xaba,0xab6,0x2c,0x60041,0x14f,0xabb,
0x18,0x21,0xaba,0x4003d,0x1b,0xabc,0xabb,0x4007c,
0x1c,0xabd,0xabc,0x50080,0x1b,0xabe,0xab6,0x31,
0x60041,0x14f,0xabf,0x18,0x21,0xabe,0x4003d,0x1b,
0xac0,0xabf,0x4007c,0x1c,0xac1,0xac0,0x50080,0x1b,
0xac2,0xab6,0x33,0x60041,0x14f,0xac3,0x18,0x21,
0xac2,0x4003d,0x1b,0xac4,0xac3,0x4007c,0x1c,0xac5,
0xac4,0x6000c,0x29,0xac6,0x1,0x8,0xa05,0x4006e,
0x59,0xac7,0xac6,0x50082,0x1c,0xac8,0xab9,0xac1,
0x50082,0x1c,0xac9,0xabd,0xac5,0x50082,0x1c,0xaca,
0xab9,0x35,0x50051,0x1c,0xacb,0xac7,0x0,0x50082,
0x1c,0xacc,0xaca,0xacb,0x500af,0x25,0xacd,0xacc,
0x21,0x300f7,0xace,0x0,0x400fa,0xacd,0xacf,0xace,
0x200f8,0xacf,0x7000c,0x1c,0xad0,0x1,0x2a,0xac8,
0x21,0x500ad,0x25,0xad1,0xacc,0xad0,0x200f9,0xace,
0x200f8,0xace,0x700f5,0x25,0xad2,0x2b,0xab4,0xad1,
0xacf,0x300f7,0xad3,0x0,0x400fa,0xad2,0xad4,0xad3,
0x200f8,0xad4,0x100fc,0x200f8,0xad3,0x500ad,0x25,0xad5,
0xacc,0x21,0x300f7,0xad6,0x0,0x400fa,0xad5,0xad7,
0xad6,0x200f8,0xad7,0x500ad,0x25,0xad8,0xac8,0x21,
0x200f9,0xad6,0x200f8,0xad6,0x700f5,0x25,0xad9,0x26,
0xad3,0xad8,0xad7,0x300f7,0xada,0x0,0x400fa,0xad9,
0xadb,0xada,0x200f8,0xadb,0x6000c,0x1c,0xadc,0x1,
0x5,0xac9,0x50084,0x1c,0xadd,0xacc,0xadc,0x50082,
0x1c,0xade,0xadd,0x30,0x50087,0x1c,0xadf,0xade,
0xac8,0x7000c,0x1c,0xae0,0x1,0x2a,0x21,0xadf,
0x7000c,0x1c,0xae1,0x1,0x27,0xacc,0xae0,0x200f9,
0xada,0x200f8,0xada,0x700f5,0x1c,0xae2,0x21,0xad6,
0xae1,0xadb,0x50051,0x1c,0xae3,0xac7,0x1,0x500b1,
0x25,0xae4,0xabd,0xac5,0x600a9,0x1c,0xae5,0xae4,
0x30,0x47,0x50084,0x1c,0xae6,0xae2,0xae5,0x50080,
0x1c,0xae7,0xabd,0xae6,0x500ab,0x25,0xae8,0xae3,
0xae7,0x300f7,0xae9,0x0,0x400fa,0xae8,0xaea,0xae9,
0x200f8,0xaea,0x100fc,0x200f8,0xae9,0x200f9,0x19f,0x200f8,
0xab3,0x500c7,0x1b,0xaeb,0x1a5,0x4e,0x500ab,0x25,
0xaec,0xaeb,0x1d,0x300f7,0xaed,0x0,0x400fa,0xaec,
0xaee,0xaed,0x200f8,0xaee,0x50041,0x143,0xaef,0x9,
0x21,0x4003d,0x1b,0xaf0,0xaef,0x50041,0x143,0xaf1,
0x9,0x30,0x4003d,0x1b,0xaf2,0xaf1,0x50080,0x1b,
0xaf3,0xaf0,0x37,0x50080,0x1b,0xaf4,0xaf3,0xaf2,
0x60041,0x14f,0xaf5,0x18,0x21,0xaf4,0x4003d,0x1b,
0xaf6,0xaf5,0x50080,0x1b,0xaf7,0xaf0,0x4d,0x60041,
0x14f,0xaf8,0x18,0x21,0xaf7,0x4003d,0x1b,0xaf9,
0xaf8,0x50082,0x1b,0xafa,0x46,0xaf9,0x500c7,0x1b,
0xafb,0xaf6,0x34,0x500c2,0x1b,0xafc,0xaf6,0x2f,
0x500c7,0x1b,0xafd,0xafc,0x34,0x500c2,0x1b,0xafe,
0xaf6,0x37,0x500c7,0x1b,0xaff,0xafe,0x34,0x60050,
0xb5,0xb00,0xafb,0xafd,0xaff,0x60050,0xb5,0xb01,
0xafa,0xafa,0xafa,0x50084,0xb5,0xb02,0xb00,0xb01,
0x50086,0xb5,0xb03,0xb02,0xb6,0x500c2,0x1b,0xb04,
0xaf6,0x4a,0x40070,0x27,0xb05,0xb04,0x50051,0x1b,
0xb06,0xb03,0x0,0x50051,0x1b,0xb07,0xb03,0x1,
0x50051,0x1b,0xb08,0xb03,0x2,0x40070,0x27,0xb09,
0xb06,0x40070,0x27,0xb0a,0xb07,0x40070,0x27,0xb0b,
0xb08,0x70050,0x39,0xb0c,0xb09,0xb0a,0xb0b,0xb05,
0x50085,0x39,0xb0d,0xb0c,0x15d,0x500c7,0x1b,0xb0e,
0x1a5,0x31,0x500ab,0x25,0xb0f,0xb0e,0x1d,0x300f7,
0xb10,0x0,0x400fa,0xb0f,0xb11,0xb10,0x200f8,0xb11,
0x8004f,0x3b,0xb12,0xb0d,0xb0d,0x0,0x1,0x2,
0x500bc,0x151,0xb13,0xb12,0x3c,0x50085,0x3b,0xb14,
0xb12,0x15f,0x50081,0x3b,0xb15,0xb12,0x3e,0x50085,
0x3b,0xb16,0xb15,0x161,0x7000c,0x3b,0xb17,0x1,
0x1a,0xb16,0x40,0x600a9,0x3b,0xb18,0xb13,0xb14,
0xb17,0x9004f,0x39,0xb19,0xb0d,0xb18,0x4,0x5,
0x6,0x3,0x200f9,0xb10,0x200f8,0xb10,0x700f5,0x39,
0xb1a,0xb0d,0xaee,0xb19,0xb11,0x200f9,0x19f,0x200f8,
0xaed,0x500c7,0x1b,0xb1b,0x1a5,0x37,0x500ab,0x25,
0xb1c,0xb1b,0x1d,0x300f7,0xb1d,0x0,0x400fa,0xb1c,
0xb1e,0xb1d,0x200f8,0xb1e,0x50041,0x143,0xb1f,0x9,
0x21,0x4003d,0x1b,0xb20,0xb1f,0x6000c,0x29,0xb21,
0x1,0x8,0xa05,0x4006e,0x59,0xb22,0xb21,0x50041,
0x143,0xb23,0x9,0x35,0x4003d,0x1b,0xb24,0xb23,
0x500c2,0x1b,0xb25,0xb24,0x2f,0x500c7,0x1b,0xb26,
0xb24,0x34,0x500b1,0x150,0xb27,0xb22,0x5a,0x4009a,
0x25,0xb28,0xb27,0x400a8,0x25,0xb29,0xb28,0x300f7,
0xb2a,0x0,0x400fa,0xb29,0xb2b,0xb2a,0x200f8,0xb2b,
0x4007c,0x1c,0xb2c,0xb25,0x50050,0x59,0xb2d,0xb2c,
0xb2c,0x500af,0x150,0xb2e,0xb22,0xb2d,0x4009a,0x25,
0xb2f,0xb2e,0x200f9,0xb2a,0x200f8,0xb2a,0x700f5,0x25,
0xb30,0x2b,0xb1e,0xb2f,0xb2b,0x300f7,0xb31,0x0,
0x400fa,0xb30,0xb32,0xb31,0x200f8,0xb32,0x100fc,0x200f8,
0xb31,0x500c7,0x1b,0xb33,0xb24,0xb7,0x500ab,0x25,
0xb34,0xb33,0x1d,0x300f7,0xb35,0x0,0x400fa,0xb34,
0xb36,0xb35,0x200f8,0xb36,0x4007c,0x1c,0xb37,0xb25,
0x50082,0x1c,0xb38,0xb37,0x30,0x50051,0x1c,0xb39,
0xb22,0x0,0x50082,0x1c,0xb3a,0xb38,0xb39,0x60052,
0x59,0xb3b,0xb3a,0xb22,0x0,0x200f9,0xb35,0x200f8,
0xb35,0x700f5,0x59,0xb3c,0xb22,0xb31,0xb3b,0xb36,
0x500c7,0x1b,0xb3d,0xb24,0xb8,0x500ab,0x25,0xb3e,
0xb3d,0x1d,0x300f7,0xb3f,0x0,0x400fa,0xb3e,0xb40,
0xb3f,0x200f8,0xb40,0x4007c,0x1c,0xb41,0xb25,0x50082,
0x1c,0xb42,0xb41,0x30,0x50051,0x1c,0xb43,0xb3c,
0x1,0x50082,0x1c,0xb44,0xb42,0xb43,0x60052,0x59,
0xb45,0xb44,0xb3c,0x1,0x200f9,0xb3f,0x200f8,0xb3f,
0x700f5,0x59,0xb46,0xb3c,0xb35,0xb45,0xb40,0x50041,
0x143,0xb47,0x9,0x30,0x4003d,0x1b,0xb48,0xb47,
0x500c7,0x1b,0xb49,0xb48,0x34,0x500c2,0x1b,0xb4a,
0xb48,0x2f,0x500c7,0x1b,0xb4b,0xb48,0xb4,0x50084,
0x1b,0xb4c,0xb4b,0xb9,0x500c7,0x1b,0xb4d,0xb4a,
0x5d,0x500ab,0x25,0xb4e,0xb4d,0x1d,0x300f7,0xb4f,
0x0,0x400fa,0xb4e,0xb50,0xb4f,0x200f8,0xb50,0x500c2,
0x1b,0xb51,0xb49,0x33,0x500c7,0x1b,0xb52,0xb51,
0x33,0x50080,0x1b,0xb53,0xb52,0x2c,0x50084,0x1b,
0xb54,0xb53,0xba,0x50080,0x1b,0xb55,0xb4c,0xb54,
0x200f9,0xb4f,0x200f8,0xb4f,0x700f5,0x1b,0xb56,0xb4c,
0xb3f,0xb55,0xb50,0x500c7,0x1b,0xb57,0xb4a,0x34,
0x50051,0x1c,0xb58,0xb46,0x1,0x500c3,0x1c,0xb59,
0xb58,0x1e,0x4007c,0x1b,0xb5a,0xb59,0x50084,0x1b,
0xb5b,0xb5a,0x37,0x50080,0x1b,0xb5c,0xb57,0xb5b,
0x50051,0x1c,0xb5d,0xb46,0x0,0x500c3,0x1c,0xb5e,
0xb5d,0x1e,0x4007c,0x1b,0xb5f,0xb5e,0x50080,0x1b,
0xb60,0xb5c,0xb5f,0x50084,0x1b,0xb61,0xb56,0x31,
0x50084,0x1b,0xb62,0xb60,0x4e,0x50080,0x1b,0xb63,
0xb61,0xb62,0x500c7,0x1c,0xb64,0xb58,0xbb,0x4007c,
0x1b,0xb65,0xb64,0x50084,0x1b,0xb66,0xb65,0x31,
0x50080,0x1b,0xb67,0xb63,0xb66,0x500c7,0x1c,0xb68,
0xb5d,0xbb,0x4007c,0x1b,0xb69,0xb68,0x500c7,0x1b,
0xb6a,0xb69,0x32,0x500c2,0x1b,0xb6b,0xb8,0xb6a,
0x200f9,0xb6c,0x200f8,0xb6c,0x700f5,0x1b,0xb6d,0x1d,
0xb4f,0xb6e,0xb6f,0x700f5,0x1b,0xb70,0x1d,0xb4f,
0xb71,0xb6f,0x500b0,0x25,0xb72,0xb70,0x31,0x400f6,
0xb73,0xb6f,0x0,0x400fa,0xb72,0xb74,0xb73,0x200f8,
0xb74,0x50084,0x1b,0xb75,0xb70,0x37,0x50080,0x1b,
0xb76,0xb67,0xb75,0x500c7,0x1b,0xb77,0xb76,0x43,
0x50080,0x1b,0xb78,0xb20,0xdd,0x500c2,0x1b,0xb79,
0xb77,0x31,0x50080,0x1b,0xb7a,0xb78,0xb79,0x60041,
0x14f,0xb7b,0x18,0x21,0xb7a,0x4003d,0x1b,0xb7c,
0xb7b,0x500c7,0x1b,0xb7d,0xb76,0x33,0x50084,0x1b,
0xb7e,0xb7d,0x2f,0x500c7,0x1b,0xb7f,0xb7e,0x32,
0x500c2,0x1b,0xb80,0xb7c,0xb7f,0x500c7,0x1b,0xb81,
0xb80,0x34,0x500c7,0x1b,0xb82,0xb81,0xb6b,0x500ab,
0x25,0xb83,0xb82,0x1d,0x300f7,0xb84,0x0,0x400fa,
0xb83,0xb85,0xb84,0x200f8,0xb85,0x50084,0x1b,0xb86,
0xb70,0x31,0x500c7,0x1b,0xb87,0xb86,0x32,0x500c4,
0x1b,0xb88,0x2c,0xb87,0x500c5,0x1b,0xb89,0xb6d,
0xb88,0x200f9,0xb84,0x200f8,0xb84,0x700f5,0x1b,0xb8a,
0xb6d,0xb74,0xb89,0xb85,0x50080,0x1b,0xb8b,0xb76,
0x2c,0x500c7,0x1b,0xb8c,0xb8b,0x43,0x500c2,0x1b,
0xb8d,0xb8c,0x31,0x50080,0x1b,0xb8e,0xb78,0xb8d,
0x60041,0x14f,0xb8f,0x18,0x21,0xb8e,0x4003d,0x1b,
0xb90,0xb8f,0x500c7,0x1b,0xb91,0xb8b,0x33,0x50084,
0x1b,0xb92,0xb91,0x2f,0x500c7,0x1b,0xb93,0xb92,
0x32,0x500c2,0x1b,0xb94,0xb90,0xb93,0x500c7,0x1b,
0xb95,0xb94,0x34,0x500c7,0x1b,0xb96,0xb95,0xb6b,
0x500ab,0x25,0xb97,0xb96,0x1d,0x300f7,0xb98,0x0,
0x400fa,0xb97,0xb99,0xb98,0x200f8,0xb99,0x50084,0x1b,
0xb9a,0xb70,0x31,0x500c7,0x1b,0xb9b,0xb9a,0x32,
0x500c4,0x1b,0xb9c,0x31,0xb9b,0x500c5,0x1b,0xb9d,
0xb8a,0xb9c,0x200f9,0xb98,0x200f8,0xb98,0x700f5,0x1b,
0xb6e,0xb8a,0xb84,0xb9d,0xb99,0x200f9,0xb6f,0x200f8,
0xb6f,0x50080,0x1b,0xb71,0xb70,0x2c,0x200f9,0xb6c,
0x200f8,0xb73,0x500aa,0x25,0xb9e,0xb6d,0x1d,0x300f7,
0xb9f,0x0,0x400fa,0xb9e,0xba0,0xb9f,0x200f8,0xba0,
0x100fc,0x200f8,0xb9f,0x500c2,0x1b,0xba1,0xb26,0x2c,
0x500c7,0x1b,0xba2,0xba1,0xb4,0x50084,0x1b,0xba3,
0xba2,0x37,0x50080,0x1b,0xba4,0xb8,0xba3,0x50080,
0x1b,0xba5,0xba4,0xb6d,0x50080,0x1b,0xba6,0xb20,
0x37,0x50080,0x1b,0xba7,0xba6,0xba5,0x60041,0x14f,
0xba8,0x18,0x21,0xba7,0x4003d,0x1b,0xba9,0xba8,
0x50080,0x1b,0xbaa,0xb20,0x4d,0x60041,0x14f,0xbab,
0x18,0x21,0xbaa,0x4003d,0x1b,0xbac,0xbab,0x50082,
0x1b,0xbad,0x46,0xbac,0x500c7,0x1b,0xbae,0xba9,
0x34,0x500c2,0x1b,0xbaf,0xba9,0x2f,0x500c7,0x1b,
0xbb0,0xbaf,0x34,0x500c2,0x1b,0xbb1,0xba9,0x37,
0x500c7,0x1b,0xbb2,0xbb1,0x34,0x60050,0xb5,0xbb3,
0xbae,0xbb0,0xbb2,0x60050,0xb5,0xbb4,0xbad,0xbad,
0xbad,0x50084,0xb5,0xbb5,0xbb3,0xbb4,0x50086,0xb5,
0xbb6,0xbb5,0xb6,0x500c2,0x1b,0xbb7,0xba9,0x4a,
0x40070,0x27,0xbb8,0xbb7,0x50051,0x1b,0xbb9,0xbb6,
0x0,0x50051,0x1b,0xbba,0xbb6,0x1,0x50051,0x1b,
0xbbb,0xbb6,0x2,0x40070,0x27,0xbbc,0xbb9,0x40070,
0x27,0xbbd,0xbba,0x40070,0x27,0xbbe,0xbbb,0x70050,
0x39,0xbbf,0xbbc,0xbbd,0xbbe,0xbb8,0x50085,0x39,
0xbc0,0xbbf,0x15d,0x500c7,0x1b,0xbc1,0x1a5,0x31,
0x500ab,0x25,0xbc2,0xbc1,0x1d,0x300f7,0xbc3,0x0,
0x400fa,0xbc2,0xbc4,0xbc3,0x200f8,0xbc4,0x8004f,0x3b,
0xbc5,0xbc0,0xbc0,0x0,0x1,0x2,0x500bc,0x151,
0xbc6,0xbc5,0x3c,0x50085,0x3b,0xbc7,0xbc5,0x15f,
0x50081,0x3b,0xbc8,0xbc5,0x3e,0x50085,0x3b,0xbc9,
0xbc8,0x161,0x7000c,0x3b,0xbca,0x1,0x1a,0xbc9,
0x40,0x600a9,0x3b,0xbcb,0xbc6,0xbc7,0xbca,0x9004f,
0x39,0xbcc,0xbc0,0xbcb,0x4,0x5,0x6,0x3,
0x200f9,0xbc3,0x200f8,0xbc3,0x700f5,0x39,0xbcd,0xbc0,
0xb9f,0xbcc,0xbc4,0x200f9,0x19f,0x200f8,0xb1d,0x300f7,
0xbce,0x0,0x400fa,0xa03,0xbcf,0xbce,0x200f8,0xbcf,
0x300f7,0xbd0,0x0,0x300fb,0x1d,0xbd1,0x200f8,0xbd1,
0x50041,0x143,0xbd2,0x9,0x21,0x4003d,0x1b,0xbd3,
0xbd2,0x50080,0x1b,0xbd4,0xbd3,0x46,0x60041,0x14f,
0xbd5,0x18,0x21,0xbd4,0x4003d,0x1b,0xbd6,0xbd5,
0x500c7,0x1b,0xbd7,0xbd6,0x42,0x500aa,0x25,0xbd8,
0xbd7,0x1d,0x300f7,0xbd9,0x0,0x400fa,0xbd8,0xbda,
0xbd9,0x200f8,0xbda,0x300f7,0xbdb,0x0,0x300fb,0x1d,
0xbdc,0x200f8,0xbdc,0x50080,0x1b,0xbdd,0xbd3,0x31,
0x60041,0x14f,0xbde,0x18,0x21,0xbdd,0x4003d,0x1b,
0xbdf,0xbde,0x50080,0x1b,0xbe0,0xbd3,0x52,0x60041,
0x14f,0xbe1,0x18,0x21,0xbe0,0x4003d,0x1b,0xbe2,
0xbe1,0x50080,0x1b,0xbe3,0xbd3,0x2f,0x60041,0x14f,
0xbe4,0x18,0x21,0xbe3,0x4003d,0x1b,0xbe5,0xbe4,
0x500ab,0x25,0xbe6,0xbe5,0x1d,0x600a9,0x1c,0xbe7,
0xbe6,0x44,0xde,0x4007c,0x1b,0xbe8,0xbe7,0x6000c,
0x29,0xbe9,0x1,0x8,0xa05,0x4006e,0x59,0xbea,
0xbe9,0x4003d,0x1b,0xbeb,0xbd5,0x500c7,0x1b,0xbec,
0xbeb,0x5e,0x500ab,0x25,0xbed,0xbec,0x1d,0x300f7,
0xbee,0x0,0x400fa,0xbed,0xbef,0xbee,0x200f8,0xbef,
0x50041,0x177,0xbf0,0xd,0x30,0x4003d,0x27,0xbf1,
0xbf0,0x500ba,0x25,0xbf2,0xbf1,0x28,0x200f9,0xbee,
0x200f8,0xbee,0x700f5,0x25,0xbf3,0x26,0xbdc,0xbf2,
0xbef,0x300f7,0xbf4,0x0,0x400fa,0xbf3,0xbf5,0xbf4,
0x200f8,0xbf5,0x50041,0x177,0xbf6,0xd,0x30,0x4003d,
0x27,0xbf7,0xbf6,0x7004f,0x29,0xbf8,0x198,0x198,
0x0,0x2,0x6000c,0x27,0xbf9,0x1,0x42,0xbf8,
0x7000c,0x27,0xbfa,0x1,0x50,0xbf9,0xc1,0x7000c,
0x27,0xbfb,0x1,0x19,0xbf7,0xbfa,0x50085,0x27,
0xbfc,0xbfb,0xc3,0x50083,0x27,0xbfd,0xdf,0xbfc,
0x6000c,0x27,0xbfe,0x1,0x8,0xbfd,0x4006e,0x1c,
0xbff,0xbfe,0x60052,0x59,0xc00,0xbff,0xbea,0x1,
0x200f9,0xbf4,0x200f8,0xbf4,0x700f5,0x59,0xc01,0xbea,
0xbee,0xc00,0xbf5,0x4003d,0x1b,0xc02,0xbd5,0x500c7,
0x1b,0xc03,0xc02,0xe0,0x500ab,0x25,0xc04,0xc03,
0x1d,0x300f7,0xc05,0x0,0x400fa,0xc04,0xc06,0xc05,
0x200f8,0xc06,0x50041,0x177,0xc07,0xd,0x30,0x4003d,
0x27,0xc08,0xc07,0x500bc,0x25,0xc09,0xc08,0x28,
0x200f9,0xc05,0x200f8,0xc05,0x700f5,0x25,0xc0a,0x26,
0xbf4,0xc09,0xc06,0x300f7,0xc0b,0x0,0x400fa,0xc0a,
0xc0c,0xc0b,0x200f8,0xc0c,0x7004f,0x29,0xc0d,0x198,
0x198,0x0,0x2,0x6000c,0x27,0xc0e,0x1,0x42,
0xc0d,0x7000c,0x27,0xc0f,0x1,0x50,0xc0e,0xc1,
0x50041,0x177,0xc10,0xd,0x21,0x4003d,0x27,0xc11,
0xc10,0x50041,0x177,0xc12,0xd,0x35,0x4003d,0x27,
0xc13,0xc12,0x4007f,0x27,0xc14,0xc13,0x7000c,0x27,
0xc15,0x1,0x19,0xc11,0xc14,0x50085,0x27,0xc16,
0xc15,0xc3,0x50081,0x27,0xc17,0xc2,0xc16,0x500c7,
0x1b,0xc18,0xbdf,0x31,0x500ab,0x25,0xc19,0xc18,
0x1d,0x600a9,0x1c,0xc1a,0xc19,0xe1,0xe2,0x4007c,
0x1b,0xc1b,0xc1a,0x50084,0x1b,0xc1c,0xc1b,0xbe8,
0x50082,0x1b,0xc1d,0xc1c,0x2c,0x40070,0x27,0xc1e,
0xc1d,0x50080,0x1b,0xc1f,0xbd3,0x24,0x60041,0x14f,
0xc20,0x18,0x21,0xc1f,0x4003d,0x1b,0xc21,0xc20,
0x4007c,0x1c,0xc22,0xc21,0x4006f,0x27,0xc23,0xc22,
0x50083,0x27,0xc24,0xc1e,0xc23,0x50041,0x177,0xc25,
0xd,0x30,0x4003d,0x27,0xc26,0xc25,0x50085,0x27,
0xc27,0xc26,0xc3,0x50088,0x27,0xc28,0xc27,0xc0f,
0x50083,0x27,0xc29,0xdf,0xc28,0x7000c,0x27,0xc2a,
0x1,0x50,0xe3,0xc24,0x8000c,0x27,0xc2b,0x1,
0x2b,0xc29,0x28,0xc2a,0x50050,0x29,0xc2c,0xc17,
0xc2b,0x6000c,0x29,0xc2d,0x1,0x8,0xc2c,0x4006e,
0x59,0xc2e,0xc2d,0x200f9,0xc0b,0x200f8,0xc0b,0x700f5,
0x59,0xc2f,0xc01,0xc05,0xc2e,0xc0c,0x4003d,0x1b,
0xc30,0xbd5,0x500c7,0x1b,0xc31,0xc30,0x4e,0x500ab,
0x25,0xc32,0xc31,0x1d,0x300f7,0xc33,0x0,0x400fa,
0xc32,0xc34,0xc33,0x200f8,0xc34,0x50041,0x177,0xc35,
0xd,0x35,0x4003d,0x27,0xc36,0xc35,0x6000c,0x27,
0xc37,0x1,0x4,0xc36,0x7000c,0x27,0xc38,0x1,
0x50,0xc37,0xe4,0x500b8,0x25,0xc39,0xc36,0x28,
0x300f7,0xc3a,0x0,0x400fa,0xc39,0xc3b,0xc3c,0x200f8,
0xc3c,0x200f9,0xc3a,0x200f8,0xc3b,0x50041,0x177,0xc3d,
0xd,0x21,0x4003d,0x27,0xc3e,0xc3d,0x50085,0x27,
0xc3f,0xc3e,0x64,0x50088,0x27,0xc40,0xc3f,0xc38,
0x50081,0x27,0xc41,0xc2,0xc40,0x200f9,0xc3a,0x200f8,
0xc3a,0x700f5,0x27,0xc42,0xc41,0xc3b,0xe5,0xc3c,
0x50041,0x177,0xc43,0xd,0x30,0x4003d,0x27,0xc44,
0xc43,0x50085,0x27,0xc45,0xc44,0x64,0x50088,0x27,
0xc46,0xc45,0xc38,0x50083,0x27,0xc47,0xdf,0xc46,
0x8000c,0x27,0xc48,0x1,0x2b,0xc47,0x28,0xe3,
0x50050,0x29,0xc49,0xc42,0xc48,0x6000c,0x29,0xc4a,
0x1,0x8,0xc49,0x4006e,0x59,0xc4b,0xc4a,0x200f9,
0xc33,0x200f8,0xc33,0x700f5,0x59,0xc4c,0xc2f,0xc0b,
0xc4b,0xc3a,0x50051,0x1c,0xc4d,0xc4c,0x1,0x50051,
0x1c,0xc4e,0xc4c,0x0,0x4003d,0x1b,0xc4f,0xbd5,
0x500c7,0x1b,0xc50,0xc4f,0x37,0x500ab,0x25,0xc51,
0xc50,0x1d,0x300f7,0xc52,0x0,0x400fa,0xc51,0xc53,
0xc52,0x200f8,0xc53,0x500af,0x25,0xc54,0xc4d,0x21,
0x300f7,0xc55,0x0,0x400fa,0xc54,0xc56,0xc55,0x200f8,
0xc56,0x500af,0x25,0xc57,0xc4d,0x5b,0x200f9,0xc55,
0x200f8,0xc55,0x700f5,0x25,0xc58,0x2b,0xc53,0xc57,
0xc56,0x200f9,0xc52,0x200f8,0xc52,0x700f5,0x25,0xc59,
0x26,0xc33,0xc58,0xc55,0x300f7,0xc5a,0x0,0x400fa,
0xc59,0xc5b,0xc5a,0x200f8,0xc5b,0x200f9,0xbdb,0x200f8,
0xc5a,0x50080,0x1b,0xc5c,0xbd3,0x8f,0x60041,0x14f,
0xc5d,0x18,0x21,0xc5c,0x4003d,0x1b,0xc5e,0xc5d,
0x500ab,0x25,0xc5f,0xc5e,0x1d,0x300f7,0xc60,0x0,
0x400fa,0xc5f,0xc61,0xc60,0x200f8,0xc61,0x500af,0x25,
0xc62,0xc4e,0x21,0x300f7,0xc63,0x0,0x400fa,0xc62,
0xc64,0xc63,0x200f8,0xc64,0x500af,0x25,0xc65,0xc4e,
0xe7,0x200f9,0xc63,0x200f8,0xc63,0x700f5,0x25,0xc66,
0x2b,0xc61,0xc65,0xc64,0x200f9,0xc60,0x200f8,0xc60,
0x700f5,0x25,0xc67,0x26,0xc5a,0xc66,0xc63,0x300f7,
0xc68,0x0,0x400fa,0xc67,0xc69,0xc68,0x200f8,0xc69,
0x4003d,0x1b,0xc6a,0xc5d,0x50080,0x1b,0xc6b,0xbd3,
0xc6a,0x50080,0x1b,0xc6c,0x46,0xc6b,0x60041,0x14f,
0xc6d,0x18,0x21,0xc6c,0x4003d,0x1b,0xc6e,0xc6d,
0x50080,0x1b,0xc6f,0xbd3,0x4d,0x60041,0x14f,0xc70,
0x18,0x21,0xc6f,0x4003d,0x1b,0xc71,0xc70,0x50082,
0x1b,0xc72,0x46,0xc71,0x500c7,0x1b,0xc73,0xc6e,
0x34,0x500c2,0x1b,0xc74,0xc6e,0x2f,0x500c7,0x1b,
0xc75,0xc74,0x34,0x500c2,0x1b,0xc76,0xc6e,0x37,
0x500c7,0x1b,0xc77,0xc76,0x34,0x60050,0xb5,0xc78,
0xc73,0xc75,0xc77,0x60050,0xb5,0xc79,0xc72,0xc72,
0xc72,0x50084,0xb5,0xc7a,0xc78,0xc79,0x50086,0xb5,
0xc7b,0xc7a,0xb6,0x500c2,0x1b,0xc7c,0xc6e,0x4a,
0x40070,0x27,0xc7d,0xc7c,0x50051,0x1b,0xc7e,0xc7b,
0x0,0x50051,0x1b,0xc7f,0xc7b,0x1,0x50051,0x1b,
0xc80,0xc7b,0x2,0x40070,0x27,0xc81,0xc7e,0x40070,
0x27,0xc82,0xc7f,0x40070,0x27,0xc83,0xc80,0x70050,
0x39,0xc84,0xc81,0xc82,0xc83,0xc7d,0x50085,0x39,
0xc85,0xc84,0x15d,0x500c7,0x1b,0xc86,0x1a5,0x31,
0x500ab,0x25,0xc87,0xc86,0x1d,0x300f7,0xc88,0x0,
0x400fa,0xc87,0xc89,0xc88,0x200f8,0xc89,0x8004f,0x3b,
0xc8a,0xc85,0xc85,0x0,0x1,0x2,0x500bc,0x151,
0xc8b,0xc8a,0x3c,0x50085,0x3b,0xc8c,0xc8a,0x15f,
0x50081,0x3b,0xc8d,0xc8a,0x3e,0x50085,0x3b,0xc8e,
0xc8d,0x161,0x7000c,0x3b,0xc8f,0x1,0x1a,0xc8e,
0x40,0x600a9,0x3b,0xc90,0xc8b,0xc8c,0xc8f,0x9004f,
0x39,0xc91,0xc85,0xc90,0x4,0x5,0x6,0x3,
0x200f9,0xc88,0x200f8,0xc88,0x700f5,0x39,0xc92,0xc85,
0xc69,0xc91,0xc89,0x200f9,0xbdb,0x200f8,0xc68,0x50080,
0x1b,0xc93,0xbd3,0x22,0x60041,0x14f,0xc94,0x18,
0x21,0xc93,0x4003d,0x1b,0xc95,0xc94,0x4007c,0x1c,
0xc96,0xc95,0x500ad,0x25,0xc97,0xc96,0x30,0x300f7,
0xc98,0x0,0x400fa,0xc97,0xc99,0xc98,0x200f8,0xc99,
0x50050,0x59,0xc9a,0xc96,0xc96,0x5008a,0x59,0xc9b,
0xc4c,0xc9a,0x50080,0x59,0xc9c,0xc9b,0xc9a,0x5008a,
0x59,0xc9d,0xc9c,0xc9a,0x50082,0x59,0xc9e,0xc4c,
0xc9d,0x200f9,0xc98,0x200f8,0xc98,0x700f5,0x59,0xc9f,
0xc4c,0xc68,0xc9e,0xc99,0x50080,0x1b,0xca0,0xbd3,
0x33,0x60041,0x14f,0xca1,0x18,0x21,0xca0,0x4003d,
0x1b,0xca2,0xca1,0x4007c,0x1c,0xca3,0xca2,0x50080,
0x1b,0xca4,0xbd3,0x24,0x60041,0x14f,0xca5,0x18,
0x21,0xca4,0x4003d,0x1b,0xca6,0xca5,0x4007c,0x1c,
0xca7,0xca6,0x50050,0x59,0xca8,0xca3,0xca7,0x50080,
0x1b,0xca9,0xbd3,0x23,0x60041,0x14f,0xcaa,0x18,
0x21,0xca9,0x4003d,0x1b,0xcab,0xcaa,0x500c7,0x1b,
0xcac,0xcab,0x2c,0x500ab,0x25,0xcad,0xcac,0x1d,
0x300f7,0xcae,0x0,0x400fa,0xcad,0xcaf,0xcae,0x200f8,
0xcaf,0x50051,0x1c,0xcb0,0xc9f,0x1,0x500af,0x25,
0xcb1,0xcb0,0x21,0x200f9,0xcae,0x200f8,0xcae,0x700f5,
0x25,0xcb2,0x26,0xc98,0xcb1,0xcaf,0x300f7,0xcb3,
0x0,0x400fa,0xcb2,0xcb4,0xcb3,0x200f8,0xcb4,0x50051,
0x1c,0xcb5,0xc9f,0x1,0x500b1,0x25,0xcb6,0xcb5,
0x5b,0x200f9,0xcb3,0x200f8,0xcb3,0x700f5,0x25,0xcb7,
0x26,0xcae,0xcb6,0xcb4,0x300f7,0xcb8,0x0,0x400fa,
0xcb7,0xcb9,0xcb8,0x200f8,0xcb9,0x50080,0x1b,0xcba,
0xbd3,0x16d,0x50051,0x1c,0xcbb,0xc9f,0x1,0x4007c,
0x1b,0xcbc,0xcbb,0x50080,0x1b,0xcbd,0xcba,0xcbc,
0x60041,0x14f,0xcbe,0x18,0x21,0xcbd,0x4003d,0x1b,
0xcbf,0xcbe,0x4007c,0x1c,0xcc0,0xcbf,0x60052,0x59,
0xcc1,0xcc0,0xca8,0x0,0x200f9,0xcb8,0x200f8,0xcb8,
0x700f5,0x59,0xcc2,0xca8,0xcb3,0xcc1,0xcb9,0x500c7,
0x1b,0xcc3,0xcab,0x31,0x500ab,0x25,0xcc4,0xcc3,
0x1d,0x300f7,0xcc5,0x0,0x400fa,0xcc4,0xcc6,0xcc5,
0x200f8,0xcc6,0x50080,0x1b,0xcc7,0xbd3,0x16e,0x50051,
0x1c,0xcc8,0xc9f,0x1,0x8000c,0x1c,0xcc9,0x1,
0x2d,0xcc8,0x21,0xe9,0x4007c,0x1b,0xcca,0xcc9,
0x50080,0x1b,0xccb,0xcc7,0xcca,0x60041,0x14f,0xccc,
0x18,0x21,0xccb,0x4003d,0x1b,0xccd,0xccc,0x4007c,
0x1c,0xcce,0xccd,0x60052,0x59,0xccf,0xcce,0xcc2,
0x1,0x200f9,0xcc5,0x200f8,0xcc5,0x700f5,0x59,0xcd0,
0xcc2,0xcb8,0xccf,0xcc6,0x50080,0x1b,0xcd1,0xbd3,
0x4c,0x60041,0x14f,0xcd2,0x18,0x21,0xcd1,0x4003d,
0x1b,0xcd3,0xcd2,0x500ab,0x25,0xcd4,0xcd3,0x1d,
0x300f7,0xcd5,0x0,0x400fa,0xcd4,0xcd6,0xcd5,0x200f8,
0xcd6,0x50051,0x1c,0xcd7,0xc9f,0x0,0x4003d,0x1b,
0xcd8,0xca1,0x4007c,0x1c,0xcd9,0xcd8,0x500c7,0x1c,
0xcda,0xcd9,0xbb,0x50080,0x1c,0xcdb,0xcd7,0xcda,
0x50051,0x1c,0xcdc,0xcd0,0x1,0x300f7,0xcdd,0x0,
0x300fb,0x1d,0xcde,0x200f8,0xcde,0x50041,0x177,0xcdf,
0xa,0x35,0x4003d,0x27,0xce0,0xcdf,0x500b6,0x25,
0xce1,0xce0,0x28,0x300f7,0xce2,0x0,0x400fa,0xce1,
0xce3,0xce2,0x200f8,0xce3,0x50041,0x177,0xce4,0xa,
0x21,0x4003d,0x27,0xce5,0xce4,0x50041,0x177,0xce6,
0xa,0x30,0x4003d,0x27,0xce7,0xce6,0x4006f,0x27,
0xce8,0xcdb,0x50085,0x27,0xce9,0xce8,0x165,0x50085,
0x27,0xcea,0xce7,0xce9,0x50081,0x27,0xceb,0xce5,
0xcea,0x6000c,0x27,0xcec,0x1,0x6,0xceb,0x4006e,
0x1c,0xced,0xcec,0x4006f,0x27,0xcee,0xced,0x6000c,
0x27,0xcef,0x1,0x4,0xceb,0x50081,0x27,0xcf0,
0xcef,0x68,0x6000c,0x27,0xcf1,0x1,0x8,0xcf0,
0x50085,0x27,0xcf2,0xcee,0xcf1,0x4006e,0x1c,0xcf3,
0xcf2,0x500c7,0x1c,0xcf4,0xcf3,0x132,0x200f9,0xcdd,
0x200f8,0xce2,0x500af,0x25,0xcf5,0xcdb,0x21,0x300f7,
0xcf6,0x0,0x400fa,0xcf5,0xcf7,0xcf8,0x200f8,0xcf8,
0x50082,0x1c,0xcf9,0xbb,0xcdb,0x50087,0x1c,0xcfa,
0xcf9,0x16f,0x200f9,0xcf6,0x200f8,0xcf7,0x50087,0x1c,
0xcfb,0xcdb,0xde,0x200f9,0xcf6,0x200f8,0xcf6,0x700f5,
0x1c,0xcfc,0xcfb,0xcf7,0xcfa,0xcf8,0x500af,0x25,
0xcfd,0xcfc,0x30,0x300f7,0xcfe,0x0,0x400fa,0xcfd,
0xcff,0xcfe,0x200f8,0xcff,0x500b3,0x25,0xd00,0xcfc,
0xe2,0x200f9,0xcfe,0x200f8,0xcfe,0x700f5,0x25,0xd01,
0x26,0xcf6,0xd00,0xcff,0x300f7,0xd02,0x0,0x400fa,
0xd01,0xd03,0xd02,0x200f8,0xd03,0x50082,0x1c,0xd04,
0xcfc,0x30,0x4007c,0x1b,0xd05,0xd04,0x50080,0x1b,
0xd06,0x133,0xd05,0x50084,0x1b,0xd07,0xd06,0x31,
0x500c7,0x1b,0xd08,0xd07,0x43,0x50080,0x1b,0xd09,
0xbd3,0xdd,0x500c2,0x1b,0xd0a,0xd08,0x31,0x50080,
0x1b,0xd0b,0xd09,0xd0a,0x60041,0x14f,0xd0c,0x18,
0x21,0xd0b,0x4003d,0x1b,0xd0d,0xd0c,0x500c7,0x1b,
0xd0e,0xd07,0x33,0x50084,0x1b,0xd0f,0xd0e,0x2f,
0x500c7,0x1b,0xd10,0xd0f,0x32,0x500c2,0x1b,0xd11,
0xd0d,0xd10,0x500c7,0x1b,0xd12,0xd11,0x34,0x50080,
0x1b,0xd13,0xd07,0x2c,0x500c7,0x1b,0xd14,0xd13,
0x43,0x500c2,0x1b,0xd15,0xd14,0x31,0x50080,0x1b,
0xd16,0xd09,0xd15,0x60041,0x14f,0xd17,0x18,0x21,
0xd16,0x4003d,0x1b,0xd18,0xd17,0x500c7,0x1b,0xd19,
0xd13,0x33,0x50084,0x1b,0xd1a,0xd19,0x2f,0x500c7,
0x1b,0xd1b,0xd1a,0x32,0x500c2,0x1b,0xd1c,0xd18,
0xd1b,0x500c7,0x1b,0xd1d,0xd1c,0x34,0x500c4,0x1b,
0xd1e,0xd1d,0x2f,0x500c5,0x1b,0xd1f,0xd12,0xd1e,
0x500c7,0x1b,0xd20,0xd1f,0xe8,0x500ab,0x25,0xd21,
0xd20,0x1d,0x300f7,0xd22,0x0,0x400fa,0xd21,0xd23,
0xd24,0x200f8,0xd24,0x200f9,0xd22,0x200f8,0xd23,0x500c7,
0x1b,0xd25,0xd1f,0x134,0x4007c,0x1c,0xd26,0xd25,
0x200f9,0xd22,0x200f8,0xd22,0x700f5,0x1c,0xd27,0xd26,
0xd23,0xcdc,0xd24,0x200f9,0xcdd,0x200f8,0xd02,0x200f9,
0xd28,0x200f8,0xd28,0x700f5,0x1c,0xd29,0x47,0xd02,
0xd2a,0xd2b,0x700f5,0x1c,0xd2c,0x47,0xd02,0xd2d,
0xd2b,0x700f5,0x1c,0xd2e,0x21,0xd02,0xd2f,0xd2b,
0x500b1,0x25,0xd30,0xd2e,0xe2,0x400f6,0xd31,0xd2b,
0x0,0x400fa,0xd30,0xd32,0xd31,0x200f8,0xd32,0x4007c,
0x1b,0xd33,0xd2e,0x50080,0x1b,0xd34,0x133,0xd33,
0x50084,0x1b,0xd35,0xd34,0x31,0x500c7,0x1b,0xd36,
0xd35,0x43,0x50080,0x1b,0xd37,0xbd3,0xdd,0x500c2,
0x1b,0xd38,0xd36,0x31,0x50080,0x1b,0xd39,0xd37,
0xd38,0x60041,0x14f,0xd3a,0x18,0x21,0xd39,0x4003d,
0x1b,0xd3b,0xd3a,0x500c7,0x1b,0xd3c,0xd35,0x33,
0x50084,0x1b,0xd3d,0xd3c,0x2f,0x500c7,0x1b,0xd3e,
0xd3d,0x32,0x500c2,0x1b,0xd3f,0xd3b,0xd3e,0x500c7,
0x1b,0xd40,0xd3f,0x34,0x50080,0x1b,0xd41,0xd35,
0x2c,0x500c7,0x1b,0xd42,0xd41,0x43,0x500c2,0x1b,
0xd43,0xd42,0x31,0x50080,0x1b,0xd44,0xd37,0xd43,
0x60041,0x14f,0xd45,0x18,0x21,0xd44,0x4003d,0x1b,
0xd46,0xd45,0x500c7,0x1b,0xd47,0xd41,0x33,0x50084,
0x1b,0xd48,0xd47,0x2f,0x500c7,0x1b,0xd49,0xd48,
0x32,0x500c2,0x1b,0xd4a,0xd46,0xd49,0x500c7,0x1b,
0xd4b,0xd4a,0x34,0x500c4,0x1b,0xd4c,0xd4b,0x2f,
0x500c5,0x1b,0xd4d,0xd40,0xd4c,0x50041,0x14a,0xd4e,
0x181,0xd2e,0x3003e,0xd4e,0xd4d,0x4003d,0x1b,0xd4f,
0xd4e,0x500c7,0x1b,0xd50,0xd4f,0xe8,0x500ab,0x25,
0xd51,0xd50,0x1d,0x300f7,0xd52,0x0,0x400fa,0xd51,
0xd53,0xd52,0x200f8,0xd53,0x500b1,0x25,0xd54,0xd2c,
0x21,0x600a9,0x1c,0xd55,0xd54,0xd2e,0xd2c,0x200f9,
0xd52,0x200f8,0xd52,0x700f5,0x1c,0xd2d,0xd2c,0xd32,
0xd55,0xd53,0x600a9,0x1c,0xd2a,0xd51,0xd2e,0xd29,
0x200f9,0xd2b,0x200f8,0xd2b,0x50080,0x1c,0xd2f,0xd2e,
0x30,0x200f9,0xd28,0x200f8,0xd31,0x500b3,0x25,0xd56,
0xcfc,0x21,0x600a9,0x1c,0xd57,0xd56,0x21,0x45,
0x50041,0x14a,0xd58,0x181,0xd57,0x4003d,0x1b,0xd59,
0xd58,0x500c7,0x1b,0xd5a,0xd59,0xe8,0x500aa,0x25,
0xd5b,0xd5a,0x1d,0x300f7,0xd5c,0x0,0x400fa,0xd5b,
0xd5d,0xd5c,0x200f8,0xd5d,0x200f9,0xcdd,0x200f8,0xd5c,
0x500af,0x25,0xd5e,0xd2c,0x21,0x300f7,0xd5f,0x0,
0x400fa,0xd5e,0xd60,0xd5f,0x200f8,0xd60,0x500ab,0x25,
0xd61,0xd29,0xd2c,0x200f9,0xd5f,0x200f8,0xd5f,0x700f5,
0x25,0xd62,0x26,0xd5c,0xd61,0xd60,0x300f7,0xd63,
0x0,0x400fa,0xd62,0xd64,0xd63,0x200f8,0xd64,0x50041,
0x14a,0xd65,0x181,0xd29,0x4003d,0x1b,0xd66,0xd65,
0x500c7,0x1b,0xd67,0xd66,0x134,0x4007c,0x1c,0xd68,
0xd67,0x50041,0x14a,0xd69,0x181,0xd2c,0x4003d,0x1b,
0xd6a,0xd69,0x500c7,0x1b,0xd6b,0xd6a,0x134,0x4007c,
0x1c,0xd6c,0xd6b,0x50082,0x1c,0xd6d,0xd68,0xd6c,
0x500c7,0x1c,0xd6e,0xd6d,0x132,0x500ad,0x25,0xd6f,
0xd6e,0x135,0x300f7,0xd70,0x0,0x400fa,0xd6f,0xd71,
0xd70,0x200f8,0xd71,0x50082,0x1c,0xd72,0xd6e,0x136,
0x200f9,0xd70,0x200f8,0xd70,0x700f5,0x1c,0xd73,0xd6e,
0xd64,0xd72,0xd71,0x50082,0x1c,0xd74,0xd29,0xd2c,
0x200f9,0xd63,0x200f8,0xd63,0x700f5,0x1c,0xd75,0x30,
0xd5f,0xd74,0xd70,0x700f5,0x1c,0xd76,0x21,0xd5f,
0xd73,0xd70,0x300f7,0xd77,0x0,0x400fa,0xd56,0xd78,
0xd79,0x200f8,0xd79,0x50082,0x1c,0xd7a,0xcfc,0xe2,
0x200f9,0xd77,0x200f8,0xd78,0x50080,0x1c,0xd7b,0xcfc,
0x30,0x7000c,0x1c,0xd7c,0x1,0x27,0xd7b,0x21,
0x200f9,0xd77,0x200f8,0xd77,0x700f5,0x1c,0xd7d,0xd7c,
0xd78,0xd7a,0xd79,0x4003d,0x1b,0xd7e,0xd58,0x500c7,
0x1b,0xd7f,0xd7e,0x134,0x4007c,0x1c,0xd80,0xd7f,
0x50084,0x1c,0xd81,0xd76,0xd7d,0x50087,0x1c,0xd82,
0xd81,0xd75,0x50080,0x1c,0xd83,0xd80,0xd82,0x500c7,
0x1c,0xd84,0xd83,0x132,0x200f9,0xcdd,0x200f8,0xcdd,
0xb00f5,0x1c,0xd85,0xcf4,0xce3,0xd27,0xd22,0xcdc,
0xd5d,0xd84,0xd77,0x60052,0x59,0xd86,0xd85,0xcd0,
0x1,0x200f9,0xcd5,0x200f8,0xcd5,0x700f5,0x59,0xd87,
0xcd0,0xcc5,0xd86,0xcdd,0x50080,0x59,0xd88,0xc9f,
0xd87,0x50080,0x1b,0xd89,0xbd3,0xb4,0x60041,0x14f,
0xd8a,0x18,0x21,0xd89,0x4003d,0x1b,0xd8b,0xd8a,
0x500c7,0x1b,0xd8c,0xd8b,0x58,0x500ab,0x25,0xd8d,
0xd8c,0x1d,0x300f7,0xd8e,0x0,0x400fa,0xd8d,0xd8f,
0xd8e,0x200f8,0xd8f,0x300f7,0xd90,0x0,0x300fb,0x1d,
0xd91,0x200f8,0xd91,0x70041,0x158,0xd92,0x16,0x21,
0x21,0x1e,0x4003d,0x27,0xd93,0xd92,0x70041,0x158,
0xd94,0x16,0x21,0x30,0x1e,0x4003d,0x27,0xd95,
0xd94,0x70041,0x158,0xd96,0x16,0x21,0x35,0x1e,
0x4003d,0x27,0xd97,0xd96,0x60050,0x3b,0xd98,0xd93,
0xd95,0xd97,0x70041,0x158,0xd99,0x16,0x21,0x21,
0x21,0x4003d,0x27,0xd9a,0xd99,0x70041,0x158,0xd9b,
0x16,0x21,0x30,0x21,0x4003d,0x27,0xd9c,0xd9b,
0x70041,0x158,0xd9d,0x16,0x21,0x35,0x21,0x4003d,
0x27,0xd9e,0xd9d,0x60050,0x3b,0xd9f,0xd9a,0xd9c,
0xd9e,0x50094,0x27,0xda0,0xd9f,0xd98,0x70041,0x158,
0xda1,0x16,0x21,0x21,0x30,0x4003d,0x27,0xda2,
0xda1,0x70041,0x158,0xda3,0x16,0x21,0x30,0x30,
0x4003d,0x27,0xda4,0xda3,0x70041,0x158,0xda5,0x16,
0x21,0x35,0x30,0x4003d,0x27,0xda6,0xda5,0x60050,
0x3b,0xda7,0xda2,0xda4,0xda6,0x50094,0x27,0xda8,
0xda7,0xd98,0x70041,0x158,0xda9,0x16,0x21,0x21,
0x35,0x4003d,0x27,0xdaa,0xda9,0x70041,0x158,0xdab,
0x16,0x21,0x30,0x35,0x4003d,0x27,0xdac,0xdab,
0x70041,0x158,0xdad,0x16,0x21,0x35,0x35,0x4003d,
0x27,0xdae,0xdad,0x60050,0x3b,0xdaf,0xdaa,0xdac,
0xdae,0x50094,0x27,0xdb0,0xdaf,0xd98,0x60050,0x3b,
0xdb1,0xda0,0xda8,0xdb0,0x4007f,0x3b,0xdb2,0xdb1,
0x50081,0x3b,0xdb3,0x198,0xdb1,0x50051,0x27,0xdb4,
0xdb3,0x2,0x500be,0x25,0xdb5,0xdb4,0x28,0x300f7,
0xdb6,0x0,0x400fa,0xdb5,0xdb7,0xdb6,0x200f8,0xdb7,
0x200f9,0xd90,0x200f8,0xdb6,0x50051,0x27,0xdb8,0xdb2,
0x2,0x50083,0x27,0xdb9,0x137,0xdb8,0x50088,0x27,
0xdba,0xdb9,0xdb4,0x7004f,0x29,0xdbb,0xdb2,0xdb2,
0x0,0x1,0x7004f,0x29,0xdbc,0xdb3,0xdb3,0x0,
0x1,0x5008e,0x29,0xdbd,0xdbc,0xdba,0x50081,0x29,
0xdbe,0xdbb,0xdbd,0x500ba,0x25,0xdbf,0xdba,0x28,
0x300f7,0xdc0,0x0,0x400fa,0xdbf,0xdc1,0xdc0,0x200f8,
0xdc1,0x50051,0x27,0xdc2,0xdbe,0x0,0x6000c,0x27,
0xdc3,0x1,0x4,0xdc2,0x500b8,0x25,0xdc4,0xdc3,
0x66,0x200f9,0xdc0,0x200f8,0xdc0,0x700f5,0x25,0xdc5,
0x26,0xdb6,0xdc4,0xdc1,0x300f7,0xdc6,0x0,0x400fa,
0xdc5,0xdc7,0xdc6,0x200f8,0xdc7,0x50051,0x27,0xdc8,
0xdbe,0x1,0x6000c,0x27,0xdc9,0x1,0x4,0xdc8,
0x500b8,0x25,0xdca,0xdc9,0x138,0x200f9,0xdc6,0x200f8,
0xdc6,0x700f5,0x25,0xdcb,0x26,0xdc0,0xdca,0xdc7,
0x200f9,0xd90,0x200f8,0xd90,0x700f5,0x25,0xdcc,0x26,
0xdb7,0xdcb,0xdc6,0x300f7,0xdcd,0x0,0x400fa,0xdcc,
0xdce,0xdcd,0x200f8,0xdce,0x200f9,0xbdb,0x200f8,0xdcd,
0x50051,0x1c,0xdcf,0xd88,0x0,0x4007c,0x1b,0xdd0,
0xdcf,0x500c2,0x1b,0xdd1,0xdd0,0x52,0x50084,0x1b,
0xdd2,0xdd1,0xea,0x50051,0x1c,0xdd3,0xd88,0x1,
0x4007c,0x1b,0xdd4,0xdd3,0x500c2,0x1b,0xdd5,0xdd4,
0x52,0x50084,0x1b,0xdd6,0xdd5,0xeb,0x500c6,0x1b,
0xdd7,0xdd2,0xdd6,0x500c2,0x1b,0xdd8,0xdd7,0x37,
0x500c6,0x1b,0xdd9,0xdd7,0xdd8,0x50084,0x1b,0xdda,
0xdd9,0xec,0x500c2,0x1b,0xddb,0xdda,0x46,0x500c6,
0x1b,0xddc,0xdda,0xddb,0x500c2,0x1b,0xddd,0xddc,
0x33,0x50089,0x1b,0xdde,0xddd,0x33,0x500c7,0x1b,
0xddf,0xddc,0xb4,0x50084,0x1b,0xde0,0xddf,0x4e,
0x500c7,0x1c,0xde1,0xdcf,0x45,0x4007c,0x1b,0xde2,
0xde1,0x50080,0x1b,0xde3,0xde0,0xde2,0x4007c,0x1c,
0xde4,0xde3,0x500aa,0x25,0xde5,0xdde,0x1d,0x300f7,
0xde6,0x0,0x400fa,0xde5,0xde7,0xde8,0x200f8,0xde8,
0x50084,0x1b,0xde9,0xdde,0x4e,0x50080,0x1b,0xdea,
0xb8,0xde9,0x200f9,0xde6,0x200f8,0xde7,0x200f9,0xde6,
0x200f8,0xde6,0x700f5,0x1b,0xdeb,0x1d,0xde7,0xdea,
0xde8,0x500c7,0x1c,0xdec,0xdd3,0x45,0x4007c,0x1b,
0xded,0xdec,0x50080,0x1b,0xdee,0xdeb,0xded,0x4007c,
0x1c,0xdef,0xdee,0x50050,0x59,0xdf0,0xde4,0xdef,
0x200f9,0xd8e,0x200f8,0xd8e,0x700f5,0x59,0xdf1,0xd88,
0xcd5,0xdf0,0xde6,0x4003d,0x1b,0xdf2,0xbd5,0x500c7,
0x1b,0xdf3,0xdf2,0x5f,0x500ab,0x25,0xdf4,0xdf3,
0x1d,0x300f7,0xdf5,0x0,0x400fa,0xdf4,0xdf6,0xdf5,
0x200f8,0xdf6,0x50051,0x1c,0xdf7,0xdf1,0x1,0x500c7,
0x1b,0xdf8,0xbdf,0x31,0x500ab,0x25,0xdf9,0xdf8,
0x1d,0x600a9,0x1c,0xdfa,0xdf9,0xe1,0xe2,0x4007c,
0x1b,0xdfb,0xdfa,0x50084,0x1b,0xdfc,0xdfb,0xbe8,
0x4007c,0x1c,0xdfd,0xdfc,0x50082,0x1c,0xdfe,0xdfd,
0x30,0x8000c,0x1c,0xdff,0x1,0x2d,0xdf7,0x21,
0xdfe,0x60052,0x59,0xe00,0xdff,0xdf1,0x1,0x200f9,
0xdf5,0x200f8,0xdf5,0x700f5,0x59,0xe01,0xdf1,0xd8e,
0xe00,0xdf6,0x4003d,0x1b,0xe02,0xbd5,0x500c7,0x1b,
0xe03,0xe02,0x31,0x500ab,0x25,0xe04,0xe03,0x1d,
0x300f7,0xe05,0x0,0x400fa,0xe04,0xe06,0xe05,0x200f8,
0xe06,0x50051,0x1c,0xe07,0xe01,0x0,0x500af,0x25,
0xe08,0xe07,0x21,0x300f7,0xe09,0x0,0x400fa,0xe08,
0xe0a,0xe09,0x200f8,0xe0a,0x500c7,0x1b,0xe0b,0xbdf,
0x2c,0x500ab,0x25,0xe0c,0xe0b,0x1d,0x600a9,0x1c,
0xe0d,0xe0c,0xe1,0xe2,0x4007c,0x1b,0xe0e,0xe0d,
0x50084,0x1b,0xe0f,0xe0e,0xbe8,0x4007c,0x1c,0xe10,
0xe0f,0x500af,0x25,0xe11,0xe07,0xe10,0x200f9,0xe09,
0x200f8,0xe09,0x700f5,0x25,0xe12,0x2b,0xe06,0xe11,
0xe0a,0x200f9,0xe05,0x200f8,0xe05,0x700f5,0x25,0xe13,
0x26,0xdf5,0xe12,0xe09,0x300f7,0xe14,0x0,0x400fa,
0xe13,0xe15,0xe14,0x200f8,0xe15,0x200f9,0xbdb,0x200f8,
0xe14,0x4003d,0x1b,0xe16,0xbd5,0x500c2,0x1b,0xe17,
0xe16,0x2f,0x500c7,0x1b,0xe18,0xe17,0x43,0x500aa,
0x25,0xe19,0xe18,0x58,0x300f7,0xe1a,0x0,0x400fa,
0xe19,0xe1b,0xe1a,0x200f8,0xe1b,0x50051,0x1c,0xe1c,
0xe01,0x1,0x500af,0x25,0xe1d,0xe1c,0x21,0x300f7,
0xe1e,0x0,0x400fa,0xe1d,0xe1f,0xe1e,0x200f8,0xe1f,
0x500c7,0x1b,0xe20,0xbdf,0x31,0x500ab,0x25,0xe21,
0xe20,0x1d,0x600a9,0x1c,0xe22,0xe21,0xe1,0xe2,
0x4007c,0x1b,0xe23,0xe22,0x50084,0x1b,0xe24,0xe23,
0xbe8,0x4007c,0x1c,0xe25,0xe24,0x500af,0x25,0xe26,
0xe1c,0xe25,0x200f9,0xe1e,0x200f8,0xe1e,0x700f5,0x25,
0xe27,0x2b,0xe1b,0xe26,0xe1f,0x200f9,0xe1a,0x200f8,
0xe1a,0x700f5,0x25,0xe28,0x26,0xe14,0xe27,0xe1e,
0x300f7,0xe29,0x0,0x400fa,0xe28,0xe2a,0xe29,0x200f8,
0xe2a,0x200f9,0xbdb,0x200f8,0xe29,0x500ab,0x25,0xe2b,
0xe18,0x1d,0x300f7,0xe2c,0x0,0x400fa,0xe2b,0xe2d,
0xe2c,0x200f8,0xe2d,0x4007c,0x1c,0xe2e,0xe18,0x500b1,
0x25,0xe2f,0xc4d,0xe2e,0x200f9,0xe2c,0x200f8,0xe2c,
0x700f5,0x25,0xe30,0x26,0xe29,0xe2f,0xe2d,0x300f7,
0xe31,0x0,0x400fa,0xe30,0xe32,0xe31,0x200f8,0xe32,
0x500af,0x25,0xe33,0xc4e,0x21,0x300f7,0xe34,0x0,
0x400fa,0xe33,0xe35,0xe34,0x200f8,0xe35,0x500af,0x25,
0xe36,0xc4e,0xe7,0x200f9,0xe34,0x200f8,0xe34,0x700f5,
0x25,0xe37,0x2b,0xe32,0xe36,0xe35,0x200f9,0xe31,
0x200f8,0xe31,0x700f5,0x25,0xe38,0x26,0xe2c,0xe37,
0xe34,0x300f7,0xe39,0x0,0x400fa,0xe38,0xe3a,0xe39,
0x200f8,0xe3a,0x50051,0x1c,0xe3b,0xe01,0x0,0x500af,
0x25,0xe3c,0xe3b,0x21,0x300f7,0xe3d,0x0,0x400fa,
0xe3c,0xe3e,0xe3d,0x200f8,0xe3e,0x500c7,0x1b,0xe3f,
0xbdf,0x2c,0x500ab,0x25,0xe40,0xe3f,0x1d,0x600a9,
0x1c,0xe41,0xe40,0xe1,0xe2,0x4007c,0x1b,0xe42,
0xe41,0x50084,0x1b,0xe43,0xe42,0xbe8,0x4007c,0x1c,
0xe44,0xe43,0x500af,0x25,0xe45,0xe3b,0xe44,0x200f9,
0xe3d,0x200f8,0xe3d,0x700f5,0x25,0xe46,0x2b,0xe3a,
0xe45,0xe3e,0x200f9,0xe39,0x200f8,0xe39,0x700f5,0x25,
0xe47,0x26,0xe31,0xe46,0xe3d,0x300f7,0xe48,0x0,
0x400fa,0xe47,0xe49,0xe48,0x200f8,0xe49,0x4003d,0x1b,
0xe4a,0xbd5,0x500c7,0x1b,0xe4b,0xe4a,0x2c,0x500ab,
0x25,0xe4c,0xe4b,0x1d,0x300f7,0xe4d,0x0,0x400fa,
0xe4c,0xe4e,0xe4d,0x200f8,0xe4e,0x200f9,0xbdb,0x200f8,
0xe4d,0x50080,0x1b,0xe4f,0xbd3,0x37,0x50080,0x1b,
0xe50,0xe4f,0x196,0x60041,0x14f,0xe51,0x18,0x21,
0xe50,0x4003d,0x1b,0xe52,0xe51,0x50080,0x1b,0xe53,
0xbd3,0x4d,0x60041,0x14f,0xe54,0x18,0x21,0xe53,
0x4003d,0x1b,0xe55,0xe54,0x50082,0x1b,0xe56,0x46,
0xe55,0x500c7,0x1b,0xe57,0xe52,0x34,0x500c2,0x1b,
0xe58,0xe52,0x2f,0x500c7,0x1b,0xe59,0xe58,0x34,
0x500c2,0x1b,0xe5a,0xe52,0x37,0x500c7,0x1b,0xe5b,
0xe5a,0x34,0x60050,0xb5,0xe5c,0xe57,0xe59,0xe5b,
0x60050,0xb5,0xe5d,0xe56,0xe56,0xe56,0x50084,0xb5,
0xe5e,0xe5c,0xe5d,0x50086,0xb5,0xe5f,0xe5e,0xb6,
0x500c2,0x1b,0xe60,0xe52,0x4a,0x40070,0x27,0xe61,
0xe60,0x50051,0x1b,0xe62,0xe5f,0x0,0x50051,0x1b,
0xe63,0xe5f,0x1,0x50051,0x1b,0xe64,0xe5f,0x2,
0x40070,0x27,0xe65,0xe62,0x40070,0x27,0xe66,0xe63,
0x40070,0x27,0xe67,0xe64,0x70050,0x39,0xe68,0xe65,
0xe66,0xe67,0xe61,0x50085,0x39,0xe69,0xe68,0x15d,
0x500c7,0x1b,0xe6a,0x1a5,0x31,0x500ab,0x25,0xe6b,
0xe6a,0x1d,0x300f7,0xe6c,0x0,0x400fa,0xe6b,0xe6d,
0xe6c,0x200f8,0xe6d,0x8004f,0x3b,0xe6e,0xe69,0xe69,
0x0,0x1,0x2,0x500bc,0x151,0xe6f,0xe6e,0x3c,
0x50085,0x3b,0xe70,0xe6e,0x15f,0x50081,0x3b,0xe71,
0xe6e,0x3e,0x50085,0x3b,0xe72,0xe71,0x161,0x7000c,
0x3b,0xe73,0x1,0x1a,0xe72,0x40,0x600a9,0x3b,
0xe74,0xe6f,0xe70,0xe73,0x9004f,0x39,0xe75,0xe69,
0xe74,0x4,0x5,0x6,0x3,0x200f9,0xe6c,0x200f8,
0xe6c,0x700f5,0x39,0xe76,0xe69,0xe4d,0xe75,0xe6d,
0x200f9,0xbdb,0x200f8,0xe48,0x4007c,0x2d,0xe77,0xe01,
0x500c7,0x1b,0xe78,0xbdf,0x2c,0x500ab,0x25,0xe79,
0xe78,0x1d,0x600a9,0x1c,0xe7a,0xe79,0xe1,0xe2,
0x4007c,0x1b,0xe7b,0xe7a,0x50084,0x1b,0xe7c,0xe7b,
0xbe8,0x50082,0x1b,0xe7d,0xe7c,0x2c,0x500c7,0x1b,
0xe7e,0xbdf,0x31,0x500ab,0x25,0xe7f,0xe7e,0x1d,
0x600a9,0x1c,0xe80,0xe7f,0xe1,0xe2,0x4007c,0x1b,
0xe81,0xe80,0x50084,0x1b,0xe82,0xe81,0xbe8,0x50082,
0x1b,0xe83,0xe82,0x2c,0x50050,0x2d,0xe84,0xe7d,
0xe83,0x500c7,0x2d,0xe85,0xe77,0xe84,0x4003d,0x1b,
0xe86,0xbd5,0x500c7,0x1b,0xe87,0xe86,0xbc,0x500ab,
0x25,0xe88,0xe87,0x1d,0x300f7,0xe89,0x0,0x400fa,
0xe88,0xe8a,0xe89,0x200f8,0xe8a,0x50051,0x1b,0xe8b,
0xe85,0x0,0x500ae,0x25,0xe8c,0xe8b,0xed,0x200f9,
0xe89,0x200f8,0xe89,0x700f5,0x25,0xe8d,0x26,0xe48,
0xe8c,0xe8a,0x300f7,0xe8e,0x0,0x400fa,0xe8d,0xe8f,
0xe8e,0x200f8,0xe8f,0x50051,0x1b,0xe90,0xe85,0x0,
0x500b0,0x25,0xe91,0xe90,0xee,0x200f9,0xe8e,0x200f8,
0xe8e,0x700f5,0x25,0xe92,0x26,0xe89,0xe91,0xe8f,
0x300f7,0xe93,0x0,0x400fa,0xe92,0xe94,0xe93,0x200f8,
0xe94,0x50051,0x1b,0xe95,0xe85,0x1,0x500ae,0x25,
0xe96,0xe95,0xef,0x200f9,0xe93,0x200f8,0xe93,0x700f5,
0x25,0xe97,0x26,0xe8e,0xe96,0xe94,0x300f7,0xe98,
0x0,0x400fa,0xe97,0xe99,0xe98,0x200f8,0xe99,0x50051,
0x1b,0xe9a,0xe85,0x1,0x500b0,0x25,0xe9b,0xe9a,
0xf0,0x200f9,0xe98,0x200f8,0xe98,0x700f5,0x25,0xe9c,
0x26,0xe93,0xe9b,0xe99,0x300f7,0xe9d,0x0,0x400fa,
0xe9c,0xe9e,0xe9d,0x200f8,0xe9e,0x50051,0x1b,0xe9f,
0xe85,0x0,0x500c7,0x1b,0xea0,0xe9f,0xf1,0x60052,
0x2d,0xea1,0xea0,0xe85,0x0,0x200f9,0xe9d,0x200f8,
0xe9d,0x700f5,0x2d,0xea2,0xe85,0xe98,0xea1,0xe9e,
0x4003d,0x1b,0xea3,0xbd5,0x500c7,0x1b,0xea4,0xea3,
0xf2,0x500ab,0x25,0xea5,0xea4,0x1d,0x300f7,0xea6,
0x0,0x400fa,0xea5,0xea7,0xea6,0x200f8,0xea7,0x500af,
0x25,0xea8,0xc4e,0x21,0x300f7,0xea9,0x0,0x400fa,
0xea8,0xeaa,0xea9,0x200f8,0xeaa,0x500af,0x25,0xeab,
0xc4e,0xf3,0x200f9,0xea9,0x200f8,0xea9,0x700f5,0x25,
0xeac,0x2b,0xea7,0xeab,0xeaa,0x200f9,0xea6,0x200f8,
0xea6,0x700f5,0x25,0xead,0x26,0xe9d,0xeac,0xea9,
0x300f7,0xeae,0x0,0x400fa,0xead,0xeaf,0xeae,0x200f8,
0xeaf,0x50051,0x1b,0xeb0,0xea2,0x1,0x500ae,0x25,
0xeb1,0xeb0,0xf4,0x200f9,0xeae,0x200f8,0xeae,0x700f5,
0x25,0xeb2,0x26,0xea6,0xeb1,0xeaf,0x300f7,0xeb3,
0x0,0x400fa,0xeb2,0xeb4,0xeb3,0x200f8,0xeb4,0x50051,
0x1b,0xeb5,0xea2,0x1,0x500b0,0x25,0xeb6,0xeb5,
0xf5,0x200f9,0xeb3,0x200f8,0xeb3,0x700f5,0x25,0xeb7,
0x26,0xeae,0xeb6,0xeb4,0x300f7,0xeb8,0x0,0x400fa,
0xeb7,0xeb9,0xeb8,0x200f8,0xeb9,0x50051,0x1b,0xeba,
0xea2,0x0,0x500c7,0x1b,0xebb,0xeba,0xf1,0x60052,
0x2d,0xebc,0xebb,0xea2,0x0,0x200f9,0xeb8,0x200f8,
0xeb8,0x700f5,0x2d,0xebd,0xea2,0xeb3,0xebc,0xeb9,
0x4003d,0x1b,0xebe,0xbd5,0x500c7,0x1b,0xebf,0xebe,
0xf6,0x500ab,0x25,0xec0,0xebf,0x1d,0x300f7,0xec1,
0x0,0x400fa,0xec0,0xec2,0xec1,0x200f8,0xec2,0x500af,
0x25,0xec3,0xc4e,0x21,0x300f7,0xec4,0x0,0x400fa,
0xec3,0xec5,0xec4,0x200f8,0xec5,0x500af,0x25,0xec6,
0xc4e,0xf3,0x200f9,0xec4,0x200f8,0xec4,0x700f5,0x25,
0xec7,0x2b,0xec2,0xec6,0xec5,0x200f9,0xec1,0x200f8,
0xec1,0x700f5,0x25,0xec8,0x26,0xeb8,0xec7,0xec4,
0x300f7,0xec9,0x0,0x400fa,0xec8,0xeca,0xec9,0x200f8,
0xeca,0x50051,0x1b,0xecb,0xebd,0x1,0x500ae,0x25,
0xecc,0xecb,0xef,0x200f9,0xec9,0x200f8,0xec9,0x700f5,
0x25,0xecd,0x26,0xec1,0xecc,0xeca,0x300f7,0xece,
0x0,0x400fa,0xecd,0xecf,0xece,0x200f8,0xecf,0x50051,
0x1b,0xed0,0xebd,0x1,0x500b0,0x25,0xed1,0xed0,
0xf7,0x200f9,0xece,0x200f8,0xece,0x700f5,0x25,0xed2,
0x26,0xec9,0xed1,0xecf,0x300f7,0xed3,0x0,0x400fa,
0xed2,0xed4,0xed3,0x200f8,0xed4,0x50051,0x1b,0xed5,
0xebd,0x0,0x500c7,0x1b,0xed6,0xed5,0xf1,0x60052,
0x2d,0xed7,0xed6,0xebd,0x0,0x200f9,0xed3,0x200f8,
0xed3,0x700f5,0x2d,0xed8,0xebd,0xece,0xed7,0xed4,
0x4003d,0x1b,0xed9,0xbd5,0x500c7,0x1b,0xeda,0xed9,
0xf8,0x500aa,0x25,0xedb,0xeda,0xf8,0x600a9,0x1b,
0xedc,0xe79,0xb7,0x4e,0x50084,0x1b,0xedd,0xedc,
0xbe8,0x50086,0x1b,0xede,0xedd,0x31,0x4003d,0x1b,
0xedf,0xbd5,0x500c7,0x1b,0xee0,0xedf,0xb7,0x500ab,
0x25,0xee1,0xee0,0x1d,0x300f7,0xee2,0x0,0x400fa,
0xee1,0xee3,0xee2,0x200f8,0xee3,0x500af,0x25,0xee4,
0xc4e,0x21,0x300f7,0xee5,0x0,0x400fa,0xee4,0xee6,
0xee5,0x200f8,0xee6,0x600a9,0x1b,0xee7,0xedb,0x58,
0xede,0x4007c,0x1c,0xee8,0xee7,0x500af,0x25,0xee9,
0xc4e,0xee8,0x200f9,0xee5,0x200f8,0xee5,0x700f5,0x25,
0xeea,0x2b,0xee3,0xee9,0xee6,0x200f9,0xee2,0x200f8,
0xee2,0x700f5,0x25,0xeeb,0x26,0xed3,0xeea,0xee5,
0x300f7,0xeec,0x0,0x400fa,0xeeb,0xeed,0xeec,0x200f8,
0xeed,0x300f7,0xeee,0x0,0x400fa,0xedb,0xeef,0xef0,
0x200f8,0xef0,0x50051,0x1b,0xef1,0xed8,0x0,0x50082,
0x1b,0xef2,0xede,0x2c,0x500c7,0x1b,0xef3,0xef1,
0xef2,0x500c5,0x1b,0xef4,0xef3,0xede,0x200f9,0xeee,
0x200f8,0xeef,0x50051,0x1b,0xef5,0xed8,0x0,0x500c7,
0x1b,0xef6,0xef5,0x34,0x200f9,0xeee,0x200f8,0xeee,
0x700f5,0x1b,0xef7,0xef6,0xeef,0xef4,0xef0,0x60052,
0x2d,0xef8,0xef7,0xed8,0x0,0x200f9,0xeec,0x200f8,
0xeec,0x700f5,0x2d,0xef9,0xed8,0xee2,0xef8,0xeee,
0x4003d,0x1b,0xefa,0xbd5,0x500c7,0x1b,0xefb,0xefa,
0x2f,0x500ab,0x25,0xefc,0xefb,0x1d,0x300f7,0xefd,
0x0,0x400fa,0xefc,0xefe,0xefd,0x200f8,0xefe,0x50051,
0x1b,0xeff,0xef9,0x1,0x500c7,0x1b,0xf00,0xeff,
0x34,0x60052,0x2d,0xf01,0xf00,0xef9,0x1,0x200f9,
0xefd,0x200f8,0xefd,0x700f5,0x2d,0xf02,0xef9,0xeec,
0xf01,0xefe,0x4003d,0x1b,0xf03,0xbd5,0x500c7,0x1b,
0xf04,0xf03,0xf8,0x500aa,0x25,0xf05,0xf04,0xb8,
0x300f7,0xf06,0x0,0x400fa,0xf05,0xf07,0xf06,0x200f8,
0xf07,0x50051,0x1b,0xf08,0xf02,0x0,0x500c7,0x1b,
0xf09,0xf08,0x34,0x60052,0x2d,0xf0a,0xf09,0xf02,
0x0,0x200f9,0xf06,0x200f8,0xf06,0x700f5,0x2d,0xf0b,
0xf02,0xefd,0xf0a,0xf07,0x4003d,0x1b,0xf0c,0xbd5,
0x500c7,0x1b,0xf0d,0xf0c,0xf9,0x500ab,0x25,0xf0e,
0xf0d,0x1d,0x300f7,0xf0f,0x0,0x400fa,0xf0e,0xf10,
0xf0f,0x200f8,0xf10,0x50051,0x1b,0xf11,0xf0b,0x0,
0x500ae,0x25,0xf12,0xf11,0xf0,0x300f7,0xf13,0x0,
0x400fa,0xf12,0xf14,0xf13,0x200f8,0xf14,0x500b0,0x25,
0xf15,0xf11,0xfa,0x200f9,0xf13,0x200f8,0xf13,0x700f5,
0x25,0xf16,0x26,0xf10,0xf15,0xf14,0x300f7,0xf17,
0x0,0x400fa,0xf16,0xf18,0xf17,0x200f8,0xf18,0x50051,
0x1b,0xf19,0xf0b,0x1,0x500ae,0x25,0xf1a,0xf19,
0xf8,0x200f9,0xf17,0x200f8,0xf17,0x700f5,0x25,0xf1b,
0x26,0xf13,0xf1a,0xf18,0x300f7,0xf1c,0x0,0x400fa,
0xf1b,0xf1d,0xf1c,0x200f8,0xf1d,0x50051,0x1b,0xf1e,
0xf0b,0x1,0x500b0,0x25,0xf1f,0xf1e,0x5d,0x200f9,
0xf1c,0x200f8,0xf1c,0x700f5,0x25,0xf20,0x26,0xf17,
0xf1f,0xf1d,0x300f7,0xf21,0x0,0x400fa,0xf20,0xf22,
0xf21,0x200f8,0xf22,0x500c7,0x1b,0xf23,0xf11,0x34,
0x60052,0x2d,0xf24,0xf23,0xf0b,0x0,0x200f9,0xf21,
0x200f8,0xf21,0x700f5,0x2d,0xf25,0xf0b,0xf1c,0xf24,
0xf22,0x50051,0x1c,0xf26,0xe01,0x1,0x500b1,0x25,
0xf27,0xf26,0xfb,0x300f7,0xf28,0x0,0x400fa,0xf27,
0xf29,0xf2a,0x200f8,0xf2a,0x500af,0x25,0xf2b,0xc4e,
0x21,0x300f7,0xf2c,0x0,0x400fa,0xf2b,0xf2d,0xf2c,
0x200f8,0xf2d,0x500af,0x25,0xf2e,0xc4e,0xf3,0x200f9,
0xf2c,0x200f8,0xf2c,0x700f5,0x25,0xf2f,0x2b,0xf2a,
0xf2e,0xf2d,0x300f7,0xf30,0x0,0x400fa,0xf2f,0xf31,
0xf30,0x200f8,0xf31,0x50051,0x1b,0xf32,0xf25,0x1,
0x500ae,0x25,0xf33,0xf32,0xfd,0x200f9,0xf30,0x200f8,
0xf30,0x700f5,0x25,0xf34,0x26,0xf2c,0xf33,0xf31,
0x300f7,0xf35,0x0,0x400fa,0xf34,0xf36,0xf35,0x200f8,
0xf36,0x50051,0x1b,0xf37,0xf25,0x1,0x500b0,0x25,
0xf38,0xf37,0xf5,0x200f9,0xf35,0x200f8,0xf35,0x700f5,
0x25,0xf39,0x26,0xf30,0xf38,0xf36,0x300f7,0xf3a,
0x0,0x400fa,0xf39,0xf3b,0xf3a,0x200f8,0xf3b,0x50051,
0x1b,0xf3c,0xf25,0x0,0x500c7,0x1b,0xf3d,0xf3c,
0xf1,0x50080,0x1b,0xf3e,0xf3d,0x5d,0x60052,0x2d,
0xf3f,0xf3e,0xf25,0x0,0x200f9,0xf3a,0x200f8,0xf3a,
0x700f5,0x2d,0xf40,0xf25,0xf35,0xf3f,0xf3b,0x200f9,
0xf28,0x200f8,0xf29,0x4007c,0x1b,0xf41,0xf26,0x500c7,
0x1b,0xf42,0xf41,0x32,0x50080,0x1b,0xf43,0xfc,
0xf42,0x50051,0x1b,0xf44,0xf25,0x0,0x500c7,0x1b,
0xf45,0xf44,0x34,0x50050,0x2d,0xf46,0xf45,0xf43,
0x200f9,0xf28,0x200f8,0xf28,0x700f5,0x2d,0xf47,0xf40,
0xf3a,0xf46,0xf29,0x200f9,0xf0f,0x200f8,0xf0f,0x700f5,
0x2d,0xf48,0xf0b,0xf06,0xf47,0xf28,0x50080,0x1b,
0xf49,0xbd3,0x36,0x60041,0x14f,0xf4a,0x18,0x21,
0xf49,0x4003d,0x1b,0xf4b,0xf4a,0x500ab,0x25,0xf4c,
0xf4b,0x1d,0x300f7,0xf4d,0x0,0x400fa,0xf4c,0xf4e,
0xf4d,0x200f8,0xf4e,0x500af,0x25,0xf4f,0xc4e,0x21,
0x300f7,0xf50,0x0,0x400fa,0xf4f,0xf51,0xf50,0x200f8,
0xf51,0x500af,0x25,0xf52,0xc4e,0xe7,0x200f9,0xf50,
0x200f8,0xf50,0x700f5,0x25,0xf53,0x2b,0xf4e,0xf52,
0xf51,0x200f9,0xf4d,0x200f8,0xf4d,0x700f5,0x25,0xf54,
0x26,0xf0f,0xf53,0xf50,0x300f7,0xf55,0x0,0x400fa,
0xf54,0xf56,0xf55,0x200f8,0xf56,0x4007c,0x1c,0xf57,
0xe7c,0x50051,0x1c,0xf58,0xd87,0x0,0x50080,0x1c,
0xf59,0xfe,0xf58,0x4007c,0x1b,0xf5a,0xf59,0x50082,
0x1c,0xf5b,0xf57,0x30,0x4007c,0x1b,0xf5c,0xf5b,
0x500c7,0x1b,0xf5d,0xf5a,0xf5c,0x4007c,0x1c,0xf5e,
0xf5d,0x50051,0x1c,0xf5f,0xc9f,0x0,0x50080,0x1c,
0xf60,0xf5e,0xf5f,0x50082,0x1c,0xf61,0xf60,0xfe,
0x8000c,0x1c,0xf62,0x1,0x2d,0xf61,0x21,0xf5b,
0x4007c,0x1b,0xf63,0xf62,0x60052,0x2d,0xf64,0xf63,
0xf48,0x0,0x200f9,0xf55,0x200f8,0xf55,0x700f5,0x2d,
0xf65,0xf48,0xf4d,0xf64,0xf56,0x50050,0x2d,0xf66,
0xbe8,0xbe8,0x50086,0x2d,0xf67,0xf65,0xf66,0x50051,
0x1b,0xf68,0xf67,0x0,0x500ae,0x25,0xf69,0xf68,
0x4e,0x600a9,0x1c,0xf6a,0xf69,0xff,0x21,0x50051,
0x1b,0xf6b,0xf67,0x1,0x500ae,0x25,0xf6c,0xf6b,
0x4e,0x300f7,0xf6d,0x0,0x400fa,0xf6c,0xf6e,0xf6f,
0x200f8,0xf6f,0x200f9,0xf6d,0x200f8,0xf6e,0x600a9,0x1c,
0xf70,0xe79,0x100,0xff,0x200f9,0xf6d,0x200f8,0xf6d,
0x700f5,0x1c,0xf71,0xf70,0xf6e,0x21,0xf6f,0x50080,
0x1c,0xf72,0xf6a,0xf71,0x4007c,0x1b,0xf73,0xf72,
0x50080,0x1b,0xf74,0xbd3,0x2c,0x60041,0x14f,0xf75,
0x18,0x21,0xf74,0x4003d,0x1b,0xf76,0xf75,0x50080,
0x1b,0xf77,0xf76,0xf73,0x500c7,0x1b,0xf78,0xf6b,
0x32,0x50084,0x1b,0xf79,0xf78,0x4e,0x50080,0x1b,
0xf7a,0xf77,0xf79,0x500c7,0x1b,0xf7b,0xf68,0x32,
0x50080,0x1b,0xf7c,0xf7a,0xf7b,0x50084,0x1b,0xf7d,
0xf7c,0x31,0x500c7,0x1b,0xf7e,0xf7d,0x43,0x50080,
0x1b,0xf7f,0xbd3,0xdd,0x500c2,0x1b,0xf80,0xf7e,
0x31,0x50080,0x1b,0xf81,0xf7f,0xf80,0x60041,0x14f,
0xf82,0x18,0x21,0xf81,0x4003d,0x1b,0xf83,0xf82,
0x500c7,0x1b,0xf84,0xf7d,0x33,0x50084,0x1b,0xf85,
0xf84,0x2f,0x500c7,0x1b,0xf86,0xf85,0x32,0x500c2,
0x1b,0xf87,0xf83,0xf86,0x500c7,0x1b,0xf88,0xf87,
0x34,0x50080,0x1b,0xf89,0xf7d,0x2c,0x500c7,0x1b,
0xf8a,0xf89,0x43,0x500c2,0x1b,0xf8b,0xf8a,0x31,
0x50080,0x1b,0xf8c,0xf7f,0xf8b,0x60041,0x14f,0xf8d,
0x18,0x21,0xf8c,0x4003d,0x1b,0xf8e,0xf8d,0x500c7,
0x1b,0xf8f,0xf89,0x33,0x50084,0x1b,0xf90,0xf8f,
0x2f,0x500c7,0x1b,0xf91,0xf90,0x32,0x500c2,0x1b,
0xf92,0xf8e,0xf91,0x500c7,0x1b,0xf93,0xf92,0x34,
0x500c4,0x1b,0xf94,0xf93,0x2f,0x500c5,0x1b,0xf95,
0xf88,0xf94,0x4003d,0x1b,0xf96,0xd8a,0x500c7,0x1b,
0xf97,0xf96,0x33,0x500aa,0x25,0xf98,0xf97,0x2c,
0x300f7,0xf99,0x0,0x400fa,0xf98,0xf9a,0xf99,0x200f8,
0xf9a,0x500c7,0x1b,0xf9b,0xf95,0xb9,0x500ab,0x25,
0xf9c,0xf9b,0x1d,0x200f9,0xf99,0x200f8,0xf99,0x700f5,
0x25,0xf9d,0x26,0xf6d,0xf9c,0xf9a,0x400a8,0x25,
0xf9e,0xf9d,0x300f7,0xf9f,0x0,0x400fa,0xf9e,0xfa0,
0xf9f,0x200f8,0xfa0,0x500aa,0x25,0xfa1,0xf97,0x31,
0x300f7,0xfa2,0x0,0x400fa,0xfa1,0xfa3,0xfa2,0x200f8,
0xfa3,0x500c7,0x1b,0xfa4,0xf95,0xb9,0x500aa,0x25,
0xfa5,0xfa4,0x1d,0x200f9,0xfa2,0x200f8,0xfa2,0x700f5,
0x25,0xfa6,0x26,0xfa0,0xfa5,0xfa3,0x200f9,0xf9f,
0x200f8,0xf9f,0x700f5,0x25,0xfa7,0x2b,0xf99,0xfa6,
0xfa2,0x300f7,0xfa8,0x0,0x400fa,0xfa7,0xfa9,0xfa8,
0x200f8,0xfa9,0x200f9,0xbdb,0x200f8,0xfa8,0x50082,0x1b,
0xfaa,0xbe8,0x2c,0x50050,0x2d,0xfab,0xfaa,0xfaa,
0x500c7,0x2d,0xfac,0xf65,0xfab,0x500c7,0x1b,0xfad,
0xf95,0xe8,0x500ab,0x25,0xfae,0xfad,0x1d,0x300f7,
0xfaf,0x0,0x400fa,0xfae,0xfb0,0xfaf,0x200f8,0xfb0,
0x50051,0x1b,0xfb1,0xfac,0x0,0x50082,0x1b,0xfb2,
0xfaa,0xfb1,0x60052,0x2d,0xfb3,0xfb2,0xfac,0x0,
0x200f9,0xfaf,0x200f8,0xfaf,0x700f5,0x2d,0xfb4,0xfac,
0xfa8,0xfb3,0xfb0,0x500c7,0x1b,0xfb5,0xf95,0x57,
0x500ab,0x25,0xfb6,0xfb5,0x1d,0x300f7,0xfb7,0x0,
0x400fa,0xfb6,0xfb8,0xfb7,0x200f8,0xfb8,0x50051,0x1b,
0xfb9,0xfb4,0x1,0x50082,0x1b,0xfba,0xfaa,0xfb9,
0x60052,0x2d,0xfbb,0xfba,0xfb4,0x1,0x200f9,0xfb7,
0x200f8,0xfb7,0x700f5,0x2d,0xfbc,0xfb4,0xfaf,0xfbb,
0xfb8,0x500c7,0x1b,0xfbd,0xf95,0x101,0x50051,0x1b,
0xfbe,0xfbc,0x0,0x500c2,0x1b,0xfbf,0xfbe,0x33,
0x50080,0x1b,0xfc0,0xfbd,0xfbf,0x50051,0x1b,0xfc1,
0xfbc,0x1,0x500c2,0x1b,0xfc2,0xfc1,0x33,0x50084,
0x1b,0xfc3,0xfc2,0x37,0x50080,0x1b,0xfc4,0xfc0,
0xfc3,0x500c7,0x1b,0xfc5,0xfc4,0x101,0x60041,0x14f,
0xfc6,0x18,0x21,0xbd3,0x4003d,0x1b,0xfc7,0xfc6,
0x50084,0x1b,0xfc8,0xfc7,0x31,0x50084,0x1b,0xfc9,
0xbe2,0x2f,0x50084,0x1b,0xfca,0xfc5,0xfc9,0x50080,
0x1b,0xfcb,0xfc8,0xfca,0x500c7,0x1b,0xfcc,0xfc1,
0xb4,0x50084,0x1b,0xfcd,0xfcc,0x31,0x50080,0x1b,
0xfce,0xfcb,0xfcd,0x500c7,0x1b,0xfcf,0xfbe,0xb4,
0x500c2,0x1b,0xfd0,0xb8,0xfcf,0x200f9,0xfd1,0x200f8,
0xfd1,0x700f5,0x1b,0xfd2,0x1d,0xfb7,0xfd3,0xfd4,
0x700f5,0x1b,0xfd5,0x1d,0xfb7,0xfd6,0xfd4,0x50086,
0x1b,0xfd7,0xbe2,0x31,0x500b0,0x25,0xfd8,0xfd5,
0xfd7,0x400f6,0xfd9,0xfd4,0x0,0x400fa,0xfd8,0xfda,
0xfd9,0x200f8,0xfda,0x50084,0x1b,0xfdb,0xfd5,0x37,
0x50080,0x1b,0xfdc,0xfce,0xfdb,0x500c7,0x1b,0xfdd,
0xfdc,0x43,0x500c2,0x1b,0xfde,0xfdd,0x31,0x50080,
0x1b,0xfdf,0xf7f,0xfde,0x60041,0x14f,0xfe0,0x18,
0x21,0xfdf,0x4003d,0x1b,0xfe1,0xfe0,0x500c7,0x1b,
0xfe2,0xfdc,0x33,0x50084,0x1b,0xfe3,0xfe2,0x2f,
0x500c7,0x1b,0xfe4,0xfe3,0x32,0x500c2,0x1b,0xfe5,
0xfe1,0xfe4,0x500c7,0x1b,0xfe6,0xfe5,0x34,0x500c7,
0x1b,0xfe7,0xfe6,0xfd0,0x500ab,0x25,0xfe8,0xfe7,
0x1d,0x300f7,0xfe9,0x0,0x400fa,0xfe8,0xfea,0xfe9,
0x200f8,0xfea,0x50084,0x1b,0xfeb,0xfd5,0x31,0x500c7,
0x1b,0xfec,0xfeb,0x32,0x500c4,0x1b,0xfed,0x2c,
0xfec,0x500c5,0x1b,0xfee,0xfd2,0xfed,0x200f9,0xfe9,
0x200f8,0xfe9,0x700f5,0x1b,0xfef,0xfd2,0xfda,0xfee,
0xfea,0x50080,0x1b,0xff0,0xfdc,0x2c,0x500c7,0x1b,
0xff1,0xff0,0x43,0x500c2,0x1b,0xff2,0xff1,0x31,
0x50080,0x1b,0xff3,0xf7f,0xff2,0x60041,0x14f,0xff4,
0x18,0x21,0xff3,0x4003d,0x1b,0xff5,0xff4,0x500c7,
0x1b,0xff6,0xff0,0x33,0x50084,0x1b,0xff7,0xff6,
0x2f,0x500c7,0x1b,0xff8,0xff7,0x32,0x500c2,0x1b,
0xff9,0xff5,0xff8,0x500c7,0x1b,0xffa,0xff9,0x34,
0x500c7,0x1b,0xffb,0xffa,0xfd0,0x500ab,0x25,0xffc,
0xffb,0x1d,0x300f7,0xffd,0x0,0x400fa,0xffc,0xffe,
0xffd,0x200f8,0xffe,0x50084,0x1b,0xfff,0xfd5,0x31,
0x500c7,0x1b,0x1000,0xfff,0x32,0x500c4,0x1b,0x1001,
0x31,0x1000,0x500c5,0x1b,0x1002,0xfef,0x1001,0x200f9,
0xffd,0x200f8,0xffd,0x700f5,0x1b,0xfd3,0xfef,0xfe9,
0x1002,0xffe,0x200f9,0xfd4,0x200f8,0xfd4,0x50080,0x1b,
0xfd6,0xfd5,0x2c,0x200f9,0xfd1,0x200f8,0xfd9,0x500aa,
0x25,0x1003,0xfd2,0x1d,0x300f7,0x1004,0x0,0x400fa,
0x1003,0x1005,0x1004,0x200f8,0x1005,0x200f9,0xbdb,0x200f8,
0x1004,0x500ab,0x25,0x1006,0xbe2,0x2f,0x300f7,0x1007,
0x0,0x400fa,0x1006,0x1008,0x1007,0x200f8,0x1008,0x500c2,
0x1b,0x1009,0xf95,0x23,0x500c7,0x1b,0x100a,0x1009,
0xb4,0x500c7,0x1b,0x100b,0xbe2,0x32,0x500c4,0x1b,
0x100c,0x2c,0x100b,0x50084,0x1b,0x100d,0x100a,0x100c,
0x50080,0x1b,0x100e,0xfd2,0x100d,0x200f9,0x1007,0x200f8,
0x1007,0x700f5,0x1b,0x100f,0xfd2,0x1004,0x100e,0x1008,
0x50080,0x1b,0x1010,0xbd3,0x51,0x60041,0x14f,0x1011,
0x18,0x21,0x1010,0x4003d,0x1b,0x1012,0x1011,0x50080,
0x1b,0x1013,0x100f,0x1012,0x500c7,0x1b,0x1014,0x1013,
0x34,0x4003d,0x1b,0x1015,0xbd5,0x500c7,0x1b,0x1016,
0x1015,0x24,0x500ab,0x25,0x1017,0x1016,0x1d,0x300f7,
0x1018,0x0,0x400fa,0x1017,0x1019,0x1018,0x200f8,0x1019,
0x500af,0x25,0x101a,0xc4e,0x21,0x300f7,0x101b,0x0,
0x400fa,0x101a,0x101c,0x101b,0x200f8,0x101c,0x500af,0x25,
0x101d,0xc4e,0xe7,0x200f9,0x101b,0x200f8,0x101b,0x700f5,
0x25,0x101e,0x2b,0x1019,0x101d,0x101c,0x200f9,0x1018,
0x200f8,0x1018,0x700f5,0x25,0x101f,0x26,0x1007,0x101e,
0x101b,0x300f7,0x1020,0x0,0x400fa,0x101f,0x1021,0x1020,
0x200f8,0x1021,0x4007c,0x1c,0x1022,0xe7c,0x50051,0x1c,
0x1023,0xd87,0x0,0x50087,0x1c,0x1024,0x1022,0x35,
0x50080,0x1c,0x1025,0x1023,0x1024,0x5008a,0x1c,0x1026,
0x1025,0x1022,0x50080,0x1c,0x1027,0x1026,0x1022,0x5008a,
0x1c,0x1028,0x1027,0x1022,0x50082,0x1c,0x1029,0x1028,
0x1024,0x50051,0x1c,0x102a,0xc9f,0x0,0x50080,0x1c,
0x102b,0x102a,0x1029,0x50051,0x1b,0x102c,0xf65,0x0,
0x500ae,0x25,0x102d,0x102c,0x5d,0x300f7,0x102e,0x0,
0x400fa,0x102d,0x102f,0x102e,0x200f8,0x102f,0x500b0,0x25,
0x1030,0x102c,0x102,0x200f9,0x102e,0x200f8,0x102e,0x700f5,
0x25,0x1031,0x26,0x1021,0x1030,0x102f,0x300f7,0x1032,
0x0,0x400fa,0x1031,0x1033,0x1032,0x200f8,0x1033,0x50051,
0x1b,0x1034,0xf65,0x1,0x500ae,0x25,0x1035,0x1034,
0x102,0x200f9,0x1032,0x200f8,0x1032,0x700f5,0x25,0x1036,
0x26,0x102e,0x1035,0x1033,0x300f7,0x1037,0x0,0x400fa,
0x1036,0x1038,0x1037,0x200f8,0x1038,0x50051,0x1b,0x1039,
0xf65,0x1,0x500b0,0x25,0x103a,0x1039,0xef,0x200f9,
0x1037,0x200f8,0x1037,0x700f5,0x25,0x103b,0x26,0x1032,
0x103a,0x1038,0x300f7,0x103c,0x0,0x400fa,0x103b,0x103d,
0x103c,0x200f8,0x103d,0x500ae,0x25,0x103e,0x1014,0x103,
0x200f9,0x103c,0x200f8,0x103c,0x700f5,0x25,0x103f,0x26,
0x1037,0x103e,0x103d,0x300f7,0x1040,0x0,0x400fa,0x103f,
0x1041,0x1040,0x200f8,0x1041,0x500b2,0x25,0x1042,0x1014,
0x104,0x200f9,0x1040,0x200f8,0x1040,0x700f5,0x25,0x1043,
0x26,0x103c,0x1042,0x1041,0x500ae,0x25,0x1044,0x102c,
0x102,0x300f7,0x1045,0x0,0x400fa,0x1044,0x1046,0x1045,
0x200f8,0x1046,0x500b0,0x25,0x1047,0x102c,0x105,0x200f9,
0x1045,0x200f8,0x1045,0x700f5,0x25,0x1048,0x26,0x1040,
0x1047,0x1046,0x300f7,0x1049,0x0,0x400fa,0x1048,0x104a,
0x1049,0x200f8,0x104a,0x50051,0x1b,0x104b,0xf65,0x1,
0x500ae,0x25,0x104c,0x104b,0x105,0x200f9,0x1049,0x200f8,
0x1049,0x700f5,0x25,0x104d,0x26,0x1045,0x104c,0x104a,
0x300f7,0x104e,0x0,0x400fa,0x104d,0x104f,0x104e,0x200f8,
0x104f,0x50051,0x1b,0x1050,0xf65,0x1,0x500b0,0x25,
0x1051,0x1050,0xef,0x200f9,0x104e,0x200f8,0x104e,0x700f5,
0x25,0x1052,0x26,0x1049,0x1051,0x104f,0x300f7,0x1053,
0x0,0x400fa,0x1052,0x1054,0x1053,0x200f8,0x1054,0x500ae,
0x25,0x1055,0x1014,0x103,0x200f9,0x1053,0x200f8,0x1053,
0x700f5,0x25,0x1056,0x26,0x104e,0x1055,0x1054,0x300f7,
0x1057,0x0,0x400fa,0x1056,0x1058,0x1057,0x200f8,0x1058,
0x500b2,0x25,0x1059,0x1014,0x106,0x200f9,0x1057,0x200f8,
0x1057,0x700f5,0x25,0x105a,0x26,0x1053,0x1059,0x1058,
0x500af,0x25,0x105b,0x102b,0x21,0x300f7,0x105c,0x0,
0x400fa,0x105b,0x105d,0x105c,0x200f8,0x105d,0x500af,0x25,
0x105e,0x102b,0x1022,0x200f9,0x105c,0x200f8,0x105c,0x700f5,
0x25,0x105f,0x2b,0x1057,0x105e,0x105d,0x300f7,0x1060,
0x0,0x400fa,0x105f,0x1061,0x1060,0x200f8,0x1061,0x400a8,
0x25,0x1062,0x1043,0x600a9,0x25,0x1063,0x1062,0x105a,
0x2b,0x200f9,0x1060,0x200f8,0x1060,0x700f5,0x25,0x1064,
0x26,0x105c,0x1063,0x1061,0x600a9,0x1b,0x1065,0x1064,
0x107,0x1014,0x200f9,0x1020,0x200f8,0x1020,0x700f5,0x1b,
0x1066,0x1014,0x1018,0x1065,0x1060,0x4003d,0x1b,0x1067,
0xd8a,0x500c7,0x1b,0x1068,0x1067,0x5d,0x500ab,0x25,
0x1069,0x1068,0x1d,0x300f7,0x106a,0x0,0x400fa,0x1069,
0x106b,0x106a,0x200f8,0x106b,0x500af,0x25,0x106c,0xc4e,
0x21,0x300f7,0x106d,0x0,0x400fa,0x106c,0x106e,0x106d,
0x200f8,0x106e,0x500af,0x25,0x106f,0xc4e,0xe7,0x200f9,
0x106d,0x200f8,0x106d,0x700f5,0x25,0x1070,0x2b,0x106b,
0x106f,0x106e,0x400a8,0x25,0x1071,0x1070,0x300f7,0x1072,
0x0,0x400fa,0x1071,0x1073,0x1072,0x200f8,0x1073,0x500b1,
0x25,0x1074,0xc4d,0x21,0x200f9,0x1072,0x200f8,0x1072,
0x700f5,0x25,0x1075,0x2b,0x106d,0x1074,0x1073,0x400a8,
0x25,0x1076,0x1075,0x300f7,0x1077,0x0,0x400fa,0x1076,
0x1078,0x1077,0x200f8,0x1078,0x500af,0x25,0x1079,0xc4d,
0x5b,0x200f9,0x1077,0x200f8,0x1077,0x700f5,0x25,0x107a,
0x2b,0x1072,0x1079,0x1078,0x200f9,0x106a,0x200f8,0x106a,
0x700f5,0x25,0x107b,0x26,0x1020,0x107a,0x1077,0x300f7,
0x107c,0x0,0x400fa,0x107b,0x107d,0x107c,0x200f8,0x107d,
0x4007c,0x1c,0x107e,0xe7c,0x50051,0x1c,0x107f,0xd87,
0x0,0x50087,0x1c,0x1080,0x107e,0x35,0x50080,0x1c,
0x1081,0x107f,0x1080,0x5008a,0x1c,0x1082,0x1081,0x107e,
0x50080,0x1c,0x1083,0x1082,0x107e,0x5008a,0x1c,0x1084,
0x1083,0x107e,0x50082,0x1c,0x1085,0x1084,0x1080,0x50051,
0x1c,0x1086,0xc9f,0x0,0x50080,0x1c,0x1087,0x1086,
0x1085,0x50051,0x1b,0x1088,0xf65,0x0,0x500ae,0x25,
0x1089,0x1088,0x108,0x300f7,0x108a,0x0,0x400fa,0x1089,
0x108b,0x108a,0x200f8,0x108b,0x500b0,0x25,0x108c,0x1088,
0x109,0x200f9,0x108a,0x200f8,0x108a,0x700f5,0x25,0x108d,
0x26,0x107d,0x108c,0x108b,0x300f7,0x108e,0x0,0x400fa,
0x108d,0x108f,0x108e,0x200f8,0x108f,0x50051,0x1b,0x1090,
0xf65,0x1,0x500ae,0x25,0x1091,0x1090,0x37,0x200f9,
0x108e,0x200f8,0x108e,0x700f5,0x25,0x1092,0x26,0x108a,
0x1091,0x108f,0x300f7,0x1093,0x0,0x400fa,0x1092,0x1094,
0x1093,0x200f8,0x1094,0x50051,0x1b,0x1095,0xf65,0x1,
0x500b0,0x25,0x1096,0x1095,0x10a,0x200f9,0x1093,0x200f8,
0x1093,0x700f5,0x25,0x1097,0x26,0x108e,0x1096,0x1094,
0x400a8,0x25,0x1098,0x1097,0x300f7,0x1099,0x0,0x400fa,
0x1098,0x109a,0x1099,0x200f8,0x109a,0x500ae,0x25,0x109b,
0x1088,0x10a,0x300f7,0x109c,0x0,0x400fa,0x109b,0x109d,
0x109c,0x200f8,0x109d,0x500b0,0x25,0x109e,0x1088,0x10b,
0x200f9,0x109c,0x200f8,0x109c,0x700f5,0x25,0x109f,0x26,
0x109a,0x109e,0x109d,0x300f7,0x10a0,0x0,0x400fa,0x109f,
0x10a1,0x10a0,0x200f8,0x10a1,0x50051,0x1b,0x10a2,0xf65,
0x1,0x500ae,0x25,0x10a3,0x10a2,0xb7,0x200f9,0x10a0,
0x200f8,0x10a0,0x700f5,0x25,0x10a4,0x26,0x109c,0x10a3,
0x10a1,0x300f7,0x10a5,0x0,0x400fa,0x10a4,0x10a6,0x10a5,
0x200f8,0x10a6,0x50051,0x1b,0x10a7,0xf65,0x1,0x500b0,
0x25,0x10a8,0x10a7,0x10c,0x200f9,0x10a5,0x200f8,0x10a5,
0x700f5,0x25,0x10a9,0x26,0x10a0,0x10a8,0x10a6,0x200f9,
0x1099,0x200f8,0x1099,0x700f5,0x25,0x10aa,0x2b,0x1093,
0x10a9,0x10a5,0x400a8,0x25,0x10ab,0x10aa,0x300f7,0x10ac,
0x0,0x400fa,0x10ab,0x10ad,0x10ac,0x200f8,0x10ad,0x500ae,
0x25,0x10ae,0x1088,0x10d,0x300f7,0x10af,0x0,0x400fa,
0x10ae,0x10b0,0x10af,0x200f8,0x10b0,0x500b0,0x25,0x10b1,
0x1088,0x10e,0x200f9,0x10af,0x200f8,0x10af,0x700f5,0x25,
0x10b2,0x26,0x10ad,0x10b1,0x10b0,0x300f7,0x10b3,0x0,
0x400fa,0x10b2,0x10b4,0x10b3,0x200f8,0x10b4,0x50051,0x1b,
0x10b5,0xf65,0x1,0x500ae,0x25,0x10b6,0x10b5,0x107,
0x200f9,0x10b3,0x200f8,0x10b3,0x700f5,0x25,0x10b7,0x26,
0x10af,0x10b6,0x10b4,0x300f7,0x10b8,0x0,0x400fa,0x10b7,
0x10b9,0x10b8,0x200f8,0x10b9,0x50051,0x1b,0x10ba,0xf65,
0x1,0x500b0,0x25,0x10bb,0x10ba,0x10d,0x200f9,0x10b8,
0x200f8,0x10b8,0x700f5,0x25,0x10bc,0x26,0x10b3,0x10bb,
0x10b9,0x200f9,0x10ac,0x200f8,0x10ac,0x700f5,0x25,0x10bd,
0x2b,0x1099,0x10bc,0x10b8,0x400a8,0x25,0x10be,0x10bd,
0x300f7,0x10bf,0x0,0x400fa,0x10be,0x10c0,0x10bf,0x200f8,
0x10c0,0x500ae,0x25,0x10c1,0x1088,0x105,0x300f7,0x10c2,
0x0,0x400fa,0x10c1,0x10c3,0x10c2,0x200f8,0x10c3,0x500b0,
0x25,0x10c4,0x1088,0xf0,0x200f9,0x10c2,0x200f8,0x10c2,
0x700f5,0x25,0x10c5,0x26,0x10c0,0x10c4,0x10c3,0x300f7,
0x10c6,0x0,0x400fa,0x10c5,0x10c7,0x10c6,0x200f8,0x10c7,
0x50051,0x1b,0x10c8,0xf65,0x1,0x500ae,0x25,0x10c9,
0x10c8,0x10f,0x200f9,0x10c6,0x200f8,0x10c6,0x700f5,0x25,
0x10ca,0x26,0x10c2,0x10c9,0x10c7,0x300f7,0x10cb,0x0,
0x400fa,0x10ca,0x10cc,0x10cb,0x200f8,0x10cc,0x50051,0x1b,
0x10cd,0xf65,0x1,0x500b0,0x25,0x10ce,0x10cd,0x10d,
0x200f9,0x10cb,0x200f8,0x10cb,0x700f5,0x25,0x10cf,0x26,
0x10c6,0x10ce,0x10cc,0x200f9,0x10bf,0x200f8,0x10bf,0x700f5,
0x25,0x10d0,0x2b,0x10ac,0x10cf,0x10cb,0x400a8,0x25,
0x10d1,0x10d0,0x300f7,0x10d2,0x0,0x400fa,0x10d1,0x10d3,
0x10d2,0x200f8,0x10d3,0x500ae,0x25,0x10d4,0x1088,0x110,
0x300f7,0x10d5,0x0,0x400fa,0x10d4,0x10d6,0x10d5,0x200f8,
0x10d6,0x500b0,0x25,0x10d7,0x1088,0x5d,0x200f9,0x10d5,
0x200f8,0x10d5,0x700f5,0x25,0x10d8,0x26,0x10d3,0x10d7,
0x10d6,0x300f7,0x10d9,0x0,0x400fa,0x10d8,0x10da,0x10d9,
0x200f8,0x10da,0x50051,0x1b,0x10db,0xf65,0x1,0x500ae,
0x25,0x10dc,0x10db,0x10d,0x200f9,0x10d9,0x200f8,0x10d9,
0x700f5,0x25,0x10dd,0x26,0x10d5,0x10dc,0x10da,0x300f7,
0x10de,0x0,0x400fa,0x10dd,0x10df,0x10de,0x200f8,0x10df,
0x50051,0x1b,0x10e0,0xf65,0x1,0x500b0,0x25,0x10e1,
0x10e0,0x111,0x200f9,0x10de,0x200f8,0x10de,0x700f5,0x25,
0x10e2,0x26,0x10d9,0x10e1,0x10df,0x200f9,0x10d2,0x200f8,
0x10d2,0x700f5,0x25,0x10e3,0x2b,0x10bf,0x10e2,0x10de,
0x400a8,0x25,0x10e4,0x10e3,0x300f7,0x10e5,0x0,0x400fa,
0x10e4,0x10e6,0x10e5,0x200f8,0x10e6,0x500ae,0x25,0x10e7,
0x1088,0x112,0x300f7,0x10e8,0x0,0x400fa,0x10e7,0x10e9,
0x10e8,0x200f8,0x10e9,0x500b0,0x25,0x10ea,0x1088,0x113,
0x200f9,0x10e8,0x200f8,0x10e8,0x700f5,0x25,0x10eb,0x26,
0x10e6,0x10ea,0x10e9,0x300f7,0x10ec,0x0,0x400fa,0x10eb,
0x10ed,0x10ec,0x200f8,0x10ed,0x50051,0x1b,0x10ee,0xf65,
0x1,0x500ae,0x25,0x10ef,0x10ee,0xb8,0x200f9,0x10ec,
0x200f8,0x10ec,0x700f5,0x25,0x10f0,0x26,0x10e8,0x10ef,
0x10ed,0x300f7,0x10f1,0x0,0x400fa,0x10f0,0x10f2,0x10f1,
0x200f8,0x10f2,0x50051,0x1b,0x10f3,0xf65,0x1,0x500b0,
0x25,0x10f4,0x10f3,0x114,0x200f9,0x10f1,0x200f8,0x10f1,
0x700f5,0x25,0x10f5,0x26,0x10ec,0x10f4,0x10f2,0x200f9,
0x10e5,0x200f8,0x10e5,0x700f5,0x25,0x10f6,0x2b,0x10d2,
0x10f5,0x10f1,0x400a8,0x25,0x10f7,0x10f6,0x300f7,0x10f8,
0x0,0x400fa,0x10f7,0x10f9,0x10f8,0x200f8,0x10f9,0x500ae,
0x25,0x10fa,0x1088,0x115,0x300f7,0x10fb,0x0,0x400fa,
0x10fa,0x10fc,0x10fb,0x200f8,0x10fc,0x500b0,0x25,0x10fd,
0x1088,0x116,0x200f9,0x10fb,0x200f8,0x10fb,0x700f5,0x25,
0x10fe,0x26,0x10f9,0x10fd,0x10fc,0x300f7,0x10ff,0x0,
0x400fa,0x10fe,0x1100,0x10ff,0x200f8,0x1100,0x50051,0x1b,
0x1101,0xf65,0x1,0x500ae,0x25,0x1102,0x1101,0x117,
0x200f9,0x10ff,0x200f8,0x10ff,0x700f5,0x25,0x1103,0x26,
0x10fb,0x1102,0x1100,0x300f7,0x1104,0x0,0x400fa,0x1103,
0x1105,0x1104,0x200f8,0x1105,0x50051,0x1b,0x1106,0xf65,
0x1,0x500b0,0x25,0x1107,0x1106,0x111,0x200f9,0x1104,
0x200f8,0x1104,0x700f5,0x25,0x1108,0x26,0x10ff,0x1107,
0x1105,0x200f9,0x10f8,0x200f8,0x10f8,0x700f5,0x25,0x1109,
0x2b,0x10e5,0x1108,0x1104,0x400a8,0x25,0x110a,0x1109,
0x300f7,0x110b,0x0,0x400fa,0x110a,0x110c,0x110b,0x200f8,
0x110c,0x500ae,0x25,0x110d,0x1088,0x116,0x300f7,0x110e,
0x0,0x400fa,0x110d,0x110f,0x110e,0x200f8,0x110f,0x500b0,
0x25,0x1110,0x1088,0x118,0x200f9,0x110e,0x200f8,0x110e,
0x700f5,0x25,0x1111,0x26,0x110c,0x1110,0x110f,0x300f7,
0x1112,0x0,0x400fa,0x1111,0x1113,0x1112,0x200f8,0x1113,
0x50051,0x1b,0x1114,0xf65,0x1,0x500ae,0x25,0x1115,
0x1114,0x119,0x200f9,0x1112,0x200f8,0x1112,0x700f5,0x25,
0x1116,0x26,0x110e,0x1115,0x1113,0x300f7,0x1117,0x0,
0x400fa,0x1116,0x1118,0x1117,0x200f8,0x1118,0x50051,0x1b,
0x1119,0xf65,0x1,0x500b0,0x25,0x111a,0x1119,0x11a,
0x200f9,0x1117,0x200f8,0x1117,0x700f5,0x25,0x111b,0x26,
0x1112,0x111a,0x1118,0x200f9,0x110b,0x200f8,0x110b,0x700f5,
0x25,0x111c,0x2b,0x10f8,0x111b,0x1117,0x400a8,0x25,
0x111d,0x111c,0x300f7,0x111e,0x0,0x400fa,0x111d,0x111f,
0x111e,0x200f8,0x111f,0x500ae,0x25,0x1120,0x1088,0x11b,
0x300f7,0x1121,0x0,0x400fa,0x1120,0x1122,0x1121,0x200f8,
0x1122,0x500b0,0x25,0x1123,0x1088,0x11c,0x200f9,0x1121,
0x200f8,0x1121,0x700f5,0x25,0x1124,0x26,0x111f,0x1123,
0x1122,0x300f7,0x1125,0x0,0x400fa,0x1124,0x1126,0x1125,
0x200f8,0x1126,0x50051,0x1b,0x1127,0xf65,0x1,0x500ae,
0x25,0x1128,0x1127,0x11d,0x200f9,0x1125,0x200f8,0x1125,
0x700f5,0x25,0x1129,0x26,0x1121,0x1128,0x1126,0x300f7,
0x112a,0x0,0x400fa,0x1129,0x112b,0x112a,0x200f8,0x112b,
0x50051,0x1b,0x112c,0xf65,0x1,0x500b0,0x25,0x112d,
0x112c,0x112,0x200f9,0x112a,0x200f8,0x112a,0x700f5,0x25,
0x112e,0x26,0x1125,0x112d,0x112b,0x200f9,0x111e,0x200f8,
0x111e,0x700f5,0x25,0x112f,0x2b,0x110b,0x112e,0x112a,
0x400a8,0x25,0x1130,0x112f,0x300f7,0x1131,0x0,0x400fa,
0x1130,0x1132,0x1131,0x200f8,0x1132,0x500ae,0x25,0x1133,
0x1088,0x11e,0x300f7,0x1134,0x0,0x400fa,0x1133,0x1135,
0x1134,0x200f8,0x1135,0x500b0,0x25,0x1136,0x1088,0xf5,
0x200f9,0x1134,0x200f8,0x1134,0x700f5,0x25,0x1137,0x26,
0x1132,0x1136,0x1135,0x300f7,0x1138,0x0,0x400fa,0x1137,
0x1139,0x1138,0x200f8,0x1139,0x50051,0x1b,0x113a,0xf65,
0x1,0x500ae,0x25,0x113b,0x113a,0x11b,0x200f9,0x1138,
0x200f8,0x1138,0x700f5,0x25,0x113c,0x26,0x1134,0x113b,
0x1139,0x300f7,0x113d,0x0,0x400fa,0x113c,0x113e,0x113d,
0x200f8,0x113e,0x50051,0x1b,0x113f,0xf65,0x1,0x500b0,
0x25,0x1140,0x113f,0x11f,0x200f9,0x113d,0x200f8,0x113d,
0x700f5,0x25,0x1141,0x26,0x1138,0x1140,0x113e,0x200f9,
0x1131,0x200f8,0x1131,0x700f5,0x25,0x1142,0x2b,0x111e,
0x1141,0x113d,0x400a8,0x25,0x1143,0x1142,0x300f7,0x1144,
0x0,0x400fa,0x1143,0x1145,0x1144,0x200f8,0x1145,0x500ae,
0x25,0x1146,0x1088,0x120,0x300f7,0x1147,0x0,0x400fa,
0x1146,0x1148,0x1147,0x200f8,0x1148,0x500b0,0x25,0x1149,
0x1088,0x119,0x200f9,0x1147,0x200f8,0x1147,0x700f5,0x25,
0x114a,0x26,0x1145,0x1149,0x1148,0x300f7,0x114b,0x0,
0x400fa,0x114a,0x114c,0x114b,0x200f8,0x114c,0x50051,0x1b,
0x114d,0xf65,0x1,0x500ae,0x25,0x114e,0x114d,0x112,
0x200f9,0x114b,0x200f8,0x114b,0x700f5,0x25,0x114f,0x26,
0x1147,0x114e,0x114c,0x300f7,0x1150,0x0,0x400fa,0x114f,
0x1151,0x1150,0x200f8,0x1151,0x50051,0x1b,0x1152,0xf65,
0x1,0x500b0,0x25,0x1153,0x1152,0x113,0x200f9,0x1150,
0x200f8,0x1150,0x700f5,0x25,0x1154,0x26,0x114b,0x1153,
0x1151,0x200f9,0x1144,0x200f8,0x1144,0x700f5,0x25,0x1155,
0x2b,0x1131,0x1154,0x1150,0x400a8,0x25,0x1156,0x1155,
0x300f7,0x1157,0x0,0x400fa,0x1156,0x1158,0x1157,0x200f8,
0x1158,0x500ae,0x25,0x1159,0x1088,0xfa,0x300f7,0x115a,
0x0,0x400fa,0x1159,0x115b,0x115a,0x200f8,0x115b,0x500b0,
0x25,0x115c,0x1088,0x121,0x200f9,0x115a,0x200f8,0x115a,
0x700f5,0x25,0x115d,0x26,0x1158,0x115c,0x115b,0x300f7,
0x115e,0x0,0x400fa,0x115d,0x115f,0x115e,0x200f8,0x115f,
0x50051,0x1b,0x1160,0xf65,0x1,0x500ae,0x25,0x1161,
0x1160,0x113,0x200f9,0x115e,0x200f8,0x115e,0x700f5,0x25,
0x1162,0x26,0x115a,0x1161,0x115f,0x300f7,0x1163,0x0,
0x400fa,0x1162,0x1164,0x1163,0x200f8,0x1164,0x50051,0x1b,
0x1165,0xf65,0x1,0x500b0,0x25,0x1166,0x1165,0xfa,
0x200f9,0x1163,0x200f8,0x1163,0x700f5,0x25,0x1167,0x26,
0x115e,0x1166,0x1164,0x200f9,0x1157,0x200f8,0x1157,0x700f5,
0x25,0x1168,0x2b,0x1144,0x1167,0x1163,0x400a8,0x25,
0x1169,0x1168,0x300f7,0x116a,0x0,0x400fa,0x1169,0x116b,
0x116a,0x200f8,0x116b,0x500ae,0x25,0x116c,0x1088,0x10a,
0x300f7,0x116d,0x0,0x400fa,0x116c,0x116e,0x116d,0x200f8,
0x116e,0x500b0,0x25,0x116f,0x1088,0xb8,0x200f9,0x116d,
0x200f8,0x116d,0x700f5,0x25,0x1170,0x26,0x116b,0x116f,
0x116e,0x300f7,0x1171,0x0,0x400fa,0x1170,0x1172,0x1171,
0x200f8,0x1172,0x50051,0x1b,0x1173,0xf65,0x1,0x500ae,
0x25,0x1174,0x1173,0x105,0x200f9,0x1171,0x200f8,0x1171,
0x700f5,0x25,0x1175,0x26,0x116d,0x1174,0x1172,0x300f7,
0x1176,0x0,0x400fa,0x1175,0x1177,0x1176,0x200f8,0x1177,
0x50051,0x1b,0x1178,0xf65,0x1,0x500b0,0x25,0x1179,
0x1178,0xf0,0x200f9,0x1176,0x200f8,0x1176,0x700f5,0x25,
0x117a,0x26,0x1171,0x1179,0x1177,0x200f9,0x116a,0x200f8,
0x116a,0x700f5,0x25,0x117b,0x2b,0x1157,0x117a,0x1176,
0x400a8,0x25,0x117c,0x117b,0x300f7,0x117d,0x0,0x400fa,
0x117c,0x117e,0x117d,0x200f8,0x117e,0x500ae,0x25,0x117f,
0x1088,0x4e,0x300f7,0x1180,0x0,0x400fa,0x117f,0x1181,
0x1180,0x200f8,0x1181,0x500b0,0x25,0x1182,0x1088,0x10c,
0x200f9,0x1180,0x200f8,0x1180,0x700f5,0x25,0x1183,0x26,
0x117e,0x1182,0x1181,0x300f7,0x1184,0x0,0x400fa,0x1183,
0x1185,0x1184,0x200f8,0x1185,0x50051,0x1b,0x1186,0xf65,
0x1,0x500ae,0x25,0x1187,0x1186,0x114,0x200f9,0x1184,
0x200f8,0x1184,0x700f5,0x25,0x1188,0x26,0x1180,0x1187,
0x1185,0x300f7,0x1189,0x0,0x400fa,0x1188,0x118a,0x1189,
0x200f8,0x118a,0x50051,0x1b,0x118b,0xf65,0x1,0x500b0,
0x25,0x118c,0x118b,0x120,0x200f9,0x1189,0x200f8,0x1189,
0x700f5,0x25,0x118d,0x26,0x1184,0x118c,0x118a,0x200f9,
0x117d,0x200f8,0x117d,0x700f5,0x25,0x118e,0x2b,0x116a,
0x118d,0x1189,0x400a8,0x25,0x118f,0x118e,0x300f7,0x1190,
0x0,0x400fa,0x118f,0x1191,0x1190,0x200f8,0x1191,0x500ae,
0x25,0x1192,0x1088,0xf7,0x300f7,0x1193,0x0,0x400fa,
0x1192,0x1194,0x1193,0x200f8,0x1194,0x500b0,0x25,0x1195,
0x1088,0x122,0x200f9,0x1193,0x200f8,0x1193,0x700f5,0x25,
0x1196,0x26,0x1191,0x1195,0x1194,0x300f7,0x1197,0x0,
0x400fa,0x1196,0x1198,0x1197,0x200f8,0x1198,0x50051,0x1b,
0x1199,0xf65,0x1,0x500ae,0x25,0x119a,0x1199,0x123,
0x200f9,0x1197,0x200f8,0x1197,0x700f5,0x25,0x119b,0x26,
0x1193,0x119a,0x1198,0x300f7,0x119c,0x0,0x400fa,0x119b,
0x119d,0x119c,0x200f8,0x119d,0x50051,0x1b,0x119e,0xf65,
0x1,0x500b0,0x25,0x119f,0x119e,0x5d,0x200f9,0x119c,
0x200f8,0x119c,0x700f5,0x25,0x11a0,0x26,0x1197,0x119f,
0x119d,0x200f9,0x1190,0x200f8,0x1190,0x700f5,0x25,0x11a1,
0x2b,0x117d,0x11a0,0x119c,0x400a8,0x25,0x11a2,0x11a1,
0x300f7,0x11a3,0x0,0x400fa,0x11a2,0x11a4,0x11a3,0x200f8,
0x11a4,0x500ae,0x25,0x11a5,0x1088,0x124,0x300f7,0x11a6,
0x0,0x400fa,0x11a5,0x11a7,0x11a6,0x200f8,0x11a7,0x500b0,
0x25,0x11a8,0x1088,0x111,0x200f9,0x11a6,0x200f8,0x11a6,
0x700f5,0x25,0x11a9,0x26,0x11a4,0x11a8,0x11a7,0x300f7,
0x11aa,0x0,0x400fa,0x11a9,0x11ab,0x11aa,0x200f8,0x11ab,
0x50051,0x1b,0x11ac,0xf65,0x1,0x500ae,0x25,0x11ad,
0x11ac,0x102,0x200f9,0x11aa,0x200f8,0x11aa,0x700f5,0x25,
0x11ae,0x26,0x11a6,0x11ad,0x11ab,0x300f7,0x11af,0x0,
0x400fa,0x11ae,0x11b0,0x11af,0x200f8,0x11b0,0x50051,0x1b,
0x11b1,0xf65,0x1,0x500b0,0x25,0x11b2,0x11b1,0x125,
0x200f9,0x11af,0x200f8,0x11af,0x700f5,0x25,0x11b3,0x26,
0x11aa,0x11b2,0x11b0,0x200f9,0x11a3,0x200f8,0x11a3,0x700f5,
0x25,0x11b4,0x2b,0x1190,0x11b3,0x11af,0x4007c,0x1c,
0x11b5,0xe82,0x500af,0x25,0x11b6,0x1087,0x21,0x300f7,
0x11b7,0x0,0x400fa,0x11b6,0x11b8,0x11b7,0x200f8,0x11b8,
0x500af,0x25,0x11b9,0x1087,0x107e,0x200f9,0x11b7,0x200f8,
0x11b7,0x700f5,0x25,0x11ba,0x2b,0x11a3,0x11b9,0x11b8,
0x400a8,0x25,0x11bb,0x11ba,0x300f7,0x11bc,0x0,0x400fa,
0x11bb,0x11bd,0x11bc,0x200f8,0x11bd,0x50051,0x1c,0x11be,
0xe01,0x1,0x500b1,0x25,0x11bf,0x11be,0x21,0x200f9,
0x11bc,0x200f8,0x11bc,0x700f5,0x25,0x11c0,0x2b,0x11b7,
0x11bf,0x11bd,0x400a8,0x25,0x11c1,0x11c0,0x300f7,0x11c2,
0x0,0x400fa,0x11c1,0x11c3,0x11c2,0x200f8,0x11c3,0x50051,
0x1c,0x11c4,0xe01,0x1,0x500af,0x25,0x11c5,0x11c4,
0x11b5,0x200f9,0x11c2,0x200f8,0x11c2,0x700f5,0x25,0x11c6,
0x2b,0x11bc,0x11c5,0x11c3,0x600a9,0x25,0x11c7,0x11c6,
0x11b4,0x26,0x600a9,0x1b,0x11c8,0x11c7,0x8f,0x1066,
0x200f9,0x107c,0x200f8,0x107c,0x700f5,0x1b,0x11c9,0x1066,
0x106a,0x11c8,0x11c2,0x4003d,0x1b,0x11ca,0xbd5,0x500c7,
0x1b,0x11cb,0x11ca,0x2c,0x500ab,0x25,0x11cc,0x11cb,
0x1d,0x300f7,0x11cd,0x0,0x400fa,0x11cc,0x11ce,0x11cd,
0x200f8,0x11ce,0x50080,0x1b,0x11cf,0xbd3,0x37,0x50080,
0x1b,0x11d0,0x11cf,0x11c9,0x60041,0x14f,0x11d1,0x18,
0x21,0x11d0,0x4003d,0x1b,0x11d2,0x11d1,0x500c7,0x1b,
0x11d3,0x11d2,0x126,0x500aa,0x25,0x11d4,0x11d3,0x1d,
0x200f9,0x11cd,0x200f8,0x11cd,0x700f5,0x25,0x11d5,0x26,
0x107c,0x11d4,0x11ce,0x300f7,0x11d6,0x0,0x400fa,0x11d5,
0x11d7,0x11d6,0x200f8,0x11d7,0x200f9,0xbdb,0x200f8,0x11d6,
0x50080,0x1b,0x11d8,0xbd3,0x37,0x50080,0x1b,0x11d9,
0x11d8,0x11c9,0x60041,0x14f,0x11da,0x18,0x21,0x11d9,
0x4003d,0x1b,0x11db,0x11da,0x50080,0x1b,0x11dc,0xbd3,
0x4d,0x60041,0x14f,0x11dd,0x18,0x21,0x11dc,0x4003d,
0x1b,0x11de,0x11dd,0x50082,0x1b,0x11df,0x46,0x11de,
0x500c7,0x1b,0x11e0,0x11db,0x34,0x500c2,0x1b,0x11e1,
0x11db,0x2f,0x500c7,0x1b,0x11e2,0x11e1,0x34,0x500c2,
0x1b,0x11e3,0x11db,0x37,0x500c7,0x1b,0x11e4,0x11e3,
0x34,0x60050,0xb5,0x11e5,0x11e0,0x11e2,0x11e4,0x60050,
0xb5,0x11e6,0x11df,0x11df,0x11df,0x50084,0xb5,0x11e7,
0x11e5,0x11e6,0x50086,0xb5,0x11e8,0x11e7,0xb6,0x500c2,
0x1b,0x11e9,0x11db,0x4a,0x40070,0x27,0x11ea,0x11e9,
0x50051,0x1b,0x11eb,0x11e8,0x0,0x50051,0x1b,0x11ec,
0x11e8,0x1,0x50051,0x1b,0x11ed,0x11e8,0x2,0x40070,
0x27,0x11ee,0x11eb,0x40070,0x27,0x11ef,0x11ec,0x40070,
0x27,0x11f0,0x11ed,0x70050,0x39,0x11f1,0x11ee,0x11ef,
0x11f0,0x11ea,0x50085,0x39,0x11f2,0x11f1,0x15d,0x500c7,
0x1b,0x11f3,0x1a5,0x31,0x500ab,0x25,0x11f4,0x11f3,
0x1d,0x300f7,0x11f5,0x0,0x400fa,0x11f4,0x11f6,0x11f5,
0x200f8,0x11f6,0x8004f,0x3b,0x11f7,0x11f2,0x11f2,0x0,
0x1,0x2,0x500bc,0x151,0x11f8,0x11f7,0x3c,0x50085,
0x3b,0x11f9,0x11f7,0x15f,0x50081,0x3b,0x11fa,0x11f7,
0x3e,0x50085,0x3b,0x11fb,0x11fa,0x161,0x7000c,0x3b,
0x11fc,0x1,0x1a,0x11fb,0x40,0x600a9,0x3b,0x11fd,
0x11f8,0x11f9,0x11fc,0x9004f,0x39,0x11fe,0x11f2,0x11fd,
0x4,0x5,0x6,0x3,0x200f9,0x11f5,0x200f8,0x11f5,
0x700f5,0x39,0x11ff,0x11f2,0x11d6,0x11fe,0x11f6,0x200f9,
0xbdb,0x200f8,0xbdb,0x1900f5,0x39,0x1200,0xe6,0xc5b,
0xc92,0xc88,0xe6,0xdce,0xe6,0xe15,0xe6,0xe2a,
0xe6,0xe4e,0xe76,0xe6c,0xe6,0xfa9,0xe6,0x1005,
0xe6,0x11d7,0x11ff,0x11f5,0x50051,0x27,0x1201,0x1200,
0x3,0x500b4,0x25,0x1202,0x1201,0x28,0x300f7,0x1203,
0x0,0x400fa,0x1202,0x1204,0x1203,0x200f8,0x1204,0x100fc,
0x200f8,0x1203,0x200f9,0xbd0,0x200f8,0xbd9,0x500c7,0x1b,
0x1205,0xbd6,0xbc,0x500ab,0x25,0x1206,0x1205,0x1d,
0x500c7,0x1b,0x1207,0xbd6,0x5e,0x500ab,0x25,0x1208,
0x1207,0x1d,0x300f7,0x1209,0x0,0x400fa,0x1206,0x120a,
0x120b,0x200f8,0x120b,0x600a9,0x27,0x120c,0x1208,0xbe,
0xbf,0x200f9,0x1209,0x200f8,0x120a,0x200f9,0x1209,0x200f8,
0x1209,0x700f5,0x27,0x120d,0xbd,0x120a,0x120c,0x120b,
0x300f7,0x120e,0x0,0x400fa,0x1206,0x120f,0x1210,0x200f8,
0x1210,0x600a9,0x27,0x1211,0x1208,0x80,0xc0,0x200f9,
0x120e,0x200f8,0x120f,0x200f9,0x120e,0x200f8,0x120e,0x700f5,
0x27,0x1212,0x78,0x120f,0x1211,0x1210,0x6000c,0x3b,
0x1213,0x1,0x45,0x198,0x50051,0x27,0x1214,0x1213,
0x1,0x7004f,0x29,0x1215,0x1213,0x1213,0x0,0x2,
0x6000c,0x27,0x1216,0x1,0x42,0x1215,0x7000c,0x27,
0x1217,0x1,0x50,0x1216,0xc1,0x7000c,0x27,0x1218,
0x1,0x19,0x1214,0x1217,0x50051,0x27,0x1219,0x1213,
0x0,0x50051,0x27,0x121a,0x1213,0x2,0x4007f,0x27,
0x121b,0x121a,0x7000c,0x27,0x121c,0x1,0x19,0x1219,
0x121b,0x50085,0x27,0x121d,0x121c,0xc3,0x50081,0x27,
0x121e,0xc2,0x121d,0x50085,0x27,0x121f,0x1218,0xc3,
0x50083,0x27,0x1220,0x120d,0x121f,0x7000c,0x27,0x1221,
0x1,0x50,0x28,0x1220,0x50050,0x29,0x1222,0x121e,
0x1221,0x50085,0x27,0x1223,0x1212,0x16a,0x7000c,0x27,
0x1224,0x1,0x4f,0xc4,0x1223,0x4007f,0x27,0x1225,
0x1218,0x8000c,0x27,0x1226,0x1,0x31,0x28,0x1224,
0x1225,0x500b8,0x25,0x1227,0x1226,0x66,0x300f7,0x1228,
0x0,0x400fa,0x1227,0x1229,0x122a,0x200f8,0x122a,0x200f9,
0x1228,0x200f8,0x1229,0x300f7,0x122b,0x0,0x300fb,0x1d,
0x122c,0x200f8,0x122c,0x50080,0x1b,0x122d,0xbd3,0x31,
0x60041,0x14f,0x122e,0x18,0x21,0x122d,0x4003d,0x1b,
0x122f,0x122e,0x50080,0x1b,0x1230,0xbd3,0x52,0x60041,
0x14f,0x1231,0x18,0x21,0x1230,0x4003d,0x1b,0x1232,
0x1231,0x50080,0x1b,0x1233,0xbd3,0x2f,0x60041,0x14f,
0x1234,0x18,0x21,0x1233,0x4003d,0x1b,0x1235,0x1234,
0x500ab,0x25,0x1236,0x1235,0x1d,0x600a9,0x1c,0x1237,
0x1236,0x44,0xde,0x4007c,0x1b,0x1238,0x1237,0x6000c,
0x29,0x1239,0x1,0x8,0x1222,0x4006e,0x59,0x123a,
0x1239,0x4003d,0x1b,0x123b,0xbd5,0x500c7,0x1b,0x123c,
0x123b,0xe0,0x500ab,0x25,0x123d,0x123c,0x1d,0x300f7,
0x123e,0x0,0x400fa,0x123d,0x123f,0x123e,0x200f8,0x123f,
0x500c7,0x1b,0x1240,0x122f,0x31,0x500ab,0x25,0x1241,
0x1240,0x1d,0x600a9,0x1c,0x1242,0x1241,0xe1,0xe2,
0x4007c,0x1b,0x1243,0x1242,0x50084,0x1b,0x1244,0x1243,
0x1238,0x50082,0x1b,0x1245,0x1244,0x2c,0x40070,0x27,
0x1246,0x1245,0x50080,0x1b,0x1247,0xbd3,0x24,0x60041,
0x14f,0x1248,0x18,0x21,0x1247,0x4003d,0x1b,0x1249,
0x1248,0x4007c,0x1c,0x124a,0x1249,0x4006f,0x27,0x124b,
0x124a,0x50083,0x27,0x124c,0x1246,0x124b,0x7000c,0x27,
0x124d,0x1,0x50,0xe3,0x124c,0x8000c,0x27,0x124e,
0x1,0x2b,0xdf,0x28,0x124d,0x50050,0x29,0x124f,
0x178,0x124e,0x6000c,0x29,0x1250,0x1,0x8,0x124f,
0x4006e,0x59,0x1251,0x1250,0x200f9,0x123e,0x200f8,0x123e,
0x700f5,0x59,0x1252,0x123a,0x122c,0x1251,0x123f,0x4003d,
0x1b,0x1253,0xbd5,0x500c7,0x1b,0x1254,0x1253,0x4e,
0x500ab,0x25,0x1255,0x1254,0x1d,0x300f7,0x1256,0x0,
0x400fa,0x1255,0x1257,0x1256,0x200f8,0x1257,0x6000c,0x29,
0x1258,0x1,0x8,0x179,0x4006e,0x59,0x1259,0x1258,
0x200f9,0x1256,0x200f8,0x1256,0x700f5,0x59,0x125a,0x1252,
0x123e,0x1259,0x1257,0x50051,0x1c,0x125b,0x125a,0x1,
0x50051,0x1c,0x125c,0x125a,0x0,0x4003d,0x1b,0x125d,
0xbd5,0x500c7,0x1b,0x125e,0x125d,0x37,0x500ab,0x25,
0x125f,0x125e,0x1d,0x300f7,0x1260,0x0,0x400fa,0x125f,
0x1261,0x1260,0x200f8,0x1261,0x500af,0x25,0x1262,0x125b,
0x21,0x300f7,0x1263,0x0,0x400fa,0x1262,0x1264,0x1263,
0x200f8,0x1264,0x500af,0x25,0x1265,0x125b,0x5b,0x200f9,
0x1263,0x200f8,0x1263,0x700f5,0x25,0x1266,0x2b,0x1261,
0x1265,0x1264,0x200f9,0x1260,0x200f8,0x1260,0x700f5,0x25,
0x1267,0x26,0x1256,0x1266,0x1263,0x300f7,0x1268,0x0,
0x400fa,0x1267,0x1269,0x1268,0x200f8,0x1269,0x200f9,0x122b,
0x200f8,0x1268,0x50080,0x1b,0x126a,0xbd3,0x8f,0x60041,
0x14f,0x126b,0x18,0x21,0x126a,0x4003d,0x1b,0x126c,
0x126b,0x500ab,0x25,0x126d,0x126c,0x1d,0x300f7,0x126e,
0x0,0x400fa,0x126d,0x126f,0x126e,0x200f8,0x126f,0x500af,
0x25,0x1270,0x125c,0x21,0x300f7,0x1271,0x0,0x400fa,
0x1270,0x1272,0x1271,0x200f8,0x1272,0x500af,0x25,0x1273,
0x125c,0xe7,0x200f9,0x1271,0x200f8,0x1271,0x700f5,0x25,
0x1274,0x2b,0x126f,0x1273,0x1272,0x200f9,0x126e,0x200f8,
0x126e,0x700f5,0x25,0x1275,0x26,0x1268,0x1274,0x1271,
0x300f7,0x1276,0x0,0x400fa,0x1275,0x1277,0x1276,0x200f8,
0x1277,0x4003d,0x1b,0x1278,0x126b,0x50080,0x1b,0x1279,
0xbd3,0x1278,0x50080,0x1b,0x127a,0x46,0x1279,0x60041,
0x14f,0x127b,0x18,0x21,0x127a,0x4003d,0x1b,0x127c,
0x127b,0x50080,0x1b,0x127d,0xbd3,0x4d,0x60041,0x14f,
0x127e,0x18,0x21,0x127d,0x4003d,0x1b,0x127f,0x127e,
0x50082,0x1b,0x1280,0x46,0x127f,0x500c7,0x1b,0x1281,
0x127c,0x34,0x500c2,0x1b,0x1282,0x127c,0x2f,0x500c7,
0x1b,0x1283,0x1282,0x34,0x500c2,0x1b,0x1284,0x127c,
0x37,0x500c7,0x1b,0x1285,0x1284,0x34,0x60050,0xb5,
0x1286,0x1281,0x1283,0x1285,0x60050,0xb5,0x1287,0x1280,
0x1280,0x1280,0x50084,0xb5,0x1288,0x1286,0x1287,0x50086,
0xb5,0x1289,0x1288,0xb6,0x500c2,0x1b,0x128a,0x127c,
0x4a,0x40070,0x27,0x128b,0x128a,0x50051,0x1b,0x128c,
0x1289,0x0,0x50051,0x1b,0x128d,0x1289,0x1,0x50051,
0x1b,0x128e,0x1289,0x2,0x40070,0x27,0x128f,0x128c,
0x40070,0x27,0x1290,0x128d,0x40070,0x27,0x1291,0x128e,
0x70050,0x39,0x1292,0x128f,0x1290,0x1291,0x128b,0x50085,
0x39,0x1293,0x1292,0x15d,0x500c7,0x1b,0x1294,0x1a5,
0x31,0x500ab,0x25,0x1295,0x1294,0x1d,0x300f7,0x1296,
0x0,0x400fa,0x1295,0x1297,0x1296,0x200f8,0x1297,0x8004f,
0x3b,0x1298,0x1293,0x1293,0x0,0x1,0x2,0x500bc,
0x151,0x1299,0x1298,0x3c,0x50085,0x3b,0x129a,0x1298,
0x15f,0x50081,0x3b,0x129b,0x1298,0x3e,0x50085,0x3b,
0x129c,0x129b,0x161,0x7000c,0x3b,0x129d,0x1,0x1a,
0x129c,0x40,0x600a9,0x3b,0x129e,0x1299,0x129a,0x129d,
0x9004f,0x39,0x129f,0x1293,0x129e,0x4,0x5,0x6,
0x3,0x200f9,0x1296,0x200f8,0x1296,0x700f5,0x39,0x12a0,
0x1293,0x1277,0x129f,0x1297,0x200f9,0x122b,0x200f8,0x1276,
0x50080,0x1b,0x12a1,0xbd3,0x22,0x60041,0x14f,0x12a2,
0x18,0x21,0x12a1,0x4003d,0x1b,0x12a3,0x12a2,0x4007c,
0x1c,0x12a4,0x12a3,0x500ad,0x25,0x12a5,0x12a4,0x30,
0x300f7,0x12a6,0x0,0x400fa,0x12a5,0x12a7,0x12a6,0x200f8,
0x12a7,0x50050,0x59,0x12a8,0x12a4,0x12a4,0x5008a,0x59,
0x12a9,0x125a,0x12a8,0x50080,0x59,0x12aa,0x12a9,0x12a8,
0x5008a,0x59,0x12ab,0x12aa,0x12a8,0x50082,0x59,0x12ac,
0x125a,0x12ab,0x200f9,0x12a6,0x200f8,0x12a6,0x700f5,0x59,
0x12ad,0x125a,0x1276,0x12ac,0x12a7,0x50080,0x1b,0x12ae,
0xbd3,0x33,0x60041,0x14f,0x12af,0x18,0x21,0x12ae,
0x4003d,0x1b,0x12b0,0x12af,0x4007c,0x1c,0x12b1,0x12b0,
0x50080,0x1b,0x12b2,0xbd3,0x24,0x60041,0x14f,0x12b3,
0x18,0x21,0x12b2,0x4003d,0x1b,0x12b4,0x12b3,0x4007c,
0x1c,0x12b5,0x12b4,0x50050,0x59,0x12b6,0x12b1,0x12b5,
0x50080,0x1b,0x12b7,0xbd3,0x23,0x60041,0x14f,0x12b8,
0x18,0x21,0x12b7,0x4003d,0x1b,0x12b9,0x12b8,0x500c7,
0x1b,0x12ba,0x12b9,0x2c,0x500ab,0x25,0x12bb,0x12ba,
0x1d,0x300f7,0x12bc,0x0,0x400fa,0x12bb,0x12bd,0x12bc,
0x200f8,0x12bd,0x50051,0x1c,0x12be,0x12ad,0x1,0x500af,
0x25,0x12bf,0x12be,0x21,0x200f9,0x12bc,0x200f8,0x12bc,
0x700f5,0x25,0x12c0,0x26,0x12a6,0x12bf,0x12bd,0x300f7,
0x12c1,0x0,0x400fa,0x12c0,0x12c2,0x12c1,0x200f8,0x12c2,
0x50051,0x1c,0x12c3,0x12ad,0x1,0x500b1,0x25,0x12c4,
0x12c3,0x5b,0x200f9,0x12c1,0x200f8,0x12c1,0x700f5,0x25,
0x12c5,0x26,0x12bc,0x12c4,0x12c2,0x300f7,0x12c6,0x0,
0x400fa,0x12c5,0x12c7,0x12c6,0x200f8,0x12c7,0x50080,0x1b,
0x12c8,0xbd3,0x16d,0x50051,0x1c,0x12c9,0x12ad,0x1,
0x4007c,0x1b,0x12ca,0x12c9,0x50080,0x1b,0x12cb,0x12c8,
0x12ca,0x60041,0x14f,0x12cc,0x18,0x21,0x12cb,0x4003d,
0x1b,0x12cd,0x12cc,0x4007c,0x1c,0x12ce,0x12cd,0x60052,
0x59,0x12cf,0x12ce,0x12b6,0x0,0x200f9,0x12c6,0x200f8,
0x12c6,0x700f5,0x59,0x12d0,0x12b6,0x12c1,0x12cf,0x12c7,
0x500c7,0x1b,0x12d1,0x12b9,0x31,0x500ab,0x25,0x12d2,
0x12d1,0x1d,0x300f7,0x12d3,0x0,0x400fa,0x12d2,0x12d4,
0x12d3,0x200f8,0x12d4,0x50080,0x1b,0x12d5,0xbd3,0x16e,
0x50051,0x1c,0x12d6,0x12ad,0x1,0x8000c,0x1c,0x12d7,
0x1,0x2d,0x12d6,0x21,0xe9,0x4007c,0x1b,0x12d8,
0x12d7,0x50080,0x1b,0x12d9,0x12d5,0x12d8,0x60041,0x14f,
0x12da,0x18,0x21,0x12d9,0x4003d,0x1b,0x12db,0x12da,
0x4007c,0x1c,0x12dc,0x12db,0x60052,0x59,0x12dd,0x12dc,
0x12d0,0x1,0x200f9,0x12d3,0x200f8,0x12d3,0x700f5,0x59,
0x12de,0x12d0,0x12c6,0x12dd,0x12d4,0x50080,0x1b,0x12df,
0xbd3,0x4c,0x60041,0x14f,0x12e0,0x18,0x21,0x12df,
0x4003d,0x1b,0x12e1,0x12e0,0x500ab,0x25,0x12e2,0x12e1,
0x1d,0x300f7,0x12e3,0x0,0x400fa,0x12e2,0x12e4,0x12e3,
0x200f8,0x12e4,0x50051,0x1c,0x12e5,0x12ad,0x0,0x4003d,
0x1b,0x12e6,0x12af,0x4007c,0x1c,0x12e7,0x12e6,0x500c7,
0x1c,0x12e8,0x12e7,0xbb,0x50080,0x1c,0x12e9,0x12e5,
0x12e8,0x50051,0x1c,0x12ea,0x12de,0x1,0x300f7,0x12eb,
0x0,0x300fb,0x1d,0x12ec,0x200f8,0x12ec,0x50041,0x177,
0x12ed,0xa,0x35,0x4003d,0x27,0x12ee,0x12ed,0x500b6,
0x25,0x12ef,0x12ee,0x28,0x300f7,0x12f0,0x0,0x400fa,
0x12ef,0x12f1,0x12f0,0x200f8,0x12f1,0x50041,0x177,0x12f2,
0xa,0x21,0x4003d,0x27,0x12f3,0x12f2,0x50041,0x177,
0x12f4,0xa,0x30,0x4003d,0x27,0x12f5,0x12f4,0x4006f,
0x27,0x12f6,0x12e9,0x50085,0x27,0x12f7,0x12f6,0x165,
0x50085,0x27,0x12f8,0x12f5,0x12f7,0x50081,0x27,0x12f9,
0x12f3,0x12f8,0x6000c,0x27,0x12fa,0x1,0x6,0x12f9,
0x4006e,0x1c,0x12fb,0x12fa,0x4006f,0x27,0x12fc,0x12fb,
0x6000c,0x27,0x12fd,0x1,0x4,0x12f9,0x50081,0x27,
0x12fe,0x12fd,0x68,0x6000c,0x27,0x12ff,0x1,0x8,
0x12fe,0x50085,0x27,0x1300,0x12fc,0x12ff,0x4006e,0x1c,
0x1301,0x1300,0x500c7,0x1c,0x1302,0x1301,0x132,0x200f9,
0x12eb,0x200f8,0x12f0,0x500af,0x25,0x1303,0x12e9,0x21,
0x300f7,0x1304,0x0,0x400fa,0x1303,0x1305,0x1306,0x200f8,
0x1306,0x50082,0x1c,0x1307,0xbb,0x12e9,0x50087,0x1c,
0x1308,0x1307,0x16f,0x200f9,0x1304,0x200f8,0x1305,0x50087,
0x1c,0x1309,0x12e9,0xde,0x200f9,0x1304,0x200f8,0x1304,
0x700f5,0x1c,0x130a,0x1309,0x1305,0x1308,0x1306,0x500af,
0x25,0x130b,0x130a,0x30,0x300f7,0x130c,0x0,0x400fa,
0x130b,0x130d,0x130c,0x200f8,0x130d,0x500b3,0x25,0x130e,
0x130a,0xe2,0x200f9,0x130c,0x200f8,0x130c,0x700f5,0x25,
0x130f,0x26,0x1304,0x130e,0x130d,0x300f7,0x1310,0x0,
0x400fa,0x130f,0x1311,0x1310,0x200f8,0x1311,0x50082,0x1c,
0x1312,0x130a,0x30,0x4007c,0x1b,0x1313,0x1312,0x50080,
0x1b,0x1314,0x133,0x1313,0x50084,0x1b,0x1315,0x1314,
0x31,0x500c7,0x1b,0x1316,0x1315,0x43,0x50080,0x1b,
0x1317,0xbd3,0xdd,0x500c2,0x1b,0x1318,0x1316,0x31,
0x50080,0x1b,0x1319,0x1317,0x1318,0x60041,0x14f,0x131a,
0x18,0x21,0x1319,0x4003d,0x1b,0x131b,0x131a,0x500c7,
0x1b,0x131c,0x1315,0x33,0x50084,0x1b,0x131d,0x131c,
0x2f,0x500c7,0x1b,0x131e,0x131d,0x32,0x500c2,0x1b,
0x131f,0x131b,0x131e,0x500c7,0x1b,0x1320,0x131f,0x34,
0x50080,0x1b,0x1321,0x1315,0x2c,0x500c7,0x1b,0x1322,
0x1321,0x43,0x500c2,0x1b,0x1323,0x1322,0x31,0x50080,
0x1b,0x1324,0x1317,0x1323,0x60041,0x14f,0x1325,0x18,
0x21,0x1324,0x4003d,0x1b,0x1326,0x1325,0x500c7,0x1b,
0x1327,0x1321,0x33,0x50084,0x1b,0x1328,0x1327,0x2f,
0x500c7,0x1b,0x1329,0x1328,0x32,0x500c2,0x1b,0x132a,
0x1326,0x1329,0x500c7,0x1b,0x132b,0x132a,0x34,0x500c4,
0x1b,0x132c,0x132b,0x2f,0x500c5,0x1b,0x132d,0x1320,
0x132c,0x500c7,0x1b,0x132e,0x132d,0xe8,0x500ab,0x25,
0x132f,0x132e,0x1d,0x300f7,0x1330,0x0,0x400fa,0x132f,
0x1331,0x1332,0x200f8,0x1332,0x200f9,0x1330,0x200f8,0x1331,
0x500c7,0x1b,0x1333,0x132d,0x134,0x4007c,0x1c,0x1334,
0x1333,0x200f9,0x1330,0x200f8,0x1330,0x700f5,0x1c,0x1335,
0x1334,0x1331,0x12ea,0x1332,0x200f9,0x12eb,0x200f8,0x1310,
0x200f9,0x1336,0x200f8,0x1336,0x700f5,0x1c,0x1337,0x47,
0x1310,0x1338,0x1339,0x700f5,0x1c,0x133a,0x47,0x1310,
0x133b,0x1339,0x700f5,0x1c,0x133c,0x21,0x1310,0x133d,
0x1339,0x500b1,0x25,0x133e,0x133c,0xe2,0x400f6,0x133f,
0x1339,0x0,0x400fa,0x133e,0x1340,0x133f,0x200f8,0x1340,
0x4007c,0x1b,0x1341,0x133c,0x50080,0x1b,0x1342,0x133,
0x1341,0x50084,0x1b,0x1343,0x1342,0x31,0x500c7,0x1b,
0x1344,0x1343,0x43,0x50080,0x1b,0x1345,0xbd3,0xdd,
0x500c2,0x1b,0x1346,0x1344,0x31,0x50080,0x1b,0x1347,
0x1345,0x1346,0x60041,0x14f,0x1348,0x18,0x21,0x1347,
0x4003d,0x1b,0x1349,0x1348,0x500c7,0x1b,0x134a,0x1343,
0x33,0x50084,0x1b,0x134b,0x134a,0x2f,0x500c7,0x1b,
0x134c,0x134b,0x32,0x500c2,0x1b,0x134d,0x1349,0x134c,
0x500c7,0x1b,0x134e,0x134d,0x34,0x50080,0x1b,0x134f,
0x1343,0x2c,0x500c7,0x1b,0x1350,0x134f,0x43,0x500c2,
0x1b,0x1351,0x1350,0x31,0x50080,0x1b,0x1352,0x1345,
0x1351,0x60041,0x14f,0x1353,0x18,0x21,0x1352,0x4003d,
0x1b,0x1354,0x1353,0x500c7,0x1b,0x1355,0x134f,0x33,
0x50084,0x1b,0x1356,0x1355,0x2f,0x500c7,0x1b,0x1357,
0x1356,0x32,0x500c2,0x1b,0x1358,0x1354,0x1357,0x500c7,
0x1b,0x1359,0x1358,0x34,0x500c4,0x1b,0x135a,0x1359,
0x2f,0x500c5,0x1b,0x135b,0x134e,0x135a,0x50041,0x14a,
0x135c,0x180,0x133c,0x3003e,0x135c,0x135b,0x4003d,0x1b,
0x135d,0x135c,0x500c7,0x1b,0x135e,0x135d,0xe8,0x500ab,
0x25,0x135f,0x135e,0x1d,0x300f7,0x1360,0x0,0x400fa,
0x135f,0x1361,0x1360,0x200f8,0x1361,0x500b1,0x25,0x1362,
0x133a,0x21,0x600a9,0x1c,0x1363,0x1362,0x133c,0x133a,
0x200f9,0x1360,0x200f8,0x1360,0x700f5,0x1c,0x133b,0x133a,
0x1340,0x1363,0x1361,0x600a9,0x1c,0x1338,0x135f,0x133c,
0x1337,0x200f9,0x1339,0x200f8,0x1339,0x50080,0x1c,0x133d,
0x133c,0x30,0x200f9,0x1336,0x200f8,0x133f,0x500b3,0x25,
0x1364,0x130a,0x21,0x600a9,0x1c,0x1365,0x1364,0x21,
0x45,0x50041,0x14a,0x1366,0x180,0x1365,0x4003d,0x1b,
0x1367,0x1366,0x500c7,0x1b,0x1368,0x1367,0xe8,0x500aa,
0x25,0x1369,0x1368,0x1d,0x300f7,0x136a,0x0,0x400fa,
0x1369,0x136b,0x136a,0x200f8,0x136b,0x200f9,0x12eb,0x200f8,
0x136a,0x500af,0x25,0x136c,0x133a,0x21,0x300f7,0x136d,
0x0,0x400fa,0x136c,0x136e,0x136d,0x200f8,0x136e,0x500ab,
0x25,0x136f,0x1337,0x133a,0x200f9,0x136d,0x200f8,0x136d,
0x700f5,0x25,0x1370,0x26,0x136a,0x136f,0x136e,0x300f7,
0x1371,0x0,0x400fa,0x1370,0x1372,0x1371,0x200f8,0x1372,
0x50041,0x14a,0x1373,0x180,0x1337,0x4003d,0x1b,0x1374,
0x1373,0x500c7,0x1b,0x1375,0x1374,0x134,0x4007c,0x1c,
0x1376,0x1375,0x50041,0x14a,0x1377,0x180,0x133a,0x4003d,
0x1b,0x1378,0x1377,0x500c7,0x1b,0x1379,0x1378,0x134,
0x4007c,0x1c,0x137a,0x1379,0x50082,0x1c,0x137b,0x1376,
0x137a,0x500c7,0x1c,0x137c,0x137b,0x132,0x500ad,0x25,
0x137d,0x137c,0x135,0x300f7,0x137e,0x0,0x400fa,0x137d,
0x137f,0x137e,0x200f8,0x137f,0x50082,0x1c,0x1380,0x137c,
0x136,0x200f9,0x137e,0x200f8,0x137e,0x700f5,0x1c,0x1381,
0x137c,0x1372,0x1380,0x137f,0x50082,0x1c,0x1382,0x1337,
0x133a,0x200f9,0x1371,0x200f8,0x1371,0x700f5,0x1c,0x1383,
0x30,0x136d,0x1382,0x137e,0x700f5,0x1c,0x1384,0x21,
0x136d,0x1381,0x137e,0x300f7,0x1385,0x0,0x400fa,0x1364,
0x1386,0x1387,0x200f8,0x1387,0x50082,0x1c,0x1388,0x130a,
0xe2,0x200f9,0x1385,0x200f8,0x1386,0x50080,0x1c,0x1389,
0x130a,0x30,0x7000c,0x1c,0x138a,0x1,0x27,0x1389,
0x21,0x200f9,0x1385,0x200f8,0x1385,0x700f5,0x1c,0x138b,
0x138a,0x1386,0x1388,0x1387,0x4003d,0x1b,0x138c,0x1366,
0x500c7,0x1b,0x138d,0x138c,0x134,0x4007c,0x1c,0x138e,
0x138d,0x50084,0x1c,0x138f,0x1384,0x138b,0x50087,0x1c,
0x1390,0x138f,0x1383,0x50080,0x1c,0x1391,0x138e,0x1390,
0x500c7,0x1c,0x1392,0x1391,0x132,0x200f9,0x12eb,0x200f8,
0x12eb,0xb00f5,0x1c,0x1393,0x1302,0x12f1,0x1335,0x1330,
0x12ea,0x136b,0x1392,0x1385,0x60052,0x59,0x1394,0x1393,
0x12de,0x1,0x200f9,0x12e3,0x200f8,0x12e3,0x700f5,0x59,
0x1395,0x12de,0x12d3,0x1394,0x12eb,0x50080,0x59,0x1396,
0x12ad,0x1395,0x50080,0x1b,0x1397,0xbd3,0xb4,0x60041,
0x14f,0x1398,0x18,0x21,0x1397,0x4003d,0x1b,0x1399,
0x1398,0x500c7,0x1b,0x139a,0x1399,0x58,0x500ab,0x25,
0x139b,0x139a,0x1d,0x300f7,0x139c,0x0,0x400fa,0x139b,
0x139d,0x139c,0x200f8,0x139d,0x300f7,0x139e,0x0,0x300fb,
0x1d,0x139f,0x200f8,0x139f,0x70041,0x158,0x13a0,0x16,
0x21,0x21,0x1e,0x4003d,0x27,0x13a1,0x13a0,0x70041,
0x158,0x13a2,0x16,0x21,0x30,0x1e,0x4003d,0x27,
0x13a3,0x13a2,0x70041,0x158,0x13a4,0x16,0x21,0x35,
0x1e,0x4003d,0x27,0x13a5,0x13a4,0x60050,0x3b,0x13a6,
0x13a1,0x13a3,0x13a5,0x70041,0x158,0x13a7,0x16,0x21,
0x21,0x21,0x4003d,0x27,0x13a8,0x13a7,0x70041,0x158,
0x13a9,0x16,0x21,0x30,0x21,0x4003d,0x27,0x13aa,
0x13a9,0x70041,0x158,0x13ab,0x16,0x21,0x35,0x21,
0x4003d,0x27,0x13ac,0x13ab,0x60050,0x3b,0x13ad,0x13a8,
0x13aa,0x13ac,0x50094,0x27,0x13ae,0x13ad,0x13a6,0x70041,
0x158,0x13af,0x16,0x21,0x21,0x30,0x4003d,0x27,
0x13b0,0x13af,0x70041,0x158,0x13b1,0x16,0x21,0x30,
0x30,0x4003d,0x27,0x13b2,0x13b1,0x70041,0x158,0x13b3,
0x16,0x21,0x35,0x30,0x4003d,0x27,0x13b4,0x13b3,
0x60050,0x3b,0x13b5,0x13b0,0x13b2,0x13b4,0x50094,0x27,
0x13b6,0x13b5,0x13a6,0x70041,0x158,0x13b7,0x16,0x21,
0x21,0x35,0x4003d,0x27,0x13b8,0x13b7,0x70041,0x158,
0x13b9,0x16,0x21,0x30,0x35,0x4003d,0x27,0x13ba,
0x13b9,0x70041,0x158,0x13bb,0x16,0x21,0x35,0x35,
0x4003d,0x27,0x13bc,0x13bb,0x60050,0x3b,0x13bd,0x13b8,
0x13ba,0x13bc,0x50094,0x27,0x13be,0x13bd,0x13a6,0x60050,
0x3b,0x13bf,0x13ae,0x13b6,0x13be,0x4007f,0x3b,0x13c0,
0x13bf,0x500be,0x25,0x13c1,0x13be,0x28,0x300f7,0x13c2,
0x0,0x400fa,0x13c1,0x13c3,0x13c2,0x200f8,0x13c3,0x200f9,
0x139e,0x200f8,0x13c2,0x50051,0x27,0x13c4,0x13c0,0x2,
0x50083,0x27,0x13c5,0x137,0x13c4,0x50088,0x27,0x13c6,
0x13c5,0x13be,0x7004f,0x29,0x13c7,0x13c0,0x13c0,0x0,
0x1,0x7004f,0x29,0x13c8,0x13bf,0x13bf,0x0,0x1,
0x5008e,0x29,0x13c9,0x13c8,0x13c6,0x50081,0x29,0x13ca,
0x13c7,0x13c9,0x500ba,0x25,0x13cb,0x13c6,0x28,0x300f7,
0x13cc,0x0,0x400fa,0x13cb,0x13cd,0x13cc,0x200f8,0x13cd,
0x50051,0x27,0x13ce,0x13ca,0x0,0x6000c,0x27,0x13cf,
0x1,0x4,0x13ce,0x500b8,0x25,0x13d0,0x13cf,0x66,
0x200f9,0x13cc,0x200f8,0x13cc,0x700f5,0x25,0x13d1,0x26,
0x13c2,0x13d0,0x13cd,0x300f7,0x13d2,0x0,0x400fa,0x13d1,
0x13d3,0x13d2,0x200f8,0x13d3,0x50051,0x27,0x13d4,0x13ca,
0x1,0x6000c,0x27,0x13d5,0x1,0x4,0x13d4,0x500b8,
0x25,0x13d6,0x13d5,0x138,0x200f9,0x13d2,0x200f8,0x13d2,
0x700f5,0x25,0x13d7,0x26,0x13cc,0x13d6,0x13d3,0x200f9,
0x139e,0x200f8,0x139e,0x700f5,0x25,0x13d8,0x26,0x13c3,
0x13d7,0x13d2,0x300f7,0x13d9,0x0,0x400fa,0x13d8,0x13da,
0x13d9,0x200f8,0x13da,0x200f9,0x122b,0x200f8,0x13d9,0x50051,
0x1c,0x13db,0x1396,0x0,0x4007c,0x1b,0x13dc,0x13db,
0x500c2,0x1b,0x13dd,0x13dc,0x52,0x50084,0x1b,0x13de,
0x13dd,0xea,0x50051,0x1c,0x13df,0x1396,0x1,0x4007c,
0x1b,0x13e0,0x13df,0x500c2,0x1b,0x13e1,0x13e0,0x52,
0x50084,0x1b,0x13e2,0x13e1,0xeb,0x500c6,0x1b,0x13e3,
0x13de,0x13e2,0x500c2,0x1b,0x13e4,0x13e3,0x37,0x500c6,
0x1b,0x13e5,0x13e3,0x13e4,0x50084,0x1b,0x13e6,0x13e5,
0xec,0x500c2,0x1b,0x13e7,0x13e6,0x46,0x500c6,0x1b,
0x13e8,0x13e6,0x13e7,0x500c2,0x1b,0x13e9,0x13e8,0x33,
0x50089,0x1b,0x13ea,0x13e9,0x33,0x500c7,0x1b,0x13eb,
0x13e8,0xb4,0x50084,0x1b,0x13ec,0x13eb,0x4e,0x500c7,
0x1c,0x13ed,0x13db,0x45,0x4007c,0x1b,0x13ee,0x13ed,
0x50080,0x1b,0x13ef,0x13ec,0x13ee,0x4007c,0x1c,0x13f0,
0x13ef,0x500aa,0x25,0x13f1,0x13ea,0x1d,0x300f7,0x13f2,
0x0,0x400fa,0x13f1,0x13f3,0x13f4,0x200f8,0x13f4,0x50084,
0x1b,0x13f5,0x13ea,0x4e,0x50080,0x1b,0x13f6,0xb8,
0x13f5,0x200f9,0x13f2,0x200f8,0x13f3,0x200f9,0x13f2,0x200f8,
0x13f2,0x700f5,0x1b,0x13f7,0x1d,0x13f3,0x13f6,0x13f4,
0x500c7,0x1c,0x13f8,0x13df,0x45,0x4007c,0x1b,0x13f9,
0x13f8,0x50080,0x1b,0x13fa,0x13f7,0x13f9,0x4007c,0x1c,
0x13fb,0x13fa,0x50050,0x59,0x13fc,0x13f0,0x13fb,0x200f9,
0x139c,0x200f8,0x139c,0x700f5,0x59,0x13fd,0x1396,0x12e3,
0x13fc,0x13f2,0x4003d,0x1b,0x13fe,0xbd5,0x500c7,0x1b,
0x13ff,0x13fe,0x5f,0x500ab,0x25,0x1400,0x13ff,0x1d,
0x300f7,0x1401,0x0,0x400fa,0x1400,0x1402,0x1401,0x200f8,
0x1402,0x50051,0x1c,0x1403,0x13fd,0x1,0x500c7,0x1b,
0x1404,0x122f,0x31,0x500ab,0x25,0x1405,0x1404,0x1d,
0x600a9,0x1c,0x1406,0x1405,0xe1,0xe2,0x4007c,0x1b,
0x1407,0x1406,0x50084,0x1b,0x1408,0x1407,0x1238,0x4007c,
0x1c,0x1409,0x1408,0x50082,0x1c,0x140a,0x1409,0x30,
0x8000c,0x1c,0x140b,0x1,0x2d,0x1403,0x21,0x140a,
0x60052,0x59,0x140c,0x140b,0x13fd,0x1,0x200f9,0x1401,
0x200f8,0x1401,0x700f5,0x59,0x140d,0x13fd,0x139c,0x140c,
0x1402,0x4003d,0x1b,0x140e,0xbd5,0x500c7,0x1b,0x140f,
0x140e,0x31,0x500ab,0x25,0x1410,0x140f,0x1d,0x300f7,
0x1411,0x0,0x400fa,0x1410,0x1412,0x1411,0x200f8,0x1412,
0x50051,0x1c,0x1413,0x140d,0x0,0x500af,0x25,0x1414,
0x1413,0x21,0x300f7,0x1415,0x0,0x400fa,0x1414,0x1416,
0x1415,0x200f8,0x1416,0x500c7,0x1b,0x1417,0x122f,0x2c,
0x500ab,0x25,0x1418,0x1417,0x1d,0x600a9,0x1c,0x1419,
0x1418,0xe1,0xe2,0x4007c,0x1b,0x141a,0x1419,0x50084,
0x1b,0x141b,0x141a,0x1238,0x4007c,0x1c,0x141c,0x141b,
0x500af,0x25,0x141d,0x1413,0x141c,0x200f9,0x1415,0x200f8,
0x1415,0x700f5,0x25,0x141e,0x2b,0x1412,0x141d,0x1416,
0x200f9,0x1411,0x200f8,0x1411,0x700f5,0x25,0x141f,0x26,
0x1401,0x141e,0x1415,0x300f7,0x1420,0x0,0x400fa,0x141f,
0x1421,0x1420,0x200f8,0x1421,0x200f9,0x122b,0x200f8,0x1420,
0x4003d,0x1b,0x1422,0xbd5,0x500c2,0x1b,0x1423,0x1422,
0x2f,0x500c7,0x1b,0x1424,0x1423,0x43,0x500aa,0x25,
0x1425,0x1424,0x58,0x300f7,0x1426,0x0,0x400fa,0x1425,
0x1427,0x1426,0x200f8,0x1427,0x50051,0x1c,0x1428,0x140d,
0x1,0x500af,0x25,0x1429,0x1428,0x21,0x300f7,0x142a,
0x0,0x400fa,0x1429,0x142b,0x142a,0x200f8,0x142b,0x500c7,
0x1b,0x142c,0x122f,0x31,0x500ab,0x25,0x142d,0x142c,
0x1d,0x600a9,0x1c,0x142e,0x142d,0xe1,0xe2,0x4007c,
0x1b,0x142f,0x142e,0x50084,0x1b,0x1430,0x142f,0x1238,
0x4007c,0x1c,0x1431,0x1430,0x500af,0x25,0x1432,0x1428,
0x1431,0x200f9,0x142a,0x200f8,0x142a,0x700f5,0x25,0x1433,
0x2b,0x1427,0x1432,0x142b,0x200f9,0x1426,0x200f8,0x1426,
0x700f5,0x25,0x1434,0x26,0x1420,0x1433,0x142a,0x300f7,
0x1435,0x0,0x400fa,0x1434,0x1436,0x1435,0x200f8,0x1436,
0x200f9,0x122b,0x200f8,0x1435,0x500ab,0x25,0x1437,0x1424,
0x1d,0x300f7,0x1438,0x0,0x400fa,0x1437,0x1439,0x1438,
0x200f8,0x1439,0x4007c,0x1c,0x143a,0x1424,0x500b1,0x25,
0x143b,0x125b,0x143a,0x200f9,0x1438,0x200f8,0x1438,0x700f5,
0x25,0x143c,0x26,0x1435,0x143b,0x1439,0x300f7,0x143d,
0x0,0x400fa,0x143c,0x143e,0x143d,0x200f8,0x143e,0x500af,
0x25,0x143f,0x125c,0x21,0x300f7,0x1440,0x0,0x400fa,
0x143f,0x1441,0x1440,0x200f8,0x1441,0x500af,0x25,0x1442,
0x125c,0xe7,0x200f9,0x1440,0x200f8,0x1440,0x700f5,0x25,
0x1443,0x2b,0x143e,0x1442,0x1441,0x200f9,0x143d,0x200f8,
0x143d,0x700f5,0x25,0x1444,0x26,0x1438,0x1443,0x1440,
0x300f7,0x1445,0x0,0x400fa,0x1444,0x1446,0x1445,0x200f8,
0x1446,0x50051,0x1c,0x1447,0x140d,0x0,0x500af,0x25,
0x1448,0x1447,0x21,0x300f7,0x1449,0x0,0x400fa,0x1448,
0x144a,0x1449,0x200f8,0x144a,0x500c7,0x1b,0x144b,0x122f,
0x2c,0x500ab,0x25,0x144c,0x144b,0x1d,0x600a9,0x1c,
0x144d,0x144c,0xe1,0xe2,0x4007c,0x1b,0x144e,0x144d,
0x50084,0x1b,0x144f,0x144e,0x1238,0x4007c,0x1c,0x1450,
0x144f,0x500af,0x25,0x1451,0x1447,0x1450,0x200f9,0x1449,
0x200f8,0x1449,0x700f5,0x25,0x1452,0x2b,0x1446,0x1451,
0x144a,0x200f9,0x1445,0x200f8,0x1445,0x700f5,0x25,0x1453,
0x26,0x143d,0x1452,0x1449,0x300f7,0x1454,0x0,0x400fa,
0x1453,0x1455,0x1454,0x200f8,0x1455,0x4003d,0x1b,0x1456,
0xbd5,0x500c7,0x1b,0x1457,0x1456,0x2c,0x500ab,0x25,
0x1458,0x1457,0x1d,0x300f7,0x1459,0x0,0x400fa,0x1458,
0x145a,0x1459,0x200f8,0x145a,0x200f9,0x122b,0x200f8,0x1459,
0x50080,0x1b,0x145b,0xbd3,0x37,0x50080,0x1b,0x145c,
0x145b,0x196,0x60041,0x14f,0x145d,0x18,0x21,0x145c,
0x4003d,0x1b,0x145e,0x145d,0x50080,0x1b,0x145f,0xbd3,
0x4d,0x60041,0x14f,0x1460,0x18,0x21,0x145f,0x4003d,
0x1b,0x1461,0x1460,0x50082,0x1b,0x1462,0x46,0x1461,
0x500c7,0x1b,0x1463,0x145e,0x34,0x500c2,0x1b,0x1464,
0x145e,0x2f,0x500c7,0x1b,0x1465,0x1464,0x34,0x500c2,
0x1b,0x1466,0x145e,0x37,0x500c7,0x1b,0x1467,0x1466,
0x34,0x60050,0xb5,0x1468,0x1463,0x1465,0x1467,0x60050,
0xb5,0x1469,0x1462,0x1462,0x1462,0x50084,0xb5,0x146a,
0x1468,0x1469,0x50086,0xb5,0x146b,0x146a,0xb6,0x500c2,
0x1b,0x146c,0x145e,0x4a,0x40070,0x27,0x146d,0x146c,
0x50051,0x1b,0x146e,0x146b,0x0,0x50051,0x1b,0x146f,
0x146b,0x1,0x50051,0x1b,0x1470,0x146b,0x2,0x40070,
0x27,0x1471,0x146e,0x40070,0x27,0x1472,0x146f,0x40070,
0x27,0x1473,0x1470,0x70050,0x39,0x1474,0x1471,0x1472,
0x1473,0x146d,0x50085,0x39,0x1475,0x1474,0x15d,0x500c7,
0x1b,0x1476,0x1a5,0x31,0x500ab,0x25,0x1477,0x1476,
0x1d,0x300f7,0x1478,0x0,0x400fa,0x1477,0x1479,0x1478,
0x200f8,0x1479,0x8004f,0x3b,0x147a,0x1475,0x1475,0x0,
0x1,0x2,0x500bc,0x151,0x147b,0x147a,0x3c,0x50085,
0x3b,0x147c,0x147a,0x15f,0x50081,0x3b,0x147d,0x147a,
0x3e,0x50085,0x3b,0x147e,0x147d,0x161,0x7000c,0x3b,
0x147f,0x1,0x1a,0x147e,0x40,0x600a9,0x3b,0x1480,
0x147b,0x147c,0x147f,0x9004f,0x39,0x1481,0x1475,0x1480,
0x4,0x5,0x6,0x3,0x200f9,0x1478,0x200f8,0x1478,
0x700f5,0x39,0x1482,0x1475,0x1459,0x1481,0x1479,0x200f9,
0x122b,0x200f8,0x1454,0x4007c,0x2d,0x1483,0x140d,0x500c7,
0x1b,0x1484,0x122f,0x2c,0x500ab,0x25,0x1485,0x1484,
0x1d,0x600a9,0x1c,0x1486,0x1485,0xe1,0xe2,0x4007c,
0x1b,0x1487,0x1486,0x50084,0x1b,0x1488,0x1487,0x1238,
0x50082,0x1b,0x1489,0x1488,0x2c,0x500c7,0x1b,0x148a,
0x122f,0x31,0x500ab,0x25,0x148b,0x148a,0x1d,0x600a9,
0x1c,0x148c,0x148b,0xe1,0xe2,0x4007c,0x1b,0x148d,
0x148c,0x50084,0x1b,0x148e,0x148d,0x1238,0x50082,0x1b,
0x148f,0x148e,0x2c,0x50050,0x2d,0x1490,0x1489,0x148f,
0x500c7,0x2d,0x1491,0x1483,0x1490,0x4003d,0x1b,0x1492,
0xbd5,0x500c7,0x1b,0x1493,0x1492,0xbc,0x500ab,0x25,
0x1494,0x1493,0x1d,0x300f7,0x1495,0x0,0x400fa,0x1494,
0x1496,0x1495,0x200f8,0x1496,0x50051,0x1b,0x1497,0x1491,
0x0,0x500ae,0x25,0x1498,0x1497,0xed,0x200f9,0x1495,
0x200f8,0x1495,0x700f5,0x25,0x1499,0x26,0x1454,0x1498,
0x1496,0x300f7,0x149a,0x0,0x400fa,0x1499,0x149b,0x149a,
0x200f8,0x149b,0x50051,0x1b,0x149c,0x1491,0x0,0x500b0,
0x25,0x149d,0x149c,0xee,0x200f9,0x149a,0x200f8,0x149a,
0x700f5,0x25,0x149e,0x26,0x1495,0x149d,0x149b,0x300f7,
0x149f,0x0,0x400fa,0x149e,0x14a0,0x149f,0x200f8,0x14a0,
0x50051,0x1b,0x14a1,0x1491,0x1,0x500ae,0x25,0x14a2,
0x14a1,0xef,0x200f9,0x149f,0x200f8,0x149f,0x700f5,0x25,
0x14a3,0x26,0x149a,0x14a2,0x14a0,0x300f7,0x14a4,0x0,
0x400fa,0x14a3,0x14a5,0x14a4,0x200f8,0x14a5,0x50051,0x1b,
0x14a6,0x1491,0x1,0x500b0,0x25,0x14a7,0x14a6,0xf0,
0x200f9,0x14a4,0x200f8,0x14a4,0x700f5,0x25,0x14a8,0x26,
0x149f,0x14a7,0x14a5,0x300f7,0x14a9,0x0,0x400fa,0x14a8,
0x14aa,0x14a9,0x200f8,0x14aa,0x50051,0x1b,0x14ab,0x1491,
0x0,0x500c7,0x1b,0x14ac,0x14ab,0xf1,0x60052,0x2d,
0x14ad,0x14ac,0x1491,0x0,0x200f9,0x14a9,0x200f8,0x14a9,
0x700f5,0x2d,0x14ae,0x1491,0x14a4,0x14ad,0x14aa,0x4003d,
0x1b,0x14af,0xbd5,0x500c7,0x1b,0x14b0,0x14af,0xf2,
0x500ab,0x25,0x14b1,0x14b0,0x1d,0x300f7,0x14b2,0x0,
0x400fa,0x14b1,0x14b3,0x14b2,0x200f8,0x14b3,0x500af,0x25,
0x14b4,0x125c,0x21,0x300f7,0x14b5,0x0,0x400fa,0x14b4,
0x14b6,0x14b5,0x200f8,0x14b6,0x500af,0x25,0x14b7,0x125c,
0xf3,0x200f9,0x14b5,0x200f8,0x14b5,0x700f5,0x25,0x14b8,
0x2b,0x14b3,0x14b7,0x14b6,0x200f9,0x14b2,0x200f8,0x14b2,
0x700f5,0x25,0x14b9,0x26,0x14a9,0x14b8,0x14b5,0x300f7,
0x14ba,0x0,0x400fa,0x14b9,0x14bb,0x14ba,0x200f8,0x14bb,
0x50051,0x1b,0x14bc,0x14ae,0x1,0x500ae,0x25,0x14bd,
0x14bc,0xf4,0x200f9,0x14ba,0x200f8,0x14ba,0x700f5,0x25,
0x14be,0x26,0x14b2,0x14bd,0x14bb,0x300f7,0x14bf,0x0,
0x400fa,0x14be,0x14c0,0x14bf,0x200f8,0x14c0,0x50051,0x1b,
0x14c1,0x14ae,0x1,0x500b0,0x25,0x14c2,0x14c1,0xf5,
0x200f9,0x14bf,0x200f8,0x14bf,0x700f5,0x25,0x14c3,0x26,
0x14ba,0x14c2,0x14c0,0x300f7,0x14c4,0x0,0x400fa,0x14c3,
0x14c5,0x14c4,0x200f8,0x14c5,0x50051,0x1b,0x14c6,0x14ae,
0x0,0x500c7,0x1b,0x14c7,0x14c6,0xf1,0x60052,0x2d,
0x14c8,0x14c7,0x14ae,0x0,0x200f9,0x14c4,0x200f8,0x14c4,
0x700f5,0x2d,0x14c9,0x14ae,0x14bf,0x14c8,0x14c5,0x4003d,
0x1b,0x14ca,0xbd5,0x500c7,0x1b,0x14cb,0x14ca,0xf6,
0x500ab,0x25,0x14cc,0x14cb,0x1d,0x300f7,0x14cd,0x0,
0x400fa,0x14cc,0x14ce,0x14cd,0x200f8,0x14ce,0x500af,0x25,
0x14cf,0x125c,0x21,0x300f7,0x14d0,0x0,0x400fa,0x14cf,
0x14d1,0x14d0,0x200f8,0x14d1,0x500af,0x25,0x14d2,0x125c,
0xf3,0x200f9,0x14d0,0x200f8,0x14d0,0x700f5,0x25,0x14d3,
0x2b,0x14ce,0x14d2,0x14d1,0x200f9,0x14cd,0x200f8,0x14cd,
0x700f5,0x25,0x14d4,0x26,0x14c4,0x14d3,0x14d0,0x300f7,
0x14d5,0x0,0x400fa,0x14d4,0x14d6,0x14d5,0x200f8,0x14d6,
0x50051,0x1b,0x14d7,0x14c9,0x1,0x500ae,0x25,0x14d8,
0x14d7,0xef,0x200f9,0x14d5,0x200f8,0x14d5,0x700f5,0x25,
0x14d9,0x26,0x14cd,0x14d8,0x14d6,0x300f7,0x14da,0x0,
0x400fa,0x14d9,0x14db,0x14da,0x200f8,0x14db,0x50051,0x1b,
0x14dc,0x14c9,0x1,0x500b0,0x25,0x14dd,0x14dc,0xf7,
0x200f9,0x14da,0x200f8,0x14da,0x700f5,0x25,0x14de,0x26,
0x14d5,0x14dd,0x14db,0x300f7,0x14df,0x0,0x400fa,0x14de,
0x14e0,0x14df,0x200f8,0x14e0,0x50051,0x1b,0x14e1,0x14c9,
0x0,0x500c7,0x1b,0x14e2,0x14e1,0xf1,0x60052,0x2d,
0x14e3,0x14e2,0x14c9,0x0,0x200f9,0x14df,0x200f8,0x14df,
0x700f5,0x2d,0x14e4,0x14c9,0x14da,0x14e3,0x14e0,0x4003d,
0x1b,0x14e5,0xbd5,0x500c7,0x1b,0x14e6,0x14e5,0xf8,
0x500aa,0x25,0x14e7,0x14e6,0xf8,0x600a9,0x1b,0x14e8,
0x1485,0xb7,0x4e,0x50084,0x1b,0x14e9,0x14e8,0x1238,
0x50086,0x1b,0x14ea,0x14e9,0x31,0x4003d,0x1b,0x14eb,
0xbd5,0x500c7,0x1b,0x14ec,0x14eb,0xb7,0x500ab,0x25,
0x14ed,0x14ec,0x1d,0x300f7,0x14ee,0x0,0x400fa,0x14ed,
0x14ef,0x14ee,0x200f8,0x14ef,0x500af,0x25,0x14f0,0x125c,
0x21,0x300f7,0x14f1,0x0,0x400fa,0x14f0,0x14f2,0x14f1,
0x200f8,0x14f2,0x600a9,0x1b,0x14f3,0x14e7,0x58,0x14ea,
0x4007c,0x1c,0x14f4,0x14f3,0x500af,0x25,0x14f5,0x125c,
0x14f4,0x200f9,0x14f1,0x200f8,0x14f1,0x700f5,0x25,0x14f6,
0x2b,0x14ef,0x14f5,0x14f2,0x200f9,0x14ee,0x200f8,0x14ee,
0x700f5,0x25,0x14f7,0x26,0x14df,0x14f6,0x14f1,0x300f7,
0x14f8,0x0,0x400fa,0x14f7,0x14f9,0x14f8,0x200f8,0x14f9,
0x300f7,0x14fa,0x0,0x400fa,0x14e7,0x14fb,0x14fc,0x200f8,
0x14fc,0x50051,0x1b,0x14fd,0x14e4,0x0,0x50082,0x1b,
0x14fe,0x14ea,0x2c,0x500c7,0x1b,0x14ff,0x14fd,0x14fe,
0x500c5,0x1b,0x1500,0x14ff,0x14ea,0x200f9,0x14fa,0x200f8,
0x14fb,0x50051,0x1b,0x1501,0x14e4,0x0,0x500c7,0x1b,
0x1502,0x1501,0x34,0x200f9,0x14fa,0x200f8,0x14fa,0x700f5,
0x1b,0x1503,0x1502,0x14fb,0x1500,0x14fc,0x60052,0x2d,
0x1504,0x1503,0x14e4,0x0,0x200f9,0x14f8,0x200f8,0x14f8,
0x700f5,0x2d,0x1505,0x14e4,0x14ee,0x1504,0x14fa,0x4003d,
0x1b,0x1506,0xbd5,0x500c7,0x1b,0x1507,0x1506,0x2f,
0x500ab,0x25,0x1508,0x1507,0x1d,0x300f7,0x1509,0x0,
0x400fa,0x1508,0x150a,0x1509,0x200f8,0x150a,0x50051,0x1b,
0x150b,0x1505,0x1,0x500c7,0x1b,0x150c,0x150b,0x34,
0x60052,0x2d,0x150d,0x150c,0x1505,0x1,0x200f9,0x1509,
0x200f8,0x1509,0x700f5,0x2d,0x150e,0x1505,0x14f8,0x150d,
0x150a,0x4003d,0x1b,0x150f,0xbd5,0x500c7,0x1b,0x1510,
0x150f,0xf8,0x500aa,0x25,0x1511,0x1510,0xb8,0x300f7,
0x1512,0x0,0x400fa,0x1511,0x1513,0x1512,0x200f8,0x1513,
0x50051,0x1b,0x1514,0x150e,0x0,0x500c7,0x1b,0x1515,
0x1514,0x34,0x60052,0x2d,0x1516,0x1515,0x150e,0x0,
0x200f9,0x1512,0x200f8,0x1512,0x700f5,0x2d,0x1517,0x150e,
0x1509,0x1516,0x1513,0x4003d,0x1b,0x1518,0xbd5,0x500c7,
0x1b,0x1519,0x1518,0xf9,0x500ab,0x25,0x151a,0x1519,
0x1d,0x300f7,0x151b,0x0,0x400fa,0x151a,0x151c,0x151b,
0x200f8,0x151c,0x50051,0x1b,0x151d,0x1517,0x0,0x500ae,
0x25,0x151e,0x151d,0xf0,0x300f7,0x151f,0x0,0x400fa,
0x151e,0x1520,0x151f,0x200f8,0x1520,0x500b0,0x25,0x1521,
0x151d,0xfa,0x200f9,0x151f,0x200f8,0x151f,0x700f5,0x25,
0x1522,0x26,0x151c,0x1521,0x1520,0x300f7,0x1523,0x0,
0x400fa,0x1522,0x1524,0x1523,0x200f8,0x1524,0x50051,0x1b,
0x1525,0x1517,0x1,0x500ae,0x25,0x1526,0x1525,0xf8,
0x200f9,0x1523,0x200f8,0x1523,0x700f5,0x25,0x1527,0x26,
0x151f,0x1526,0x1524,0x300f7,0x1528,0x0,0x400fa,0x1527,
0x1529,0x1528,0x200f8,0x1529,0x50051,0x1b,0x152a,0x1517,
0x1,0x500b0,0x25,0x152b,0x152a,0x5d,0x200f9,0x1528,
0x200f8,0x1528,0x700f5,0x25,0x152c,0x26,0x1523,0x152b,
0x1529,0x300f7,0x152d,0x0,0x400fa,0x152c,0x152e,0x152d,
0x200f8,0x152e,0x500c7,0x1b,0x152f,0x151d,0x34,0x60052,
0x2d,0x1530,0x152f,0x1517,0x0,0x200f9,0x152d,0x200f8,
0x152d,0x700f5,0x2d,0x1531,0x1517,0x1528,0x1530,0x152e,
0x50051,0x1c,0x1532,0x140d,0x1,0x500b1,0x25,0x1533,
0x1532,0xfb,0x300f7,0x1534,0x0,0x400fa,0x1533,0x1535,
0x1536,0x200f8,0x1536,0x500af,0x25,0x1537,0x125c,0x21,
0x300f7,0x1538,0x0,0x400fa,0x1537,0x1539,0x1538,0x200f8,
0x1539,0x500af,0x25,0x153a,0x125c,0xf3,0x200f9,0x1538,
0x200f8,0x1538,0x700f5,0x25,0x153b,0x2b,0x1536,0x153a,
0x1539,0x300f7,0x153c,0x0,0x400fa,0x153b,0x153d,0x153c,
0x200f8,0x153d,0x50051,0x1b,0x153e,0x1531,0x1,0x500ae,
0x25,0x153f,0x153e,0xfd,0x200f9,0x153c,0x200f8,0x153c,
0x700f5,0x25,0x1540,0x26,0x1538,0x153f,0x153d,0x300f7,
0x1541,0x0,0x400fa,0x1540,0x1542,0x1541,0x200f8,0x1542,
0x50051,0x1b,0x1543,0x1531,0x1,0x500b0,0x25,0x1544,
0x1543,0xf5,0x200f9,0x1541,0x200f8,0x1541,0x700f5,0x25,
0x1545,0x26,0x153c,0x1544,0x1542,0x300f7,0x1546,0x0,
0x400fa,0x1545,0x1547,0x1546,0x200f8,0x1547,0x50051,0x1b,
0x1548,0x1531,0x0,0x500c7,0x1b,0x1549,0x1548,0xf1,
0x50080,0x1b,0x154a,0x1549,0x5d,0x60052,0x2d,0x154b,
0x154a,0x1531,0x0,0x200f9,0x1546,0x200f8,0x1546,0x700f5,
0x2d,0x154c,0x1531,0x1541,0x154b,0x1547,0x200f9,0x1534,
0x200f8,0x1535,0x4007c,0x1b,0x154d,0x1532,0x500c7,0x1b,
0x154e,0x154d,0x32,0x50080,0x1b,0x154f,0xfc,0x154e,
0x50051,0x1b,0x1550,0x1531,0x0,0x500c7,0x1b,0x1551,
0x1550,0x34,0x50050,0x2d,0x1552,0x1551,0x154f,0x200f9,
0x1534,0x200f8,0x1534,0x700f5,0x2d,0x1553,0x154c,0x1546,
0x1552,0x1535,0x200f9,0x151b,0x200f8,0x151b,0x700f5,0x2d,
0x1554,0x1517,0x1512,0x1553,0x1534,0x50080,0x1b,0x1555,
0xbd3,0x36,0x60041,0x14f,0x1556,0x18,0x21,0x1555,
0x4003d,0x1b,0x1557,0x1556,0x500ab,0x25,0x1558,0x1557,
0x1d,0x300f7,0x1559,0x0,0x400fa,0x1558,0x155a,0x1559,
0x200f8,0x155a,0x500af,0x25,0x155b,0x125c,0x21,0x300f7,
0x155c,0x0,0x400fa,0x155b,0x155d,0x155c,0x200f8,0x155d,
0x500af,0x25,0x155e,0x125c,0xe7,0x200f9,0x155c,0x200f8,
0x155c,0x700f5,0x25,0x155f,0x2b,0x155a,0x155e,0x155d,
0x200f9,0x1559,0x200f8,0x1559,0x700f5,0x25,0x1560,0x26,
0x151b,0x155f,0x155c,0x300f7,0x1561,0x0,0x400fa,0x1560,
0x1562,0x1561,0x200f8,0x1562,0x4007c,0x1c,0x1563,0x1488,
0x50051,0x1c,0x1564,0x1395,0x0,0x50080,0x1c,0x1565,
0xfe,0x1564,0x4007c,0x1b,0x1566,0x1565,0x50082,0x1c,
0x1567,0x1563,0x30,0x4007c,0x1b,0x1568,0x1567,0x500c7,
0x1b,0x1569,0x1566,0x1568,0x4007c,0x1c,0x156a,0x1569,
0x50051,0x1c,0x156b,0x12ad,0x0,0x50080,0x1c,0x156c,
0x156a,0x156b,0x50082,0x1c,0x156d,0x156c,0xfe,0x8000c,
0x1c,0x156e,0x1,0x2d,0x156d,0x21,0x1567,0x4007c,
0x1b,0x156f,0x156e,0x60052,0x2d,0x1570,0x156f,0x1554,
0x0,0x200f9,0x1561,0x200f8,0x1561,0x700f5,0x2d,0x1571,
0x1554,0x1559,0x1570,0x1562,0x50050,0x2d,0x1572,0x1238,
0x1238,0x50086,0x2d,0x1573,0x1571,0x1572,0x50051,0x1b,
0x1574,0x1573,0x0,0x500ae,0x25,0x1575,0x1574,0x4e,
0x600a9,0x1c,0x1576,0x1575,0xff,0x21,0x50051,0x1b,
0x1577,0x1573,0x1,0x500ae,0x25,0x1578,0x1577,0x4e,
0x300f7,0x1579,0x0,0x400fa,0x1578,0x157a,0x157b,0x200f8,
0x157b,0x200f9,0x1579,0x200f8,0x157a,0x600a9,0x1c,0x157c,
0x1485,0x100,0xff,0x200f9,0x1579,0x200f8,0x1579,0x700f5,
0x1c,0x157d,0x157c,0x157a,0x21,0x157b,0x50080,0x1c,
0x157e,0x1576,0x157d,0x4007c,0x1b,0x157f,0x157e,0x50080,
0x1b,0x1580,0xbd3,0x2c,0x60041,0x14f,0x1581,0x18,
0x21,0x1580,0x4003d,0x1b,0x1582,0x1581,0x50080,0x1b,
0x1583,0x1582,0x157f,0x500c7,0x1b,0x1584,0x1577,0x32,
0x50084,0x1b,0x1585,0x1584,0x4e,0x50080,0x1b,0x1586,
0x1583,0x1585,0x500c7,0x1b,0x1587,0x1574,0x32,0x50080,
0x1b,0x1588,0x1586,0x1587,0x50084,0x1b,0x1589,0x1588,
0x31,0x500c7,0x1b,0x158a,0x1589,0x43,0x50080,0x1b,
0x158b,0xbd3,0xdd,0x500c2,0x1b,0x158c,0x158a,0x31,
0x50080,0x1b,0x158d,0x158b,0x158c,0x60041,0x14f,0x158e,
0x18,0x21,0x158d,0x4003d,0x1b,0x158f,0x158e,0x500c7,
0x1b,0x1590,0x1589,0x33,0x50084,0x1b,0x1591,0x1590,
0x2f,0x500c7,0x1b,0x1592,0x1591,0x32,0x500c2,0x1b,
0x1593,0x158f,0x1592,0x500c7,0x1b,0x1594,0x1593,0x34,
0x50080,0x1b,0x1595,0x1589,0x2c,0x500c7,0x1b,0x1596,
0x1595,0x43,0x500c2,0x1b,0x1597,0x1596,0x31,0x50080,
0x1b,0x1598,0x158b,0x1597,0x60041,0x14f,0x1599,0x18,
0x21,0x1598,0x4003d,0x1b,0x159a,0x1599,0x500c7,0x1b,
0x159b,0x1595,0x33,0x50084,0x1b,0x159c,0x159b,0x2f,
0x500c7,0x1b,0x159d,0x159c,0x32,0x500c2,0x1b,0x159e,
0x159a,0x159d,0x500c7,0x1b,0x159f,0x159e,0x34,0x500c4,
0x1b,0x15a0,0x159f,0x2f,0x500c5,0x1b,0x15a1,0x1594,
0x15a0,0x4003d,0x1b,0x15a2,0x1398,0x500c7,0x1b,0x15a3,
0x15a2,0x33,0x500aa,0x25,0x15a4,0x15a3,0x2c,0x300f7,
0x15a5,0x0,0x400fa,0x15a4,0x15a6,0x15a5,0x200f8,0x15a6,
0x500c7,0x1b,0x15a7,0x15a1,0xb9,0x500ab,0x25,0x15a8,
0x15a7,0x1d,0x200f9,0x15a5,0x200f8,0x15a5,0x700f5,0x25,
0x15a9,0x26,0x1579,0x15a8,0x15a6,0x400a8,0x25,0x15aa,
0x15a9,0x300f7,0x15ab,0x0,0x400fa,0x15aa,0x15ac,0x15ab,
0x200f8,0x15ac,0x500aa,0x25,0x15ad,0x15a3,0x31,0x300f7,
0x15ae,0x0,0x400fa,0x15ad,0x15af,0x15ae,0x200f8,0x15af,
0x500c7,0x1b,0x15b0,0x15a1,0xb9,0x500aa,0x25,0x15b1,
0x15b0,0x1d,0x200f9,0x15ae,0x200f8,0x15ae,0x700f5,0x25,
0x15b2,0x26,0x15ac,0x15b1,0x15af,0x200f9,0x15ab,0x200f8,
0x15ab,0x700f5,0x25,0x15b3,0x2b,0x15a5,0x15b2,0x15ae,
0x300f7,0x15b4,0x0,0x400fa,0x15b3,0x15b5,0x15b4,0x200f8,
0x15b5,0x200f9,0x122b,0x200f8,0x15b4,0x50082,0x1b,0x15b6,
0x1238,0x2c,0x50050,0x2d,0x15b7,0x15b6,0x15b6,0x500c7,
0x2d,0x15b8,0x1571,0x15b7,0x500c7,0x1b,0x15b9,0x15a1,
0xe8,0x500ab,0x25,0x15ba,0x15b9,0x1d,0x300f7,0x15bb,
0x0,0x400fa,0x15ba,0x15bc,0x15bb,0x200f8,0x15bc,0x50051,
0x1b,0x15bd,0x15b8,0x0,0x50082,0x1b,0x15be,0x15b6,
0x15bd,0x60052,0x2d,0x15bf,0x15be,0x15b8,0x0,0x200f9,
0x15bb,0x200f8,0x15bb,0x700f5,0x2d,0x15c0,0x15b8,0x15b4,
0x15bf,0x15bc,0x500c7,0x1b,0x15c1,0x15a1,0x57,0x500ab,
0x25,0x15c2,0x15c1,0x1d,0x300f7,0x15c3,0x0,0x400fa,
0x15c2,0x15c4,0x15c3,0x200f8,0x15c4,0x50051,0x1b,0x15c5,
0x15c0,0x1,0x50082,0x1b,0x15c6,0x15b6,0x15c5,0x60052,
0x2d,0x15c7,0x15c6,0x15c0,0x1,0x200f9,0x15c3,0x200f8,
0x15c3,0x700f5,0x2d,0x15c8,0x15c0,0x15bb,0x15c7,0x15c4,
0x500c7,0x1b,0x15c9,0x15a1,0x101,0x50051,0x1b,0x15ca,
0x15c8,0x0,0x500c2,0x1b,0x15cb,0x15ca,0x33,0x50080,
0x1b,0x15cc,0x15c9,0x15cb,0x50051,0x1b,0x15cd,0x15c8,
0x1,0x500c2,0x1b,0x15ce,0x15cd,0x33,0x50084,0x1b,
0x15cf,0x15ce,0x37,0x50080,0x1b,0x15d0,0x15cc,0x15cf,
0x500c7,0x1b,0x15d1,0x15d0,0x101,0x60041,0x14f,0x15d2,
0x18,0x21,0xbd3,0x4003d,0x1b,0x15d3,0x15d2,0x50084,
0x1b,0x15d4,0x15d3,0x31,0x50084,0x1b,0x15d5,0x1232,
0x2f,0x50084,0x1b,0x15d6,0x15d1,0x15d5,0x50080,0x1b,
0x15d7,0x15d4,0x15d6,0x500c7,0x1b,0x15d8,0x15cd,0xb4,
0x50084,0x1b,0x15d9,0x15d8,0x31,0x50080,0x1b,0x15da,
0x15d7,0x15d9,0x500c7,0x1b,0x15db,0x15ca,0xb4,0x500c2,
0x1b,0x15dc,0xb8,0x15db,0x200f9,0x15dd,0x200f8,0x15dd,
0x700f5,0x1b,0x15de,0x1d,0x15c3,0x15df,0x15e0,0x700f5,
0x1b,0x15e1,0x1d,0x15c3,0x15e2,0x15e0,0x50086,0x1b,
0x15e3,0x1232,0x31,0x500b0,0x25,0x15e4,0x15e1,0x15e3,
0x400f6,0x15e5,0x15e0,0x0,0x400fa,0x15e4,0x15e6,0x15e5,
0x200f8,0x15e6,0x50084,0x1b,0x15e7,0x15e1,0x37,0x50080,
0x1b,0x15e8,0x15da,0x15e7,0x500c7,0x1b,0x15e9,0x15e8,
0x43,0x500c2,0x1b,0x15ea,0x15e9,0x31,0x50080,0x1b,
0x15eb,0x158b,0x15ea,0x60041,0x14f,0x15ec,0x18,0x21,
0x15eb,0x4003d,0x1b,0x15ed,0x15ec,0x500c7,0x1b,0x15ee,
0x15e8,0x33,0x50084,0x1b,0x15ef,0x15ee,0x2f,0x500c7,
0x1b,0x15f0,0x15ef,0x32,0x500c2,0x1b,0x15f1,0x15ed,
0x15f0,0x500c7,0x1b,0x15f2,0x15f1,0x34,0x500c7,0x1b,
0x15f3,0x15f2,0x15dc,0x500ab,0x25,0x15f4,0x15f3,0x1d,
0x300f7,0x15f5,0x0,0x400fa,0x15f4,0x15f6,0x15f5,0x200f8,
0x15f6,0x50084,0x1b,0x15f7,0x15e1,0x31,0x500c7,0x1b,
0x15f8,0x15f7,0x32,0x500c4,0x1b,0x15f9,0x2c,0x15f8,
0x500c5,0x1b,0x15fa,0x15de,0x15f9,0x200f9,0x15f5,0x200f8,
0x15f5,0x700f5,0x1b,0x15fb,0x15de,0x15e6,0x15fa,0x15f6,
0x50080,0x1b,0x15fc,0x15e8,0x2c,0x500c7,0x1b,0x15fd,
0x15fc,0x43,0x500c2,0x1b,0x15fe,0x15fd,0x31,0x50080,
0x1b,0x15ff,0x158b,0x15fe,0x60041,0x14f,0x1600,0x18,
0x21,0x15ff,0x4003d,0x1b,0x1601,0x1600,0x500c7,0x1b,
0x1602,0x15fc,0x33,0x50084,0x1b,0x1603,0x1602,0x2f,
0x500c7,0x1b,0x1604,0x1603,0x32,0x500c2,0x1b,0x1605,
0x1601,0x1604,0x500c7,0x1b,0x1606,0x1605,0x34,0x500c7,
0x1b,0x1607,0x1606,0x15dc,0x500ab,0x25,0x1608,0x1607,
0x1d,0x300f7,0x1609,0x0,0x400fa,0x1608,0x160a,0x1609,
0x200f8,0x160a,0x50084,0x1b,0x160b,0x15e1,0x31,0x500c7,
0x1b,0x160c,0x160b,0x32,0x500c4,0x1b,0x160d,0x31,
0x160c,0x500c5,0x1b,0x160e,0x15fb,0x160d,0x200f9,0x1609,
0x200f8,0x1609,0x700f5,0x1b,0x15df,0x15fb,0x15f5,0x160e,
0x160a,0x200f9,0x15e0,0x200f8,0x15e0,0x50080,0x1b,0x15e2,
0x15e1,0x2c,0x200f9,0x15dd,0x200f8,0x15e5,0x500aa,0x25,
0x160f,0x15de,0x1d,0x300f7,0x1610,0x0,0x400fa,0x160f,
0x1611,0x1610,0x200f8,0x1611,0x200f9,0x122b,0x200f8,0x1610,
0x500ab,0x25,0x1612,0x1232,0x2f,0x300f7,0x1613,0x0,
0x400fa,0x1612,0x1614,0x1613,0x200f8,0x1614,0x500c2,0x1b,
0x1615,0x15a1,0x23,0x500c7,0x1b,0x1616,0x1615,0xb4,
0x500c7,0x1b,0x1617,0x1232,0x32,0x500c4,0x1b,0x1618,
0x2c,0x1617,0x50084,0x1b,0x1619,0x1616,0x1618,0x50080,
0x1b,0x161a,0x15de,0x1619,0x200f9,0x1613,0x200f8,0x1613,
0x700f5,0x1b,0x161b,0x15de,0x1610,0x161a,0x1614,0x50080,
0x1b,0x161c,0xbd3,0x51,0x60041,0x14f,0x161d,0x18,
0x21,0x161c,0x4003d,0x1b,0x161e,0x161d,0x50080,0x1b,
0x161f,0x161b,0x161e,0x500c7,0x1b,0x1620,0x161f,0x34,
0x4003d,0x1b,0x1621,0xbd5,0x500c7,0x1b,0x1622,0x1621,
0x24,0x500ab,0x25,0x1623,0x1622,0x1d,0x300f7,0x1624,
0x0,0x400fa,0x1623,0x1625,0x1624,0x200f8,0x1625,0x500af,
0x25,0x1626,0x125c,0x21,0x300f7,0x1627,0x0,0x400fa,
0x1626,0x1628,0x1627,0x200f8,0x1628,0x500af,0x25,0x1629,
0x125c,0xe7,0x200f9,0x1627,0x200f8,0x1627,0x700f5,0x25,
0x162a,0x2b,0x1625,0x1629,0x1628,0x200f9,0x1624,0x200f8,
0x1624,0x700f5,0x25,0x162b,0x26,0x1613,0x162a,0x1627,
0x300f7,0x162c,0x0,0x400fa,0x162b,0x162d,0x162c,0x200f8,
0x162d,0x4007c,0x1c,0x162e,0x1488,0x50051,0x1c,0x162f,
0x1395,0x0,0x50087,0x1c,0x1630,0x162e,0x35,0x50080,
0x1c,0x1631,0x162f,0x1630,0x5008a,0x1c,0x1632,0x1631,
0x162e,0x50080,0x1c,0x1633,0x1632,0x162e,0x5008a,0x1c,
0x1634,0x1633,0x162e,0x50082,0x1c,0x1635,0x1634,0x1630,
0x50051,0x1c,0x1636,0x12ad,0x0,0x50080,0x1c,0x1637,
0x1636,0x1635,0x50051,0x1b,0x1638,0x1571,0x0,0x500ae,
0x25,0x1639,0x1638,0x5d,0x300f7,0x163a,0x0,0x400fa,
0x1639,0x163b,0x163a,0x200f8,0x163b,0x500b0,0x25,0x163c,
0x1638,0x102,0x200f9,0x163a,0x200f8,0x163a,0x700f5,0x25,
0x163d,0x26,0x162d,0x163c,0x163b,0x300f7,0x163e,0x0,
0x400fa,0x163d,0x163f,0x163e,0x200f8,0x163f,0x50051,0x1b,
0x1640,0x1571,0x1,0x500ae,0x25,0x1641,0x1640,0x102,
0x200f9,0x163e,0x200f8,0x163e,0x700f5,0x25,0x1642,0x26,
0x163a,0x1641,0x163f,0x300f7,0x1643,0x0,0x400fa,0x1642,
0x1644,0x1643,0x200f8,0x1644,0x50051,0x1b,0x1645,0x1571,
0x1,0x500b0,0x25,0x1646,0x1645,0xef,0x200f9,0x1643,
0x200f8,0x1643,0x700f5,0x25,0x1647,0x26,0x163e,0x1646,
0x1644,0x300f7,0x1648,0x0,0x400fa,0x1647,0x1649,0x1648,
0x200f8,0x1649,0x500ae,0x25,0x164a,0x1620,0x103,0x200f9,
0x1648,0x200f8,0x1648,0x700f5,0x25,0x164b,0x26,0x1643,
0x164a,0x1649,0x300f7,0x164c,0x0,0x400fa,0x164b,0x164d,
0x164c,0x200f8,0x164d,0x500b2,0x25,0x164e,0x1620,0x104,
0x200f9,0x164c,0x200f8,0x164c,0x700f5,0x25,0x164f,0x26,
0x1648,0x164e,0x164d,0x500ae,0x25,0x1650,0x1638,0x102,
0x300f7,0x1651,0x0,0x400fa,0x1650,0x1652,0x1651,0x200f8,
0x1652,0x500b0,0x25,0x1653,0x1638,0x105,0x200f9,0x1651,
0x200f8,0x1651,0x700f5,0x25,0x1654,0x26,0x164c,0x1653,
0x1652,0x300f7,0x1655,0x0,0x400fa,0x1654,0x1656,0x1655,
0x200f8,0x1656,0x50051,0x1b,0x1657,0x1571,0x1,0x500ae,
0x25,0x1658,0x1657,0x105,0x200f9,0x1655,0x200f8,0x1655,
0x700f5,0x25,0x1659,0x26,0x1651,0x1658,0x1656,0x300f7,
0x165a,0x0,0x400fa,0x1659,0x165b,0x165a,0x200f8,0x165b,
0x50051,0x1b,0x165c,0x1571,0x1,0x500b0,0x25,0x165d,
0x165c,0xef,0x200f9,0x165a,0x200f8,0x165a,0x700f5,0x25,
0x165e,0x26,0x1655,0x165d,0x165b,0x300f7,0x165f,0x0,
0x400fa,0x165e,0x1660,0x165f,0x200f8,0x1660,0x500ae,0x25,
0x1661,0x1620,0x103,0x200f9,0x165f,0x200f8,0x165f,0x700f5,
0x25,0x1662,0x26,0x165a,0x1661,0x1660,0x300f7,0x1663,
0x0,0x400fa,0x1662,0x1664,0x1663,0x200f8,0x1664,0x500b2,
0x25,0x1665,0x1620,0x106,0x200f9,0x1663,0x200f8,0x1663,
0x700f5,0x25,0x1666,0x26,0x165f,0x1665,0x1664,0x500af,
0x25,0x1667,0x1637,0x21,0x300f7,0x1668,0x0,0x400fa,
0x1667,0x1669,0x1668,0x200f8,0x1669,0x500af,0x25,0x166a,
0x1637,0x162e,0x200f9,0x1668,0x200f8,0x1668,0x700f5,0x25,
0x166b,0x2b,0x1663,0x166a,0x1669,0x300f7,0x166c,0x0,
0x400fa,0x166b,0x166d,0x166c,0x200f8,0x166d,0x400a8,0x25,
0x166e,0x164f,0x600a9,0x25,0x166f,0x166e,0x1666,0x2b,
0x200f9,0x166c,0x200f8,0x166c,0x700f5,0x25,0x1670,0x26,
0x1668,0x166f,0x166d,0x600a9,0x1b,0x1671,0x1670,0x107,
0x1620,0x200f9,0x162c,0x200f8,0x162c,0x700f5,0x1b,0x1672,
0x1620,0x1624,0x1671,0x166c,0x4003d,0x1b,0x1673,0x1398,
0x500c7,0x1b,0x1674,0x1673,0x5d,0x500ab,0x25,0x1675,
0x1674,0x1d,0x300f7,0x1676,0x0,0x400fa,0x1675,0x1677,
0x1676,0x200f8,0x1677,0x500af,0x25,0x1678,0x125c,0x21,
0x300f7,0x1679,0x0,0x400fa,0x1678,0x167a,0x1679,0x200f8,
0x167a,0x500af,0x25,0x167b,0x125c,0xe7,0x200f9,0x1679,
0x200f8,0x1679,0x700f5,0x25,0x167c,0x2b,0x1677,0x167b,
0x167a,0x400a8,0x25,0x167d,0x167c,0x300f7,0x167e,0x0,
0x400fa,0x167d,0x167f,0x167e,0x200f8,0x167f,0x500b1,0x25,
0x1680,0x125b,0x21,0x200f9,0x167e,0x200f8,0x167e,0x700f5,
0x25,0x1681,0x2b,0x1679,0x1680,0x167f,0x400a8,0x25,
0x1682,0x1681,0x300f7,0x1683,0x0,0x400fa,0x1682,0x1684,
0x1683,0x200f8,0x1684,0x500af,0x25,0x1685,0x125b,0x5b,
0x200f9,0x1683,0x200f8,0x1683,0x700f5,0x25,0x1686,0x2b,
0x167e,0x1685,0x1684,0x200f9,0x1676,0x200f8,0x1676,0x700f5,
0x25,0x1687,0x26,0x162c,0x1686,0x1683,0x300f7,0x1688,
0x0,0x400fa,0x1687,0x1689,0x1688,0x200f8,0x1689,0x4007c,
0x1c,0x168a,0x1488,0x50051,0x1c,0x168b,0x1395,0x0,
0x50087,0x1c,0x168c,0x168a,0x35,0x50080,0x1c,0x168d,
0x168b,0x168c,0x5008a,0x1c,0x168e,0x168d,0x168a,0x50080,
0x1c,0x168f,0x168e,0x168a,0x5008a,0x1c,0x1690,0x168f,
0x168a,0x50082,0x1c,0x1691,0x1690,0x168c,0x50051,0x1c,
0x1692,0x12ad,0x0,0x50080,0x1c,0x1693,0x1692,0x1691,
0x50051,0x1b,0x1694,0x1571,0x0,0x500ae,0x25,0x1695,
0x1694,0x108,0x300f7,0x1696,0x0,0x400fa,0x1695,0x1697,
0x1696,0x200f8,0x1697,0x500b0,0x25,0x1698,0x1694,0x109,
0x200f9,0x1696,0x200f8,0x1696,0x700f5,0x25,0x1699,0x26,
0x1689,0x1698,0x1697,0x300f7,0x169a,0x0,0x400fa,0x1699,
0x169b,0x169a,0x200f8,0x169b,0x50051,0x1b,0x169c,0x1571,
0x1,0x500ae,0x25,0x169d,0x169c,0x37,0x200f9,0x169a,
0x200f8,0x169a,0x700f5,0x25,0x169e,0x26,0x1696,0x169d,
0x169b,0x300f7,0x169f,0x0,0x400fa,0x169e,0x16a0,0x169f,
0x200f8,0x16a0,0x50051,0x1b,0x16a1,0x1571,0x1,0x500b0,
0x25,0x16a2,0x16a1,0x10a,0x200f9,0x169f,0x200f8,0x169f,
0x700f5,0x25,0x16a3,0x26,0x169a,0x16a2,0x16a0,0x400a8,
0x25,0x16a4,0x16a3,0x300f7,0x16a5,0x0,0x400fa,0x16a4,
0x16a6,0x16a5,0x200f8,0x16a6,0x500ae,0x25,0x16a7,0x1694,
0x10a,0x300f7,0x16a8,0x0,0x400fa,0x16a7,0x16a9,0x16a8,
0x200f8,0x16a9,0x500b0,0x25,0x16aa,0x1694,0x10b,0x200f9,
0x16a8,0x200f8,0x16a8,0x700f5,0x25,0x16ab,0x26,0x16a6,
0x16aa,0x16a9,0x300f7,0x16ac,0x0,0x400fa,0x16ab,0x16ad,
0x16ac,0x200f8,0x16ad,0x50051,0x1b,0x16ae,0x1571,0x1,
0x500ae,0x25,0x16af,0x16ae,0xb7,0x200f9,0x16ac,0x200f8,
0x16ac,0x700f5,0x25,0x16b0,0x26,0x16a8,0x16af,0x16ad,
0x300f7,0x16b1,0x0,0x400fa,0x16b0,0x16b2,0x16b1,0x200f8,
0x16b2,0x50051,0x1b,0x16b3,0x1571,0x1,0x500b0,0x25,
0x16b4,0x16b3,0x10c,0x200f9,0x16b1,0x200f8,0x16b1,0x700f5,
0x25,0x16b5,0x26,0x16ac,0x16b4,0x16b2,0x200f9,0x16a5,
0x200f8,0x16a5,0x700f5,0x25,0x16b6,0x2b,0x169f,0x16b5,
0x16b1,0x400a8,0x25,0x16b7,0x16b6,0x300f7,0x16b8,0x0,
0x400fa,0x16b7,0x16b9,0x16b8,0x200f8,0x16b9,0x500ae,0x25,
0x16ba,0x1694,0x10d,0x300f7,0x16bb,0x0,0x400fa,0x16ba,
0x16bc,0x16bb,0x200f8,0x16bc,0x500b0,0x25,0x16bd,0x1694,
0x10e,0x200f9,0x16bb,0x200f8,0x16bb,0x700f5,0x25,0x16be,
0x26,0x16b9,0x16bd,0x16bc,0x300f7,0x16bf,0x0,0x400fa,
0x16be,0x16c0,0x16bf,0x200f8,0x16c0,0x50051,0x1b,0x16c1,
0x1571,0x1,0x500ae,0x25,0x16c2,0x16c1,0x107,0x200f9,
0x16bf,0x200f8,0x16bf,0x700f5,0x25,0x16c3,0x26,0x16bb,
0x16c2,0x16c0,0x300f7,0x16c4,0x0,0x400fa,0x16c3,0x16c5,
0x16c4,0x200f8,0x16c5,0x50051,0x1b,0x16c6,0x1571,0x1,
0x500b0,0x25,0x16c7,0x16c6,0x10d,0x200f9,0x16c4,0x200f8,
0x16c4,0x700f5,0x25,0x16c8,0x26,0x16bf,0x16c7,0x16c5,
0x200f9,0x16b8,0x200f8,0x16b8,0x700f5,0x25,0x16c9,0x2b,
0x16a5,0x16c8,0x16c4,0x400a8,0x25,0x16ca,0x16c9,0x300f7,
0x16cb,0x0,0x400fa,0x16ca,0x16cc,0x16cb,0x200f8,0x16cc,
0x500ae,0x25,0x16cd,0x1694,0x105,0x300f7,0x16ce,0x0,
0x400fa,0x16cd,0x16cf,0x16ce,0x200f8,0x16cf,0x500b0,0x25,
0x16d0,0x1694,0xf0,0x200f9,0x16ce,0x200f8,0x16ce,0x700f5,
0x25,0x16d1,0x26,0x16cc,0x16d0,0x16cf,0x300f7,0x16d2,
0x0,0x400fa,0x16d1,0x16d3,0x16d2,0x200f8,0x16d3,0x50051,
0x1b,0x16d4,0x1571,0x1,0x500ae,0x25,0x16d5,0x16d4,
0x10f,0x200f9,0x16d2,0x200f8,0x16d2,0x700f5,0x25,0x16d6,
0x26,0x16ce,0x16d5,0x16d3,0x300f7,0x16d7,0x0,0x400fa,
0x16d6,0x16d8,0x16d7,0x200f8,0x16d8,0x50051,0x1b,0x16d9,
0x1571,0x1,0x500b0,0x25,0x16da,0x16d9,0x10d,0x200f9,
0x16d7,0x200f8,0x16d7,0x700f5,0x25,0x16db,0x26,0x16d2,
0x16da,0x16d8,0x200f9,0x16cb,0x200f8,0x16cb,0x700f5,0x25,
0x16dc,0x2b,0x16b8,0x16db,0x16d7,0x400a8,0x25,0x16dd,
0x16dc,0x300f7,0x16de,0x0,0x400fa,0x16dd,0x16df,0x16de,
0x200f8,0x16df,0x500ae,0x25,0x16e0,0x1694,0x110,0x300f7,
0x16e1,0x0,0x400fa,0x16e0,0x16e2,0x16e1,0x200f8,0x16e2,
0x500b0,0x25,0x16e3,0x1694,0x5d,0x200f9,0x16e1,0x200f8,
0x16e1,0x700f5,0x25,0x16e4,0x26,0x16df,0x16e3,0x16e2,
0x300f7,0x16e5,0x0,0x400fa,0x16e4,0x16e6,0x16e5,0x200f8,
0x16e6,0x50051,0x1b,0x16e7,0x1571,0x1,0x500ae,0x25,
0x16e8,0x16e7,0x10d,0x200f9,0x16e5,0x200f8,0x16e5,0x700f5,
0x25,0x16e9,0x26,0x16e1,0x16e8,0x16e6,0x300f7,0x16ea,
0x0,0x400fa,0x16e9,0x16eb,0x16ea,0x200f8,0x16eb,0x50051,
0x1b,0x16ec,0x1571,0x1,0x500b0,0x25,0x16ed,0x16ec,
0x111,0x200f9,0x16ea,0x200f8,0x16ea,0x700f5,0x25,0x16ee,
0x26,0x16e5,0x16ed,0x16eb,0x200f9,0x16de,0x200f8,0x16de,
0x700f5,0x25,0x16ef,0x2b,0x16cb,0x16ee,0x16ea,0x400a8,
0x25,0x16f0,0x16ef,0x300f7,0x16f1,0x0,0x400fa,0x16f0,
0x16f2,0x16f1,0x200f8,0x16f2,0x500ae,0x25,0x16f3,0x1694,
0x112,0x300f7,0x16f4,0x0,0x400fa,0x16f3,0x16f5,0x16f4,
0x200f8,0x16f5,0x500b0,0x25,0x16f6,0x1694,0x113,0x200f9,
0x16f4,0x200f8,0x16f4,0x700f5,0x25,0x16f7,0x26,0x16f2,
0x16f6,0x16f5,0x300f7,0x16f8,0x0,0x400fa,0x16f7,0x16f9,
0x16f8,0x200f8,0x16f9,0x50051,0x1b,0x16fa,0x1571,0x1,
0x500ae,0x25,0x16fb,0x16fa,0xb8,0x200f9,0x16f8,0x200f8,
0x16f8,0x700f5,0x25,0x16fc,0x26,0x16f4,0x16fb,0x16f9,
0x300f7,0x16fd,0x0,0x400fa,0x16fc,0x16fe,0x16fd,0x200f8,
0x16fe,0x50051,0x1b,0x16ff,0x1571,0x1,0x500b0,0x25,
0x1700,0x16ff,0x114,0x200f9,0x16fd,0x200f8,0x16fd,0x700f5,
0x25,0x1701,0x26,0x16f8,0x1700,0x16fe,0x200f9,0x16f1,
0x200f8,0x16f1,0x700f5,0x25,0x1702,0x2b,0x16de,0x1701,
0x16fd,0x400a8,0x25,0x1703,0x1702,0x300f7,0x1704,0x0,
0x400fa,0x1703,0x1705,0x1704,0x200f8,0x1705,0x500ae,0x25,
0x1706,0x1694,0x115,0x300f7,0x1707,0x0,0x400fa,0x1706,
0x1708,0x1707,0x200f8,0x1708,0x500b0,0x25,0x1709,0x1694,
0x116,0x200f9,0x1707,0x200f8,0x1707,0x700f5,0x25,0x170a,
0x26,0x1705,0x1709,0x1708,0x300f7,0x170b,0x0,0x400fa,
0x170a,0x170c,0x170b,0x200f8,0x170c,0x50051,0x1b,0x170d,
0x1571,0x1,0x500ae,0x25,0x170e,0x170d,0x117,0x200f9,
0x170b,0x200f8,0x170b,0x700f5,0x25,0x170f,0x26,0x1707,
0x170e,0x170c,0x300f7,0x1710,0x0,0x400fa,0x170f,0x1711,
0x1710,0x200f8,0x1711,0x50051,0x1b,0x1712,0x1571,0x1,
0x500b0,0x25,0x1713,0x1712,0x111,0x200f9,0x1710,0x200f8,
0x1710,0x700f5,0x25,0x1714,0x26,0x170b,0x1713,0x1711,
0x200f9,0x1704,0x200f8,0x1704,0x700f5,0x25,0x1715,0x2b,
0x16f1,0x1714,0x1710,0x400a8,0x25,0x1716,0x1715,0x300f7,
0x1717,0x0,0x400fa,0x1716,0x1718,0x1717,0x200f8,0x1718,
0x500ae,0x25,0x1719,0x1694,0x116,0x300f7,0x171a,0x0,
0x400fa,0x1719,0x171b,0x171a,0x200f8,0x171b,0x500b0,0x25,
0x171c,0x1694,0x118,0x200f9,0x171a,0x200f8,0x171a,0x700f5,
0x25,0x171d,0x26,0x1718,0x171c,0x171b,0x300f7,0x171e,
0x0,0x400fa,0x171d,0x171f,0x171e,0x200f8,0x171f,0x50051,
0x1b,0x1720,0x1571,0x1,0x500ae,0x25,0x1721,0x1720,
0x119,0x200f9,0x171e,0x200f8,0x171e,0x700f5,0x25,0x1722,
0x26,0x171a,0x1721,0x171f,0x300f7,0x1723,0x0,0x400fa,
0x1722,0x1724,0x1723,0x200f8,0x1724,0x50051,0x1b,0x1725,
0x1571,0x1,0x500b0,0x25,0x1726,0x1725,0x11a,0x200f9,
0x1723,0x200f8,0x1723,0x700f5,0x25,0x1727,0x26,0x171e,
0x1726,0x1724,0x200f9,0x1717,0x200f8,0x1717,0x700f5,0x25,
0x1728,0x2b,0x1704,0x1727,0x1723,0x400a8,0x25,0x1729,
0x1728,0x300f7,0x172a,0x0,0x400fa,0x1729,0x172b,0x172a,
0x200f8,0x172b,0x500ae,0x25,0x172c,0x1694,0x11b,0x300f7,
0x172d,0x0,0x400fa,0x172c,0x172e,0x172d,0x200f8,0x172e,
0x500b0,0x25,0x172f,0x1694,0x11c,0x200f9,0x172d,0x200f8,
0x172d,0x700f5,0x25,0x1730,0x26,0x172b,0x172f,0x172e,
0x300f7,0x1731,0x0,0x400fa,0x1730,0x1732,0x1731,0x200f8,
0x1732,0x50051,0x1b,0x1733,0x1571,0x1,0x500ae,0x25,
0x1734,0x1733,0x11d,0x200f9,0x1731,0x200f8,0x1731,0x700f5,
0x25,0x1735,0x26,0x172d,0x1734,0x1732,0x300f7,0x1736,
0x0,0x400fa,0x1735,0x1737,0x1736,0x200f8,0x1737,0x50051,
0x1b,0x1738,0x1571,0x1,0x500b0,0x25,0x1739,0x1738,
0x112,0x200f9,0x1736,0x200f8,0x1736,0x700f5,0x25,0x173a,
0x26,0x1731,0x1739,0x1737,0x200f9,0x172a,0x200f8,0x172a,
0x700f5,0x25,0x173b,0x2b,0x1717,0x173a,0x1736,0x400a8,
0x25,0x173c,0x173b,0x300f7,0x173d,0x0,0x400fa,0x173c,
0x173e,0x173d,0x200f8,0x173e,0x500ae,0x25,0x173f,0x1694,
0x11e,0x300f7,0x1740,0x0,0x400fa,0x173f,0x1741,0x1740,
0x200f8,0x1741,0x500b0,0x25,0x1742,0x1694,0xf5,0x200f9,
0x1740,0x200f8,0x1740,0x700f5,0x25,0x1743,0x26,0x173e,
0x1742,0x1741,0x300f7,0x1744,0x0,0x400fa,0x1743,0x1745,
0x1744,0x200f8,0x1745,0x50051,0x1b,0x1746,0x1571,0x1,
0x500ae,0x25,0x1747,0x1746,0x11b,0x200f9,0x1744,0x200f8,
0x1744,0x700f5,0x25,0x1748,0x26,0x1740,0x1747,0x1745,
0x300f7,0x1749,0x0,0x400fa,0x1748,0x174a,0x1749,0x200f8,
0x174a,0x50051,0x1b,0x174b,0x1571,0x1,0x500b0,0x25,
0x174c,0x174b,0x11f,0x200f9,0x1749,0x200f8,0x1749,0x700f5,
0x25,0x174d,0x26,0x1744,0x174c,0x174a,0x200f9,0x173d,
0x200f8,0x173d,0x700f5,0x25,0x174e,0x2b,0x172a,0x174d,
0x1749,0x400a8,0x25,0x174f,0x174e,0x300f7,0x1750,0x0,
0x400fa,0x174f,0x1751,0x1750,0x200f8,0x1751,0x500ae,0x25,
0x1752,0x1694,0x120,0x300f7,0x1753,0x0,0x400fa,0x1752,
0x1754,0x1753,0x200f8,0x1754,0x500b0,0x25,0x1755,0x1694,
0x119,0x200f9,0x1753,0x200f8,0x1753,0x700f5,0x25,0x1756,
0x26,0x1751,0x1755,0x1754,0x300f7,0x1757,0x0,0x400fa,
0x1756,0x1758,0x1757,0x200f8,0x1758,0x50051,0x1b,0x1759,
0x1571,0x1,0x500ae,0x25,0x175a,0x1759,0x112,0x200f9,
0x1757,0x200f8,0x1757,0x700f5,0x25,0x175b,0x26,0x1753,
0x175a,0x1758,0x300f7,0x175c,0x0,0x400fa,0x175b,0x175d,
0x175c,0x200f8,0x175d,0x50051,0x1b,0x175e,0x1571,0x1,
0x500b0,0x25,0x175f,0x175e,0x113,0x200f9,0x175c,0x200f8,
0x175c,0x700f5,0x25,0x1760,0x26,0x1757,0x175f,0x175d,
0x200f9,0x1750,0x200f8,0x1750,0x700f5,0x25,0x1761,0x2b,
0x173d,0x1760,0x175c,0x400a8,0x25,0x1762,0x1761,0x300f7,
0x1763,0x0,0x400fa,0x1762,0x1764,0x1763,0x200f8,0x1764,
0x500ae,0x25,0x1765,0x1694,0xfa,0x300f7,0x1766,0x0,
0x400fa,0x1765,0x1767,0x1766,0x200f8,0x1767,0x500b0,0x25,
0x1768,0x1694,0x121,0x200f9,0x1766,0x200f8,0x1766,0x700f5,
0x25,0x1769,0x26,0x1764,0x1768,0x1767,0x300f7,0x176a,
0x0,0x400fa,0x1769,0x176b,0x176a,0x200f8,0x176b,0x50051,
0x1b,0x176c,0x1571,0x1,0x500ae,0x25,0x176d,0x176c,
0x113,0x200f9,0x176a,0x200f8,0x176a,0x700f5,0x25,0x176e,
0x26,0x1766,0x176d,0x176b,0x300f7,0x176f,0x0,0x400fa,
0x176e,0x1770,0x176f,0x200f8,0x1770,0x50051,0x1b,0x1771,
0x1571,0x1,0x500b0,0x25,0x1772,0x1771,0xfa,0x200f9,
0x176f,0x200f8,0x176f,0x700f5,0x25,0x1773,0x26,0x176a,
0x1772,0x1770,0x200f9,0x1763,0x200f8,0x1763,0x700f5,0x25,
0x1774,0x2b,0x1750,0x1773,0x176f,0x400a8,0x25,0x1775,
0x1774,0x300f7,0x1776,0x0,0x400fa,0x1775,0x1777,0x1776,
0x200f8,0x1777,0x500ae,0x25,0x1778,0x1694,0x10a,0x300f7,
0x1779,0x0,0x400fa,0x1778,0x177a,0x1779,0x200f8,0x177a,
0x500b0,0x25,0x177b,0x1694,0xb8,0x200f9,0x1779,0x200f8,
0x1779,0x700f5,0x25,0x177c,0x26,0x1777,0x177b,0x177a,
0x300f7,0x177d,0x0,0x400fa,0x177c,0x177e,0x177d,0x200f8,
0x177e,0x50051,0x1b,0x177f,0x1571,0x1,0x500ae,0x25,
0x1780,0x177f,0x105,0x200f9,0x177d,0x200f8,0x177d,0x700f5,
0x25,0x1781,0x26,0x1779,0x1780,0x177e,0x300f7,0x1782,
0x0,0x400fa,0x1781,0x1783,0x1782,0x200f8,0x1783,0x50051,
0x1b,0x1784,0x1571,0x1,0x500b0,0x25,0x1785,0x1784,
0xf0,0x200f9,0x1782,0x200f8,0x1782,0x700f5,0x25,0x1786,
0x26,0x177d,0x1785,0x1783,0x200f9,0x1776,0x200f8,0x1776,
0x700f5,0x25,0x1787,0x2b,0x1763,0x1786,0x1782,0x400a8,
0x25,0x1788,0x1787,0x300f7,0x1789,0x0,0x400fa,0x1788,
0x178a,0x1789,0x200f8,0x178a,0x500ae,0x25,0x178b,0x1694,
0x4e,0x300f7,0x178c,0x0,0x400fa,0x178b,0x178d,0x178c,
0x200f8,0x178d,0x500b0,0x25,0x178e,0x1694,0x10c,0x200f9,
0x178c,0x200f8,0x178c,0x700f5,0x25,0x178f,0x26,0x178a,
0x178e,0x178d,0x300f7,0x1790,0x0,0x400fa,0x178f,0x1791,
0x1790,0x200f8,0x1791,0x50051,0x1b,0x1792,0x1571,0x1,
0x500ae,0x25,0x1793,0x1792,0x114,0x200f9,0x1790,0x200f8,
0x1790,0x700f5,0x25,0x1794,0x26,0x178c,0x1793,0x1791,
0x300f7,0x1795,0x0,0x400fa,0x1794,0x1796,0x1795,0x200f8,
0x1796,0x50051,0x1b,0x1797,0x1571,0x1,0x500b0,0x25,
0x1798,0x1797,0x120,0x200f9,0x1795,0x200f8,0x1795,0x700f5,
0x25,0x1799,0x26,0x1790,0x1798,0x1796,0x200f9,0x1789,
0x200f8,0x1789,0x700f5,0x25,0x179a,0x2b,0x1776,0x1799,
0x1795,0x400a8,0x25,0x179b,0x179a,0x300f7,0x179c,0x0,
0x400fa,0x179b,0x179d,0x179c,0x200f8,0x179d,0x500ae,0x25,
0x179e,0x1694,0xf7,0x300f7,0x179f,0x0,0x400fa,0x179e,
0x17a0,0x179f,0x200f8,0x17a0,0x500b0,0x25,0x17a1,0x1694,
0x122,0x200f9,0x179f,0x200f8,0x179f,0x700f5,0x25,0x17a2,
0x26,0x179d,0x17a1,0x17a0,0x300f7,0x17a3,0x0,0x400fa,
0x17a2,0x17a4,0x17a3,0x200f8,0x17a4,0x50051,0x1b,0x17a5,
0x1571,0x1,0x500ae,0x25,0x17a6,0x17a5,0x123,0x200f9,
0x17a3,0x200f8,0x17a3,0x700f5,0x25,0x17a7,0x26,0x179f,
0x17a6,0x17a4,0x300f7,0x17a8,0x0,0x400fa,0x17a7,0x17a9,
0x17a8,0x200f8,0x17a9,0x50051,0x1b,0x17aa,0x1571,0x1,
0x500b0,0x25,0x17ab,0x17aa,0x5d,0x200f9,0x17a8,0x200f8,
0x17a8,0x700f5,0x25,0x17ac,0x26,0x17a3,0x17ab,0x17a9,
0x200f9,0x179c,0x200f8,0x179c,0x700f5,0x25,0x17ad,0x2b,
0x1789,0x17ac,0x17a8,0x400a8,0x25,0x17ae,0x17ad,0x300f7,
0x17af,0x0,0x400fa,0x17ae,0x17b0,0x17af,0x200f8,0x17b0,
0x500ae,0x25,0x17b1,0x1694,0x124,0x300f7,0x17b2,0x0,
0x400fa,0x17b1,0x17b3,0x17b2,0x200f8,0x17b3,0x500b0,0x25,
0x17b4,0x1694,0x111,0x200f9,0x17b2,0x200f8,0x17b2,0x700f5,
0x25,0x17b5,0x26,0x17b0,0x17b4,0x17b3,0x300f7,0x17b6,
0x0,0x400fa,0x17b5,0x17b7,0x17b6,0x200f8,0x17b7,0x50051,
0x1b,0x17b8,0x1571,0x1,0x500ae,0x25,0x17b9,0x17b8,
0x102,0x200f9,0x17b6,0x200f8,0x17b6,0x700f5,0x25,0x17ba,
0x26,0x17b2,0x17b9,0x17b7,0x300f7,0x17bb,0x0,0x400fa,
0x17ba,0x17bc,0x17bb,0x200f8,0x17bc,0x50051,0x1b,0x17bd,
0x1571,0x1,0x500b0,0x25,0x17be,0x17bd,0x125,0x200f9,
0x17bb,0x200f8,0x17bb,0x700f5,0x25,0x17bf,0x26,0x17b6,
0x17be,0x17bc,0x200f9,0x17af,0x200f8,0x17af,0x700f5,0x25,
0x17c0,0x2b,0x179c,0x17bf,0x17bb,0x4007c,0x1c,0x17c1,
0x148e,0x500af,0x25,0x17c2,0x1693,0x21,0x300f7,0x17c3,
0x0,0x400fa,0x17c2,0x17c4,0x17c3,0x200f8,0x17c4,0x500af,
0x25,0x17c5,0x1693,0x168a,0x200f9,0x17c3,0x200f8,0x17c3,
0x700f5,0x25,0x17c6,0x2b,0x17af,0x17c5,0x17c4,0x400a8,
0x25,0x17c7,0x17c6,0x300f7,0x17c8,0x0,0x400fa,0x17c7,
0x17c9,0x17c8,0x200f8,0x17c9,0x50051,0x1c,0x17ca,0x140d,
0x1,0x500b1,0x25,0x17cb,0x17ca,0x21,0x200f9,0x17c8,
0x200f8,0x17c8,0x700f5,0x25,0x17cc,0x2b,0x17c3,0x17cb,
0x17c9,0x400a8,0x25,0x17cd,0x17cc,0x300f7,0x17ce,0x0,
0x400fa,0x17cd,0x17cf,0x17ce,0x200f8,0x17cf,0x50051,0x1c,
0x17d0,0x140d,0x1,0x500af,0x25,0x17d1,0x17d0,0x17c1,
0x200f9,0x17ce,0x200f8,0x17ce,0x700f5,0x25,0x17d2,0x2b,
0x17c8,0x17d1,0x17cf,0x600a9,0x25,0x17d3,0x17d2,0x17c0,
0x26,0x600a9,0x1b,0x17d4,0x17d3,0x8f,0x1672,0x200f9,
0x1688,0x200f8,0x1688,0x700f5,0x1b,0x17d5,0x1672,0x1676,
0x17d4,0x17ce,0x4003d,0x1b,0x17d6,0xbd5,0x500c7,0x1b,
0x17d7,0x17d6,0x2c,0x500ab,0x25,0x17d8,0x17d7,0x1d,
0x300f7,0x17d9,0x0,0x400fa,0x17d8,0x17da,0x17d9,0x200f8,
0x17da,0x50080,0x1b,0x17db,0xbd3,0x37,0x50080,0x1b,
0x17dc,0x17db,0x17d5,0x60041,0x14f,0x17dd,0x18,0x21,
0x17dc,0x4003d,0x1b,0x17de,0x17dd,0x500c7,0x1b,0x17df,
0x17de,0x126,0x500aa,0x25,0x17e0,0x17df,0x1d,0x200f9,
0x17d9,0x200f8,0x17d9,0x700f5,0x25,0x17e1,0x26,0x1688,
0x17e0,0x17da,0x300f7,0x17e2,0x0,0x400fa,0x17e1,0x17e3,
0x17e2,0x200f8,0x17e3,0x200f9,0x122b,0x200f8,0x17e2,0x50080,
0x1b,0x17e4,0xbd3,0x37,0x50080,0x1b,0x17e5,0x17e4,
0x17d5,0x60041,0x14f,0x17e6,0x18,0x21,0x17e5,0x4003d,
0x1b,0x17e7,0x17e6,0x50080,0x1b,0x17e8,0xbd3,0x4d,
0x60041,0x14f,0x17e9,0x18,0x21,0x17e8,0x4003d,0x1b,
0x17ea,0x17e9,0x50082,0x1b,0x17eb,0x46,0x17ea,0x500c7,
0x1b,0x17ec,0x17e7,0x34,0x500c2,0x1b,0x17ed,0x17e7,
0x2f,0x500c7,0x1b,0x17ee,0x17ed,0x34,0x500c2,0x1b,
0x17ef,0x17e7,0x37,0x500c7,0x1b,0x17f0,0x17ef,0x34,
0x60050,0xb5,0x17f1,0x17ec,0x17ee,0x17f0,0x60050,0xb5,
0x17f2,0x17eb,0x17eb,0x17eb,0x50084,0xb5,0x17f3,0x17f1,
0x17f2,0x50086,0xb5,0x17f4,0x17f3,0xb6,0x500c2,0x1b,
0x17f5,0x17e7,0x4a,0x40070,0x27,0x17f6,0x17f5,0x50051,
0x1b,0x17f7,0x17f4,0x0,0x50051,0x1b,0x17f8,0x17f4,
0x1,0x50051,0x1b,0x17f9,0x17f4,0x2,0x40070,0x27,
0x17fa,0x17f7,0x40070,0x27,0x17fb,0x17f8,0x40070,0x27,
0x17fc,0x17f9,0x70050,0x39,0x17fd,0x17fa,0x17fb,0x17fc,
0x17f6,0x50085,0x39,0x17fe,0x17fd,0x15d,0x500c7,0x1b,
0x17ff,0x1a5,0x31,0x500ab,0x25,0x1800,0x17ff,0x1d,
0x300f7,0x1801,0x0,0x400fa,0x1800,0x1802,0x1801,0x200f8,
0x1802,0x8004f,0x3b,0x1803,0x17fe,0x17fe,0x0,0x1,
0x2,0x500bc,0x151,0x1804,0x1803,0x3c,0x50085,0x3b,
0x1805,0x1803,0x15f,0x50081,0x3b,0x1806,0x1803,0x3e,
0x50085,0x3b,0x1807,0x1806,0x161,0x7000c,0x3b,0x1808,
0x1,0x1a,0x1807,0x40,0x600a9,0x3b,0x1809,0x1804,
0x1805,0x1808,0x9004f,0x39,0x180a,0x17fe,0x1809,0x4,
0x5,0x6,0x3,0x200f9,0x1801,0x200f8,0x1801,0x700f5,
0x39,0x180b,0x17fe,0x17e2,0x180a,0x1802,0x200f9,0x122b,
0x200f8,0x122b,0x1900f5,0x39,0x180c,0xe6,0x1269,0x12a0,
0x1296,0xe6,0x13da,0xe6,0x1421,0xe6,0x1436,0xe6,
0x145a,0x1482,0x1478,0xe6,0x15b5,0xe6,0x1611,0xe6,
0x17e3,0x180b,0x1801,0x200f9,0x1228,0x200f8,0x1228,0x700f5,
0x39,0x180d,0x180c,0x122b,0xc5,0x122a,0x500b4,0x25,
0x180e,0x1226,0x28,0x300f7,0x180f,0x0,0x400fa,0x180e,
0x1810,0x180f,0x200f8,0x1810,0x50051,0x27,0x1811,0x180d,
0x3,0x500b4,0x25,0x1812,0x1811,0x28,0x300f7,0x1813,
0x0,0x400fa,0x1812,0x1814,0x1813,0x200f8,0x1814,0x100fc,
0x200f8,0x1813,0x200f9,0xbd0,0x200f8,0x180f,0x5008e,0x3b,
0x1815,0x1213,0xc6,0x5008e,0x3b,0x1816,0x1213,0x96,
0x50081,0x3b,0x1817,0x1816,0xc8,0x6000c,0x3b,0x1818,
0x1,0x8,0x1817,0x4006e,0x127,0x1819,0x1818,0x6000c,
0x3b,0x181a,0x1,0xa,0x1817,0x50085,0x3b,0x181b,
0x181a,0x181a,0x5008e,0x3b,0x181c,0x181a,0x98,0x50083,
0x3b,0x181d,0x97,0x181c,0x50085,0x3b,0x181e,0x181b,
0x181d,0x50051,0x1c,0x181f,0x1819,0x0,0x4007c,0x1b,
0x1820,0x181f,0x50084,0x1b,0x1821,0x1820,0x139,0x50051,
0x1c,0x1822,0x1819,0x1,0x4007c,0x1b,0x1823,0x1822,
0x50084,0x1b,0x1824,0x1823,0x13a,0x50080,0x1b,0x1825,
0x1821,0x1824,0x50051,0x1c,0x1826,0x1819,0x2,0x4007c,
0x1b,0x1827,0x1826,0x50084,0x1b,0x1828,0x1827,0x13b,
0x50080,0x1b,0x1829,0x1825,0x1828,0x500c2,0x1b,0x182a,
0x1829,0x37,0x500c6,0x1b,0x182b,0x1829,0x182a,0x50084,
0x1b,0x182c,0x182b,0x13c,0x500c2,0x1b,0x182d,0x182c,
0x4d,0x500c6,0x1b,0x182e,0x182c,0x182d,0x50084,0x1b,
0x182f,0x182e,0x13d,0x500c2,0x1b,0x1830,0x182f,0x37,
0x500c6,0x1b,0x1831,0x182f,0x1830,0x500c7,0x1b,0x1832,
0x1831,0x126,0x40070,0x27,0x1833,0x1832,0x50085,0x27,
0x1834,0x1833,0x170,0x50080,0x127,0x1835,0x1819,0x128,
0x50051,0x1c,0x1836,0x1835,0x0,0x4007c,0x1b,0x1837,
0x1836,0x50084,0x1b,0x1838,0x1837,0x139,0x50051,0x1c,
0x1839,0x1835,0x1,0x4007c,0x1b,0x183a,0x1839,0x50084,
0x1b,0x183b,0x183a,0x13a,0x50080,0x1b,0x183c,0x1838,
0x183b,0x50051,0x1c,0x183d,0x1835,0x2,0x4007c,0x1b,
0x183e,0x183d,0x50084,0x1b,0x183f,0x183e,0x13b,0x50080,
0x1b,0x1840,0x183c,0x183f,0x500c2,0x1b,0x1841,0x1840,
0x37,0x500c6,0x1b,0x1842,0x1840,0x1841,0x50084,0x1b,
0x1843,0x1842,0x13c,0x500c2,0x1b,0x1844,0x1843,0x4d,
0x500c6,0x1b,0x1845,0x1843,0x1844,0x50084,0x1b,0x1846,
0x1845,0x13d,0x500c2,0x1b,0x1847,0x1846,0x37,0x500c6,
0x1b,0x1848,0x1846,0x1847,0x500c7,0x1b,0x1849,0x1848,
0x126,0x40070,0x27,0x184a,0x1849,0x50085,0x27,0x184b,
0x184a,0x170,0x50080,0x127,0x184c,0x1819,0x129,0x50051,
0x1c,0x184d,0x184c,0x0,0x4007c,0x1b,0x184e,0x184d,
0x50084,0x1b,0x184f,0x184e,0x139,0x50051,0x1c,0x1850,
0x184c,0x1,0x4007c,0x1b,0x1851,0x1850,0x50084,0x1b,
0x1852,0x1851,0x13a,0x50080,0x1b,0x1853,0x184f,0x1852,
0x50051,0x1c,0x1854,0x184c,0x2,0x4007c,0x1b,0x1855,
0x1854,0x50084,0x1b,0x1856,0x1855,0x13b,0x50080,0x1b,
0x1857,0x1853,0x1856,0x500c2,0x1b,0x1858,0x1857,0x37,
0x500c6,0x1b,0x1859,0x1857,0x1858,0x50084,0x1b,0x185a,
0x1859,0x13c,0x500c2,0x1b,0x185b,0x185a,0x4d,0x500c6,
0x1b,0x185c,0x185a,0x185b,0x50084,0x1b,0x185d,0x185c,
0x13d,0x500c2,0x1b,0x185e,0x185d,0x37,0x500c6,0x1b,
0x185f,0x185d,0x185e,0x500c7,0x1b,0x1860,0x185f,0x126,
0x40070,0x27,0x1861,0x1860,0x50085,0x27,0x1862,0x1861,
0x170,0x50080,0x127,0x1863,0x1819,0x12a,0x50051,0x1c,
0x1864,0x1863,0x0,0x4007c,0x1b,0x1865,0x1864,0x50084,
0x1b,0x1866,0x1865,0x139,0x50051,0x1c,0x1867,0x1863,
0x1,0x4007c,0x1b,0x1868,0x1867,0x50084,0x1b,0x1869,
0x1868,0x13a,0x50080,0x1b,0x186a,0x1866,0x1869,0x50051,
0x1c,0x186b,0x1863,0x2,0x4007c,0x1b,0x186c,0x186b,
0x50084,0x1b,0x186d,0x186c,0x13b,0x50080,0x1b,0x186e,
0x186a,0x186d,0x500c2,0x1b,0x186f,0x186e,0x37,0x500c6,
0x1b,0x1870,0x186e,0x186f,0x50084,0x1b,0x1871,0x1870,
0x13c,0x500c2,0x1b,0x1872,0x1871,0x4d,0x500c6,0x1b,
0x1873,0x1871,0x1872,0x50084,0x1b,0x1874,0x1873,0x13d,
0x500c2,0x1b,0x1875,0x1874,0x37,0x500c6,0x1b,0x1876,
0x1874,0x1875,0x500c7,0x1b,0x1877,0x1876,0x126,0x40070,
0x27,0x1878,0x1877,0x50085,0x27,0x1879,0x1878,0x170,
0x50080,0x127,0x187a,0x1819,0x12b,0x50051,0x1c,0x187b,
0x187a,0x0,0x4007c,0x1b,0x187c,0x187b,0x50084,0x1b,
0x187d,0x187c,0x139,0x50051,0x1c,0x187e,0x187a,0x1,
0x4007c,0x1b,0x187f,0x187e,0x50084,0x1b,0x1880,0x187f,
0x13a,0x50080,0x1b,0x1881,0x187d,0x1880,0x50051,0x1c,
0x1882,0x187a,0x2,0x4007c,0x1b,0x1883,0x1882,0x50084,
0x1b,0x1884,0x1883,0x13b,0x50080,0x1b,0x1885,0x1881,
0x1884,0x500c2,0x1b,0x1886,0x1885,0x37,0x500c6,0x1b,
0x1887,0x1885,0x1886,0x50084,0x1b,0x1888,0x1887,0x13c,
0x500c2,0x1b,0x1889,0x1888,0x4d,0x500c6,0x1b,0x188a,
0x1888,0x1889,0x50084,0x1b,0x188b,0x188a,0x13d,0x500c2,
0x1b,0x188c,0x188b,0x37,0x500c6,0x1b,0x188d,0x188b,
0x188c,0x500c7,0x1b,0x188e,0x188d,0x126,0x40070,0x27,
0x188f,0x188e,0x50085,0x27,0x1890,0x188f,0x170,0x50080,
0x127,0x1891,0x1819,0x12c,0x50051,0x1c,0x1892,0x1891,
0x0,0x4007c,0x1b,0x1893,0x1892,0x50084,0x1b,0x1894,
0x1893,0x139,0x50051,0x1c,0x1895,0x1891,0x1,0x4007c,
0x1b,0x1896,0x1895,0x50084,0x1b,0x1897,0x1896,0x13a,
0x50080,0x1b,0x1898,0x1894,0x1897,0x50051,0x1c,0x1899,
0x1891,0x2,0x4007c,0x1b,0x189a,0x1899,0x50084,0x1b,
0x189b,0x189a,0x13b,0x50080,0x1b,0x189c,0x1898,0x189b,
0x500c2,0x1b,0x189d,0x189c,0x37,0x500c6,0x1b,0x189e,
0x189c,0x189d,0x50084,0x1b,0x189f,0x189e,0x13c,0x500c2,
0x1b,0x18a0,0x189f,0x4d,0x500c6,0x1b,0x18a1,0x189f,
0x18a0,0x50084,0x1b,0x18a2,0x18a1,0x13d,0x500c2,0x1b,
0x18a3,0x18a2,0x37,0x500c6,0x1b,0x18a4,0x18a2,0x18a3,
0x500c7,0x1b,0x18a5,0x18a4,0x126,0x40070,0x27,0x18a6,
0x18a5,0x50085,0x27,0x18a7,0x18a6,0x170,0x50080,0x127,
0x18a8,0x1819,0x12d,0x50051,0x1c,0x18a9,0x18a8,0x0,
0x4007c,0x1b,0x18aa,0x18a9,0x50084,0x1b,0x18ab,0x18aa,
0x139,0x50051,0x1c,0x18ac,0x18a8,0x1,0x4007c,0x1b,
0x18ad,0x18ac,0x50084,0x1b,0x18ae,0x18ad,0x13a,0x50080,
0x1b,0x18af,0x18ab,0x18ae,0x50051,0x1c,0x18b0,0x18a8,
0x2,0x4007c,0x1b,0x18b1,0x18b0,0x50084,0x1b,0x18b2,
0x18b1,0x13b,0x50080,0x1b,0x18b3,0x18af,0x18b2,0x500c2,
0x1b,0x18b4,0x18b3,0x37,0x500c6,0x1b,0x18b5,0x18b3,
0x18b4,0x50084,0x1b,0x18b6,0x18b5,0x13c,0x500c2,0x1b,
0x18b7,0x18b6,0x4d,0x500c6,0x1b,0x18b8,0x18b6,0x18b7,
0x50084,0x1b,0x18b9,0x18b8,0x13d,0x500c2,0x1b,0x18ba,
0x18b9,0x37,0x500c6,0x1b,0x18bb,0x18b9,0x18ba,0x500c7,
0x1b,0x18bc,0x18bb,0x126,0x40070,0x27,0x18bd,0x18bc,
0x50085,0x27,0x18be,0x18bd,0x170,0x50080,0x127,0x18bf,
0x1819,0x12e,0x50051,0x1c,0x18c0,0x18bf,0x0,0x4007c,
0x1b,0x18c1,0x18c0,0x50084,0x1b,0x18c2,0x18c1,0x139,
0x50051,0x1c,0x18c3,0x18bf,0x1,0x4007c,0x1b,0x18c4,
0x18c3,0x50084,0x1b,0x18c5,0x18c4,0x13a,0x50080,0x1b,
0x18c6,0x18c2,0x18c5,0x50051,0x1c,0x18c7,0x18bf,0x2,
0x4007c,0x1b,0x18c8,0x18c7,0x50084,0x1b,0x18c9,0x18c8,
0x13b,0x50080,0x1b,0x18ca,0x18c6,0x18c9,0x500c2,0x1b,
0x18cb,0x18ca,0x37,0x500c6,0x1b,0x18cc,0x18ca,0x18cb,
0x50084,0x1b,0x18cd,0x18cc,0x13c,0x500c2,0x1b,0x18ce,
0x18cd,0x4d,0x500c6,0x1b,0x18cf,0x18cd,0x18ce,0x50084,
0x1b,0x18d0,0x18cf,0x13d,0x500c2,0x1b,0x18d1,0x18d0,
0x37,0x500c6,0x1b,0x18d2,0x18d0,0x18d1,0x500c7,0x1b,
0x18d3,0x18d2,0x126,0x40070,0x27,0x18d4,0x18d3,0x50085,
0x27,0x18d5,0x18d4,0x170,0x50051,0x27,0x18d6,0x181e,
0x0,0x8000c,0x27,0x18d7,0x1,0x2e,0x1834,0x184b,
0x18d6,0x8000c,0x27,0x18d8,0x1,0x2e,0x1862,0x1879,
0x18d6,0x50051,0x27,0x18d9,0x181e,0x1,0x8000c,0x27,
0x18da,0x1,0x2e,0x18d7,0x18d8,0x18d9,0x8000c,0x27,
0x18db,0x1,0x2e,0x1890,0x18a7,0x18d6,0x8000c,0x27,
0x18dc,0x1,0x2e,0x18be,0x18d5,0x18d6,0x8000c,0x27,
0x18dd,0x1,0x2e,0x18db,0x18dc,0x18d9,0x50051,0x27,
0x18de,0x181e,0x2,0x8000c,0x27,0x18df,0x1,0x2e,
0x18da,0x18dd,0x18de,0x50081,0x3b,0x18e0,0x1816,0xca,
0x6000c,0x3b,0x18e1,0x1,0x8,0x18e0,0x4006e,0x127,
0x18e2,0x18e1,0x6000c,0x3b,0x18e3,0x1,0xa,0x18e0,
0x50085,0x3b,0x18e4,0x18e3,0x18e3,0x5008e,0x3b,0x18e5,
0x18e3,0x98,0x50083,0x3b,0x18e6,0x97,0x18e5,0x50085,
0x3b,0x18e7,0x18e4,0x18e6,0x50051,0x1c,0x18e8,0x18e2,
0x0,0x4007c,0x1b,0x18e9,0x18e8,0x50084,0x1b,0x18ea,
0x18e9,0x139,0x50051,0x1c,0x18eb,0x18e2,0x1,0x4007c,
0x1b,0x18ec,0x18eb,0x50084,0x1b,0x18ed,0x18ec,0x13a,
0x50080,0x1b,0x18ee,0x18ea,0x18ed,0x50051,0x1c,0x18ef,
0x18e2,0x2,0x4007c,0x1b,0x18f0,0x18ef,0x50084,0x1b,
0x18f1,0x18f0,0x13b,0x50080,0x1b,0x18f2,0x18ee,0x18f1,
0x500c2,0x1b,0x18f3,0x18f2,0x37,0x500c6,0x1b,0x18f4,
0x18f2,0x18f3,0x50084,0x1b,0x18f5,0x18f4,0x13c,0x500c2,
0x1b,0x18f6,0x18f5,0x4d,0x500c6,0x1b,0x18f7,0x18f5,
0x18f6,0x50084,0x1b,0x18f8,0x18f7,0x13d,0x500c2,0x1b,
0x18f9,0x18f8,0x37,0x500c6,0x1b,0x18fa,0x18f8,0x18f9,
0x500c7,0x1b,0x18fb,0x18fa,0x126,0x40070,0x27,0x18fc,
0x18fb,0x50085,0x27,0x18fd,0x18fc,0x170,0x50080,0x127,
0x18fe,0x18e2,0x128,0x50051,0x1c,0x18ff,0x18fe,0x0,
0x4007c,0x1b,0x1900,0x18ff,0x50084,0x1b,0x1901,0x1900,
0x139,0x50051,0x1c,0x1902,0x18fe,0x1,0x4007c,0x1b,
0x1903,0x1902,0x50084,0x1b,0x1904,0x1903,0x13a,0x50080,
0x1b,0x1905,0x1901,0x1904,0x50051,0x1c,0x1906,0x18fe,
0x2,0x4007c,0x1b,0x1907,0x1906,0x50084,0x1b,0x1908,
0x1907,0x13b,0x50080,0x1b,0x1909,0x1905,0x1908,0x500c2,
0x1b,0x190a,0x1909,0x37,0x500c6,0x1b,0x190b,0x1909,
0x190a,0x50084,0x1b,0x190c,0x190b,0x13c,0x500c2,0x1b,
0x190d,0x190c,0x4d,0x500c6,0x1b,0x190e,0x190c,0x190d,
0x50084,0x1b,0x190f,0x190e,0x13d,0x500c2,0x1b,0x1910,
0x190f,0x37,0x500c6,0x1b,0x1911,0x190f,0x1910,0x500c7,
0x1b,0x1912,0x1911,0x126,0x40070,0x27,0x1913,0x1912,
0x50085,0x27,0x1914,0x1913,0x170,0x50080,0x127,0x1915,
0x18e2,0x129,0x50051,0x1c,0x1916,0x1915,0x0,0x4007c,
0x1b,0x1917,0x1916,0x50084,0x1b,0x1918,0x1917,0x139,
0x50051,0x1c,0x1919,0x1915,0x1,0x4007c,0x1b,0x191a,
0x1919,0x50084,0x1b,0x191b,0x191a,0x13a,0x50080,0x1b,
0x191c,0x1918,0x191b,0x50051,0x1c,0x191d,0x1915,0x2,
0x4007c,0x1b,0x191e,0x191d,0x50084,0x1b,0x191f,0x191e,
0x13b,0x50080,0x1b,0x1920,0x191c,0x191f,0x500c2,0x1b,
0x1921,0x1920,0x37,0x500c6,0x1b,0x1922,0x1920,0x1921,
0x50084,0x1b,0x1923,0x1922,0x13c,0x500c2,0x1b,0x1924,
0x1923,0x4d,0x500c6,0x1b,0x1925,0x1923,0x1924,0x50084,
0x1b,0x1926,0x1925,0x13d,0x500c2,0x1b,0x1927,0x1926,
0x37,0x500c6,0x1b,0x1928,0x1926,0x1927,0x500c7,0x1b,
0x1929,0x1928,0x126,0x40070,0x27,0x192a,0x1929,0x50085,
0x27,0x192b,0x192a,0x170,0x50080,0x127,0x192c,0x18e2,
0x12a,0x50051,0x1c,0x192d,0x192c,0x0,0x4007c,0x1b,
0x192e,0x192d,0x50084,0x1b,0x192f,0x192e,0x139,0x50051,
0x1c,0x1930,0x192c,0x1,0x4007c,0x1b,0x1931,0x1930,
0x50084,0x1b,0x1932,0x1931,0x13a,0x50080,0x1b,0x1933,
0x192f,0x1932,0x50051,0x1c,0x1934,0x192c,0x2,0x4007c,
0x1b,0x1935,0x1934,0x50084,0x1b,0x1936,0x1935,0x13b,
0x50080,0x1b,0x1937,0x1933,0x1936,0x500c2,0x1b,0x1938,
0x1937,0x37,0x500c6,0x1b,0x1939,0x1937,0x1938,0x50084,
0x1b,0x193a,0x1939,0x13c,0x500c2,0x1b,0x193b,0x193a,
0x4d,0x500c6,0x1b,0x193c,0x193a,0x193b,0x50084,0x1b,
0x193d,0x193c,0x13d,0x500c2,0x1b,0x193e,0x193d,0x37,
0x500c6,0x1b,0x193f,0x193d,0x193e,0x500c7,0x1b,0x1940,
0x193f,0x126,0x40070,0x27,0x1941,0x1940,0x50085,0x27,
0x1942,0x1941,0x170,0x50080,0x127,0x1943,0x18e2,0x12b,
0x50051,0x1c,0x1944,0x1943,0x0,0x4007c,0x1b,0x1945,
0x1944,0x50084,0x1b,0x1946,0x1945,0x139,0x50051,0x1c,
0x1947,0x1943,0x1,0x4007c,0x1b,0x1948,0x1947,0x50084,
0x1b,0x1949,0x1948,0x13a,0x50080,0x1b,0x194a,0x1946,
0x1949,0x50051,0x1c,0x194b,0x1943,0x2,0x4007c,0x1b,
0x194c,0x194b,0x50084,0x1b,0x194d,0x194c,0x13b,0x50080,
0x1b,0x194e,0x194a,0x194d,0x500c2,0x1b,0x194f,0x194e,
0x37,0x500c6,0x1b,0x1950,0x194e,0x194f,0x50084,0x1b,
0x1951,0x1950,0x13c,0x500c2,0x1b,0x1952,0x1951,0x4d,
0x500c6,0x1b,0x1953,0x1951,0x1952,0x50084,0x1b,0x1954,
0x1953,0x13d,0x500c2,0x1b,0x1955,0x1954,0x37,0x500c6,
0x1b,0x1956,0x1954,0x1955,0x500c7,0x1b,0x1957,0x1956,
0x126,0x40070,0x27,0x1958,0x1957,0x50085,0x27,0x1959,
0x1958,0x170,0x50080,0x127,0x195a,0x18e2,0x12c,0x50051,
0x1c,0x195b,0x195a,0x0,0x4007c,0x1b,0x195c,0x195b,
0x50084,0x1b,0x195d,0x195c,0x139,0x50051,0x1c,0x195e,
0x195a,0x1,0x4007c,0x1b,0x195f,0x195e,0x50084,0x1b,
0x1960,0x195f,0x13a,0x50080,0x1b,0x1961,0x195d,0x1960,
0x50051,0x1c,0x1962,0x195a,0x2,0x4007c,0x1b,0x1963,
0x1962,0x50084,0x1b,0x1964,0x1963,0x13b,0x50080,0x1b,
0x1965,0x1961,0x1964,0x500c2,0x1b,0x1966,0x1965,0x37,
0x500c6,0x1b,0x1967,0x1965,0x1966,0x50084,0x1b,0x1968,
0x1967,0x13c,0x500c2,0x1b,0x1969,0x1968,0x4d,0x500c6,
0x1b,0x196a,0x1968,0x1969,0x50084,0x1b,0x196b,0x196a,
0x13d,0x500c2,0x1b,0x196c,0x196b,0x37,0x500c6,0x1b,
0x196d,0x196b,0x196c,0x500c7,0x1b,0x196e,0x196d,0x126,
0x40070,0x27,0x196f,0x196e,0x50085,0x27,0x1970,0x196f,
0x170,0x50080,0x127,0x1971,0x18e2,0x12d,0x50051,0x1c,
0x1972,0x1971,0x0,0x4007c,0x1b,0x1973,0x1972,0x50084,
0x1b,0x1974,0x1973,0x139,0x50051,0x1c,0x1975,0x1971,
0x1,0x4007c,0x1b,0x1976,0x1975,0x50084,0x1b,0x1977,
0x1976,0x13a,0x50080,0x1b,0x1978,0x1974,0x1977,0x50051,
0x1c,0x1979,0x1971,0x2,0x4007c,0x1b,0x197a,0x1979,
0x50084,0x1b,0x197b,0x197a,0x13b,0x50080,0x1b,0x197c,
0x1978,0x197b,0x500c2,0x1b,0x197d,0x197c,0x37,0x500c6,
0x1b,0x197e,0x197c,0x197d,0x50084,0x1b,0x197f,0x197e,
0x13c,0x500c2,0x1b,0x1980,0x197f,0x4d,0x500c6,0x1b,
0x1981,0x197f,0x1980,0x50084,0x1b,0x1982,0x1981,0x13d,
0x500c2,0x1b,0x1983,0x1982,0x37,0x500c6,0x1b,0x1984,
0x1982,0x1983,0x500c7,0x1b,0x1985,0x1984,0x126,0x40070,
0x27,0x1986,0x1985,0x50085,0x27,0x1987,0x1986,0x170,
0x50080,0x127,0x1988,0x18e2,0x12e,0x50051,0x1c,0x1989,
0x1988,0x0,0x4007c,0x1b,0x198a,0x1989,0x50084,0x1b,
0x198b,0x198a,0x139,0x50051,0x1c,0x198c,0x1988,0x1,
0x4007c,0x1b,0x198d,0x198c,0x50084,0x1b,0x198e,0x198d,
0x13a,0x50080,0x1b,0x198f,0x198b,0x198e,0x50051,0x1c,
0x1990,0x1988,0x2,0x4007c,0x1b,0x1991,0x1990,0x50084,
0x1b,0x1992,0x1991,0x13b,0x50080,0x1b,0x1993,0x198f,
0x1992,0x500c2,0x1b,0x1994,0x1993,0x37,0x500c6,0x1b,
0x1995,0x1993,0x1994,0x50084,0x1b,0x1996,0x1995,0x13c,
0x500c2,0x1b,0x1997,0x1996,0x4d,0x500c6,0x1b,0x1998,
0x1996,0x1997,0x50084,0x1b,0x1999,0x1998,0x13d,0x500c2,
0x1b,0x199a,0x1999,0x37,0x500c6,0x1b,0x199b,0x1999,
0x199a,0x500c7,0x1b,0x199c,0x199b,0x126,0x40070,0x27,
0x199d,0x199c,0x50085,0x27,0x199e,0x199d,0x170,0x50051,
0x27,0x199f,0x18e7,0x0,0x8000c,0x27,0x19a0,0x1,
0x2e,0x18fd,0x1914,0x199f,0x8000c,0x27,0x19a1,0x1,
0x2e,0x192b,0x1942,0x199f,0x50051,0x27,0x19a2,0x18e7,
0x1,0x8000c,0x27,0x19a3,0x1,0x2e,0x19a0,0x19a1,
0x19a2,0x8000c,0x27,0x19a4,0x1,0x2e,0x1959,0x1970,
0x199f,0x8000c,0x27,0x19a5,0x1,0x2e,0x1987,0x199e,
0x199f,0x8000c,0x27,0x19a6,0x1,0x2e,0x19a4,0x19a5,
0x19a2,0x50051,0x27,0x19a7,0x18e7,0x2,0x8000c,0x27,
0x19a8,0x1,0x2e,0x19a3,0x19a6,0x19a7,0x50081,0x3b,
0x19a9,0x1816,0xcc,0x6000c,0x3b,0x19aa,0x1,0x8,
0x19a9,0x4006e,0x127,0x19ab,0x19aa,0x6000c,0x3b,0x19ac,
0x1,0xa,0x19a9,0x50085,0x3b,0x19ad,0x19ac,0x19ac,
0x5008e,0x3b,0x19ae,0x19ac,0x98,0x50083,0x3b,0x19af,
0x97,0x19ae,0x50085,0x3b,0x19b0,0x19ad,0x19af,0x50051,
0x1c,0x19b1,0x19ab,0x0,0x4007c,0x1b,0x19b2,0x19b1,
0x50084,0x1b,0x19b3,0x19b2,0x139,0x50051,0x1c,0x19b4,
0x19ab,0x1,0x4007c,0x1b,0x19b5,0x19b4,0x50084,0x1b,
0x19b6,0x19b5,0x13a,0x50080,0x1b,0x19b7,0x19b3,0x19b6,
0x50051,0x1c,0x19b8,0x19ab,0x2,0x4007c,0x1b,0x19b9,
0x19b8,0x50084,0x1b,0x19ba,0x19b9,0x13b,0x50080,0x1b,
0x19bb,0x19b7,0x19ba,0x500c2,0x1b,0x19bc,0x19bb,0x37,
0x500c6,0x1b,0x19bd,0x19bb,0x19bc,0x50084,0x1b,0x19be,
0x19bd,0x13c,0x500c2,0x1b,0x19bf,0x19be,0x4d,0x500c6,
0x1b,0x19c0,0x19be,0x19bf,0x50084,0x1b,0x19c1,0x19c0,
0x13d,0x500c2,0x1b,0x19c2,0x19c1,0x37,0x500c6,0x1b,
0x19c3,0x19c1,0x19c2,0x500c7,0x1b,0x19c4,0x19c3,0x126,
0x40070,0x27,0x19c5,0x19c4,0x50085,0x27,0x19c6,0x19c5,
0x170,0x50080,0x127,0x19c7,0x19ab,0x128,0x50051,0x1c,
0x19c8,0x19c7,0x0,0x4007c,0x1b,0x19c9,0x19c8,0x50084,
0x1b,0x19ca,0x19c9,0x139,0x50051,0x1c,0x19cb,0x19c7,
0x1,0x4007c,0x1b,0x19cc,0x19cb,0x50084,0x1b,0x19cd,
0x19cc,0x13a,0x50080,0x1b,0x19ce,0x19ca,0x19cd,0x50051,
0x1c,0x19cf,0x19c7,0x2,0x4007c,0x1b,0x19d0,0x19cf,
0x50084,0x1b,0x19d1,0x19d0,0x13b,0x50080,0x1b,0x19d2,
0x19ce,0x19d1,0x500c2,0x1b,0x19d3,0x19d2,0x37,0x500c6,
0x1b,0x19d4,0x19d2,0x19d3,0x50084,0x1b,0x19d5,0x19d4,
0x13c,0x500c2,0x1b,0x19d6,0x19d5,0x4d,0x500c6,0x1b,
0x19d7,0x19d5,0x19d6,0x50084,0x1b,0x19d8,0x19d7,0x13d,
0x500c2,0x1b,0x19d9,0x19d8,0x37,0x500c6,0x1b,0x19da,
0x19d8,0x19d9,0x500c7,0x1b,0x19db,0x19da,0x126,0x40070,
0x27,0x19dc,0x19db,0x50085,0x27,0x19dd,0x19dc,0x170,
0x50080,0x127,0x19de,0x19ab,0x129,0x50051,0x1c,0x19df,
0x19de,0x0,0x4007c,0x1b,0x19e0,0x19df,0x50084,0x1b,
0x19e1,0x19e0,0x139,0x50051,0x1c,0x19e2,0x19de,0x1,
0x4007c,0x1b,0x19e3,0x19e2,0x50084,0x1b,0x19e4,0x19e3,
0x13a,0x50080,0x1b,0x19e5,0x19e1,0x19e4,0x50051,0x1c,
0x19e6,0x19de,0x2,0x4007c,0x1b,0x19e7,0x19e6,0x50084,
0x1b,0x19e8,0x19e7,0x13b,0x50080,0x1b,0x19e9,0x19e5,
0x19e8,0x500c2,0x1b,0x19ea,0x19e9,0x37,0x500c6,0x1b,
0x19eb,0x19e9,0x19ea,0x50084,0x1b,0x19ec,0x19eb,0x13c,
0x500c2,0x1b,0x19ed,0x19ec,0x4d,0x500c6,0x1b,0x19ee,
0x19ec,0x19ed,0x50084,0x1b,0x19ef,0x19ee,0x13d,0x500c2,
0x1b,0x19f0,0x19ef,0x37,0x500c6,0x1b,0x19f1,0x19ef,
0x19f0,0x500c7,0x1b,0x19f2,0x19f1,0x126,0x40070,0x27,
0x19f3,0x19f2,0x50085,0x27,0x19f4,0x19f3,0x170,0x50080,
0x127,0x19f5,0x19ab,0x12a,0x50051,0x1c,0x19f6,0x19f5,
0x0,0x4007c,0x1b,0x19f7,0x19f6,0x50084,0x1b,0x19f8,
0x19f7,0x139,0x50051,0x1c,0x19f9,0x19f5,0x1,0x4007c,
0x1b,0x19fa,0x19f9,0x50084,0x1b,0x19fb,0x19fa,0x13a,
0x50080,0x1b,0x19fc,0x19f8,0x19fb,0x50051,0x1c,0x19fd,
0x19f5,0x2,0x4007c,0x1b,0x19fe,0x19fd,0x50084,0x1b,
0x19ff,0x19fe,0x13b,0x50080,0x1b,0x1a00,0x19fc,0x19ff,
0x500c2,0x1b,0x1a01,0x1a00,0x37,0x500c6,0x1b,0x1a02,
0x1a00,0x1a01,0x50084,0x1b,0x1a03,0x1a02,0x13c,0x500c2,
0x1b,0x1a04,0x1a03,0x4d,0x500c6,0x1b,0x1a05,0x1a03,
0x1a04,0x50084,0x1b,0x1a06,0x1a05,0x13d,0x500c2,0x1b,
0x1a07,0x1a06,0x37,0x500c6,0x1b,0x1a08,0x1a06,0x1a07,
0x500c7,0x1b,0x1a09,0x1a08,0x126,0x40070,0x27,0x1a0a,
0x1a09,0x50085,0x27,0x1a0b,0x1a0a,0x170,0x50080,0x127,
0x1a0c,0x19ab,0x12b,0x50051,0x1c,0x1a0d,0x1a0c,0x0,
0x4007c,0x1b,0x1a0e,0x1a0d,0x50084,0x1b,0x1a0f,0x1a0e,
0x139,0x50051,0x1c,0x1a10,0x1a0c,0x1,0x4007c,0x1b,
0x1a11,0x1a10,0x50084,0x1b,0x1a12,0x1a11,0x13a,0x50080,
0x1b,0x1a13,0x1a0f,0x1a12,0x50051,0x1c,0x1a14,0x1a0c,
0x2,0x4007c,0x1b,0x1a15,0x1a14,0x50084,0x1b,0x1a16,
0x1a15,0x13b,0x50080,0x1b,0x1a17,0x1a13,0x1a16,0x500c2,
0x1b,0x1a18,0x1a17,0x37,0x500c6,0x1b,0x1a19,0x1a17,
0x1a18,0x50084,0x1b,0x1a1a,0x1a19,0x13c,0x500c2,0x1b,
0x1a1b,0x1a1a,0x4d,0x500c6,0x1b,0x1a1c,0x1a1a,0x1a1b,
0x50084,0x1b,0x1a1d,0x1a1c,0x13d,0x500c2,0x1b,0x1a1e,
0x1a1d,0x37,0x500c6,0x1b,0x1a1f,0x1a1d,0x1a1e,0x500c7,
0x1b,0x1a20,0x1a1f,0x126,0x40070,0x27,0x1a21,0x1a20,
0x50085,0x27,0x1a22,0x1a21,0x170,0x50080,0x127,0x1a23,
0x19ab,0x12c,0x50051,0x1c,0x1a24,0x1a23,0x0,0x4007c,
0x1b,0x1a25,0x1a24,0x50084,0x1b,0x1a26,0x1a25,0x139,
0x50051,0x1c,0x1a27,0x1a23,0x1,0x4007c,0x1b,0x1a28,
0x1a27,0x50084,0x1b,0x1a29,0x1a28,0x13a,0x50080,0x1b,
0x1a2a,0x1a26,0x1a29,0x50051,0x1c,0x1a2b,0x1a23,0x2,
0x4007c,0x1b,0x1a2c,0x1a2b,0x50084,0x1b,0x1a2d,0x1a2c,
0x13b,0x50080,0x1b,0x1a2e,0x1a2a,0x1a2d,0x500c2,0x1b,
0x1a2f,0x1a2e,0x37,0x500c6,0x1b,0x1a30,0x1a2e,0x1a2f,
0x50084,0x1b,0x1a31,0x1a30,0x13c,0x500c2,0x1b,0x1a32,
0x1a31,0x4d,0x500c6,0x1b,0x1a33,0x1a31,0x1a32,0x50084,
0x1b,0x1a34,0x1a33,0x13d,0x500c2,0x1b,0x1a35,0x1a34,
0x37,0x500c6,0x1b,0x1a36,0x1a34,0x1a35,0x500c7,0x1b,
0x1a37,0x1a36,0x126,0x40070,0x27,0x1a38,0x1a37,0x50085,
0x27,0x1a39,0x1a38,0x170,0x50080,0x127,0x1a3a,0x19ab,
0x12d,0x50051,0x1c,0x1a3b,0x1a3a,0x0,0x4007c,0x1b,
0x1a3c,0x1a3b,0x50084,0x1b,0x1a3d,0x1a3c,0x139,0x50051,
0x1c,0x1a3e,0x1a3a,0x1,0x4007c,0x1b,0x1a3f,0x1a3e,
0x50084,0x1b,0x1a40,0x1a3f,0x13a,0x50080,0x1b,0x1a41,
0x1a3d,0x1a40,0x50051,0x1c,0x1a42,0x1a3a,0x2,0x4007c,
0x1b,0x1a43,0x1a42,0x50084,0x1b,0x1a44,0x1a43,0x13b,
0x50080,0x1b,0x1a45,0x1a41,0x1a44,0x500c2,0x1b,0x1a46,
0x1a45,0x37,0x500c6,0x1b,0x1a47,0x1a45,0x1a46,0x50084,
0x1b,0x1a48,0x1a47,0x13c,0x500c2,0x1b,0x1a49,0x1a48,
0x4d,0x500c6,0x1b,0x1a4a,0x1a48,0x1a49,0x50084,0x1b,
0x1a4b,0x1a4a,0x13d,0x500c2,0x1b,0x1a4c,0x1a4b,0x37,
0x500c6,0x1b,0x1a4d,0x1a4b,0x1a4c,0x500c7,0x1b,0x1a4e,
0x1a4d,0x126,0x40070,0x27,0x1a4f,0x1a4e,0x50085,0x27,
0x1a50,0x1a4f,0x170,0x50080,0x127,0x1a51,0x19ab,0x12e,
0x50051,0x1c,0x1a52,0x1a51,0x0,0x4007c,0x1b,0x1a53,
0x1a52,0x50084,0x1b,0x1a54,0x1a53,0x139,0x50051,0x1c,
0x1a55,0x1a51,0x1,0x4007c,0x1b,0x1a56,0x1a55,0x50084,
0x1b,0x1a57,0x1a56,0x13a,0x50080,0x1b,0x1a58,0x1a54,
0x1a57,0x50051,0x1c,0x1a59,0x1a51,0x2,0x4007c,0x1b,
0x1a5a,0x1a59,0x50084,0x1b,0x1a5b,0x1a5a,0x13b,0x50080,
0x1b,0x1a5c,0x1a58,0x1a5b,0x500c2,0x1b,0x1a5d,0x1a5c,
0x37,0x500c6,0x1b,0x1a5e,0x1a5c,0x1a5d,0x50084,0x1b,
0x1a5f,0x1a5e,0x13c,0x500c2,0x1b,0x1a60,0x1a5f,0x4d,
0x500c6,0x1b,0x1a61,0x1a5f,0x1a60,0x50084,0x1b,0x1a62,
0x1a61,0x13d,0x500c2,0x1b,0x1a63,0x1a62,0x37,0x500c6,
0x1b,0x1a64,0x1a62,0x1a63,0x500c7,0x1b,0x1a65,0x1a64,
0x126,0x40070,0x27,0x1a66,0x1a65,0x50085,0x27,0x1a67,
0x1a66,0x170,0x50051,0x27,0x1a68,0x19b0,0x0,0x8000c,
0x27,0x1a69,0x1,0x2e,0x19c6,0x19dd,0x1a68,0x8000c,
0x27,0x1a6a,0x1,0x2e,0x19f4,0x1a0b,0x1a68,0x50051,
0x27,0x1a6b,0x19b0,0x1,0x8000c,0x27,0x1a6c,0x1,
0x2e,0x1a69,0x1a6a,0x1a6b,0x8000c,0x27,0x1a6d,0x1,
0x2e,0x1a22,0x1a39,0x1a68,0x8000c,0x27,0x1a6e,0x1,
0x2e,0x1a50,0x1a67,0x1a68,0x8000c,0x27,0x1a6f,0x1,
0x2e,0x1a6d,0x1a6e,0x1a6b,0x50051,0x27,0x1a70,0x19b0,
0x2,0x8000c,0x27,0x1a71,0x1,0x2e,0x1a6c,0x1a6f,
0x1a70,0x60050,0x3b,0x1a72,0x18df,0x19a8,0x1a71,0x5008e,
0x3b,0x1a73,0x1a72,0xb1,0x50081,0x3b,0x1a74,0x1815,
0x1a73,0x6000c,0x3b,0x1a75,0x1,0x8,0x1a74,0x4006e,
0x127,0x1a76,0x1a75,0x6000c,0x3b,0x1a77,0x1,0xa,
0x1a74,0x50085,0x3b,0x1a78,0x1a77,0x1a77,0x5008e,0x3b,
0x1a79,0x1a77,0x98,0x50083,0x3b,0x1a7a,0x97,0x1a79,
0x50085,0x3b,0x1a7b,0x1a78,0x1a7a,0x50051,0x1c,0x1a7c,
0x1a76,0x0,0x4007c,0x1b,0x1a7d,0x1a7c,0x50084,0x1b,
0x1a7e,0x1a7d,0x139,0x50051,0x1c,0x1a7f,0x1a76,0x1,
0x4007c,0x1b,0x1a80,0x1a7f,0x50084,0x1b,0x1a81,0x1a80,
0x13a,0x50080,0x1b,0x1a82,0x1a7e,0x1a81,0x50051,0x1c,
0x1a83,0x1a76,0x2,0x4007c,0x1b,0x1a84,0x1a83,0x50084,
0x1b,0x1a85,0x1a84,0x13b,0x50080,0x1b,0x1a86,0x1a82,
0x1a85,0x500c2,0x1b,0x1a87,0x1a86,0x37,0x500c6,0x1b,
0x1a88,0x1a86,0x1a87,0x50084,0x1b,0x1a89,0x1a88,0x13c,
0x500c2,0x1b,0x1a8a,0x1a89,0x4d,0x500c6,0x1b,0x1a8b,
0x1a89,0x1a8a,0x50084,0x1b,0x1a8c,0x1a8b,0x13d,0x500c2,
0x1b,0x1a8d,0x1a8c,0x37,0x500c6,0x1b,0x1a8e,0x1a8c,
0x1a8d,0x500c7,0x1b,0x1a8f,0x1a8e,0x126,0x40070,0x27,
0x1a90,0x1a8f,0x50085,0x27,0x1a91,0x1a90,0x170,0x50080,
0x127,0x1a92,0x1a76,0x128,0x50051,0x1c,0x1a93,0x1a92,
0x0,0x4007c,0x1b,0x1a94,0x1a93,0x50084,0x1b,0x1a95,
0x1a94,0x139,0x50051,0x1c,0x1a96,0x1a92,0x1,0x4007c,
0x1b,0x1a97,0x1a96,0x50084,0x1b,0x1a98,0x1a97,0x13a,
0x50080,0x1b,0x1a99,0x1a95,0x1a98,0x50051,0x1c,0x1a9a,
0x1a92,0x2,0x4007c,0x1b,0x1a9b,0x1a9a,0x50084,0x1b,
0x1a9c,0x1a9b,0x13b,0x50080,0x1b,0x1a9d,0x1a99,0x1a9c,
0x500c2,0x1b,0x1a9e,0x1a9d,0x37,0x500c6,0x1b,0x1a9f,
0x1a9d,0x1a9e,0x50084,0x1b,0x1aa0,0x1a9f,0x13c,0x500c2,
0x1b,0x1aa1,0x1aa0,0x4d,0x500c6,0x1b,0x1aa2,0x1aa0,
0x1aa1,0x50084,0x1b,0x1aa3,0x1aa2,0x13d,0x500c2,0x1b,
0x1aa4,0x1aa3,0x37,0x500c6,0x1b,0x1aa5,0x1aa3,0x1aa4,
0x500c7,0x1b,0x1aa6,0x1aa5,0x126,0x40070,0x27,0x1aa7,
0x1aa6,0x50085,0x27,0x1aa8,0x1aa7,0x170,0x50080,0x127,
0x1aa9,0x1a76,0x129,0x50051,0x1c,0x1aaa,0x1aa9,0x0,
0x4007c,0x1b,0x1aab,0x1aaa,0x50084,0x1b,0x1aac,0x1aab,
0x139,0x50051,0x1c,0x1aad,0x1aa9,0x1,0x4007c,0x1b,
0x1aae,0x1aad,0x50084,0x1b,0x1aaf,0x1aae,0x13a,0x50080,
0x1b,0x1ab0,0x1aac,0x1aaf,0x50051,0x1c,0x1ab1,0x1aa9,
0x2,0x4007c,0x1b,0x1ab2,0x1ab1,0x50084,0x1b,0x1ab3,
0x1ab2,0x13b,0x50080,0x1b,0x1ab4,0x1ab0,0x1ab3,0x500c2,
0x1b,0x1ab5,0x1ab4,0x37,0x500c6,0x1b,0x1ab6,0x1ab4,
0x1ab5,0x50084,0x1b,0x1ab7,0x1ab6,0x13c,0x500c2,0x1b,
0x1ab8,0x1ab7,0x4d,0x500c6,0x1b,0x1ab9,0x1ab7,0x1ab8,
0x50084,0x1b,0x1aba,0x1ab9,0x13d,0x500c2,0x1b,0x1abb,
0x1aba,0x37,0x500c6,0x1b,0x1abc,0x1aba,0x1abb,0x500c7,
0x1b,0x1abd,0x1abc,0x126,0x40070,0x27,0x1abe,0x1abd,
0x50085,0x27,0x1abf,0x1abe,0x170,0x50080,0x127,0x1ac0,
0x1a76,0x12a,0x50051,0x1c,0x1ac1,0x1ac0,0x0,0x4007c,
0x1b,0x1ac2,0x1ac1,0x50084,0x1b,0x1ac3,0x1ac2,0x139,
0x50051,0x1c,0x1ac4,0x1ac0,0x1,0x4007c,0x1b,0x1ac5,
0x1ac4,0x50084,0x1b,0x1ac6,0x1ac5,0x13a,0x50080,0x1b,
0x1ac7,0x1ac3,0x1ac6,0x50051,0x1c,0x1ac8,0x1ac0,0x2,
0x4007c,0x1b,0x1ac9,0x1ac8,0x50084,0x1b,0x1aca,0x1ac9,
0x13b,0x50080,0x1b,0x1acb,0x1ac7,0x1aca,0x500c2,0x1b,
0x1acc,0x1acb,0x37,0x500c6,0x1b,0x1acd,0x1acb,0x1acc,
0x50084,0x1b,0x1ace,0x1acd,0x13c,0x500c2,0x1b,0x1acf,
0x1ace,0x4d,0x500c6,0x1b,0x1ad0,0x1ace,0x1acf,0x50084,
0x1b,0x1ad1,0x1ad0,0x13d,0x500c2,0x1b,0x1ad2,0x1ad1,
0x37,0x500c6,0x1b,0x1ad3,0x1ad1,0x1ad2,0x500c7,0x1b,
0x1ad4,0x1ad3,0x126,0x40070,0x27,0x1ad5,0x1ad4,0x50085,
0x27,0x1ad6,0x1ad5,0x170,0x50080,0x127,0x1ad7,0x1a76,
0x12b,0x50051,0x1c,0x1ad8,0x1ad7,0x0,0x4007c,0x1b,
0x1ad9,0x1ad8,0x50084,0x1b,0x1ada,0x1ad9,0x139,0x50051,
0x1c,0x1adb,0x1ad7,0x1,0x4007c,0x1b,0x1adc,0x1adb,
0x50084,0x1b,0x1add,0x1adc,0x13a,0x50080,0x1b,0x1ade,
0x1ada,0x1add,0x50051,0x1c,0x1adf,0x1ad7,0x2,0x4007c,
0x1b,0x1ae0,0x1adf,0x50084,0x1b,0x1ae1,0x1ae0,0x13b,
0x50080,0x1b,0x1ae2,0x1ade,0x1ae1,0x500c2,0x1b,0x1ae3,
0x1ae2,0x37,0x500c6,0x1b,0x1ae4,0x1ae2,0x1ae3,0x50084,
0x1b,0x1ae5,0x1ae4,0x13c,0x500c2,0x1b,0x1ae6,0x1ae5,
0x4d,0x500c6,0x1b,0x1ae7,0x1ae5,0x1ae6,0x50084,0x1b,
0x1ae8,0x1ae7,0x13d,0x500c2,0x1b,0x1ae9,0x1ae8,0x37,
0x500c6,0x1b,0x1aea,0x1ae8,0x1ae9,0x500c7,0x1b,0x1aeb,
0x1aea,0x126,0x40070,0x27,0x1aec,0x1aeb,0x50085,0x27,
0x1aed,0x1aec,0x170,0x50080,0x127,0x1aee,0x1a76,0x12c,
0x50051,0x1c,0x1aef,0x1aee,0x0,0x4007c,0x1b,0x1af0,
0x1aef,0x50084,0x1b,0x1af1,0x1af0,0x139,0x50051,0x1c,
0x1af2,0x1aee,0x1,0x4007c,0x1b,0x1af3,0x1af2,0x50084,
0x1b,0x1af4,0x1af3,0x13a,0x50080,0x1b,0x1af5,0x1af1,
0x1af4,0x50051,0x1c,0x1af6,0x1aee,0x2,0x4007c,0x1b,
0x1af7,0x1af6,0x50084,0x1b,0x1af8,0x1af7,0x13b,0x50080,
0x1b,0x1af9,0x1af5,0x1af8,0x500c2,0x1b,0x1afa,0x1af9,
0x37,0x500c6,0x1b,0x1afb,0x1af9,0x1afa,0x50084,0x1b,
0x1afc,0x1afb,0x13c,0x500c2,0x1b,0x1afd,0x1afc,0x4d,
0x500c6,0x1b,0x1afe,0x1afc,0x1afd,0x50084,0x1b,0x1aff,
0x1afe,0x13d,0x500c2,0x1b,0x1b00,0x1aff,0x37,0x500c6,
0x1b,0x1b01,0x1aff,0x1b00,0x500c7,0x1b,0x1b02,0x1b01,
0x126,0x40070,0x27,0x1b03,0x1b02,0x50085,0x27,0x1b04,
0x1b03,0x170,0x50080,0x127,0x1b05,0x1a76,0x12d,0x50051,
0x1c,0x1b06,0x1b05,0x0,0x4007c,0x1b,0x1b07,0x1b06,
0x50084,0x1b,0x1b08,0x1b07,0x139,0x50051,0x1c,0x1b09,
0x1b05,0x1,0x4007c,0x1b,0x1b0a,0x1b09,0x50084,0x1b,
0x1b0b,0x1b0a,0x13a,0x50080,0x1b,0x1b0c,0x1b08,0x1b0b,
0x50051,0x1c,0x1b0d,0x1b05,0x2,0x4007c,0x1b,0x1b0e,
0x1b0d,0x50084,0x1b,0x1b0f,0x1b0e,0x13b,0x50080,0x1b,
0x1b10,0x1b0c,0x1b0f,0x500c2,0x1b,0x1b11,0x1b10,0x37,
0x500c6,0x1b,0x1b12,0x1b10,0x1b11,0x50084,0x1b,0x1b13,
0x1b12,0x13c,0x500c2,0x1b,0x1b14,0x1b13,0x4d,0x500c6,
0x1b,0x1b15,0x1b13,0x1b14,0x50084,0x1b,0x1b16,0x1b15,
0x13d,0x500c2,0x1b,0x1b17,0x1b16,0x37,0x500c6,0x1b,
0x1b18,0x1b16,0x1b17,0x500c7,0x1b,0x1b19,0x1b18,0x126,
0x40070,0x27,0x1b1a,0x1b19,0x50085,0x27,0x1b1b,0x1b1a,
0x170,0x50080,0x127,0x1b1c,0x1a76,0x12e,0x50051,0x1c,
0x1b1d,0x1b1c,0x0,0x4007c,0x1b,0x1b1e,0x1b1d,0x50084,
0x1b,0x1b1f,0x1b1e,0x139,0x50051,0x1c,0x1b20,0x1b1c,
0x1,0x4007c,0x1b,0x1b21,0x1b20,0x50084,0x1b,0x1b22,
0x1b21,0x13a,0x50080,0x1b,0x1b23,0x1b1f,0x1b22,0x50051,
0x1c,0x1b24,0x1b1c,0x2,0x4007c,0x1b,0x1b25,0x1b24,
0x50084,0x1b,0x1b26,0x1b25,0x13b,0x50080,0x1b,0x1b27,
0x1b23,0x1b26,0x500c2,0x1b,0x1b28,0x1b27,0x37,0x500c6,
0x1b,0x1b29,0x1b27,0x1b28,0x50084,0x1b,0x1b2a,0x1b29,
0x13c,0x500c2,0x1b,0x1b2b,0x1b2a,0x4d,0x500c6,0x1b,
0x1b2c,0x1b2a,0x1b2b,0x50084,0x1b,0x1b2d,0x1b2c,0x13d,
0x500c2,0x1b,0x1b2e,0x1b2d,0x37,0x500c6,0x1b,0x1b2f,
0x1b2d,0x1b2e,0x500c7,0x1b,0x1b30,0x1b2f,0x126,0x40070,
0x27,0x1b31,0x1b30,0x50085,0x27,0x1b32,0x1b31,0x170,
0x50051,0x27,0x1b33,0x1a7b,0x0,0x8000c,0x27,0x1b34,
0x1,0x2e,0x1a91,0x1aa8,0x1b33,0x8000c,0x27,0x1b35,
0x1,0x2e,0x1abf,0x1ad6,0x1b33,0x50051,0x27,0x1b36,
0x1a7b,0x1,0x8000c,0x27,0x1b37,0x1,0x2e,0x1b34,
0x1b35,0x1b36,0x8000c,0x27,0x1b38,0x1,0x2e,0x1aed,
0x1b04,0x1b33,0x8000c,0x27,0x1b39,0x1,0x2e,0x1b1b,
0x1b32,0x1b33,0x8000c,0x27,0x1b3a,0x1,0x2e,0x1b38,
0x1b39,0x1b36,0x50051,0x27,0x1b3b,0x1a7b,0x2,0x8000c,
0x27,0x1b3c,0x1,0x2e,0x1b37,0x1b3a,0x1b3b,0x50085,
0x27,0x1b3d,0x1b3c,0x68,0x5008e,0x3b,0x1b3e,0x1a74,
0xcd,0x50081,0x3b,0x1b3f,0x1b3e,0xcf,0x6000c,0x3b,
0x1b40,0x1,0x8,0x1b3f,0x4006e,0x127,0x1b41,0x1b40,
0x6000c,0x3b,0x1b42,0x1,0xa,0x1b3f,0x50085,0x3b,
0x1b43,0x1b42,0x1b42,0x5008e,0x3b,0x1b44,0x1b42,0x98,
0x50083,0x3b,0x1b45,0x97,0x1b44,0x50085,0x3b,0x1b46,
0x1b43,0x1b45,0x50051,0x1c,0x1b47,0x1b41,0x0,0x4007c,
0x1b,0x1b48,0x1b47,0x50084,0x1b,0x1b49,0x1b48,0x139,
0x50051,0x1c,0x1b4a,0x1b41,0x1,0x4007c,0x1b,0x1b4b,
0x1b4a,0x50084,0x1b,0x1b4c,0x1b4b,0x13a,0x50080,0x1b,
0x1b4d,0x1b49,0x1b4c,0x50051,0x1c,0x1b4e,0x1b41,0x2,
0x4007c,0x1b,0x1b4f,0x1b4e,0x50084,0x1b,0x1b50,0x1b4f,
0x13b,0x50080,0x1b,0x1b51,0x1b4d,0x1b50,0x500c2,0x1b,
0x1b52,0x1b51,0x37,0x500c6,0x1b,0x1b53,0x1b51,0x1b52,
0x50084,0x1b,0x1b54,0x1b53,0x13c,0x500c2,0x1b,0x1b55,
0x1b54,0x4d,0x500c6,0x1b,0x1b56,0x1b54,0x1b55,0x50084,
0x1b,0x1b57,0x1b56,0x13d,0x500c2,0x1b,0x1b58,0x1b57,
0x37,0x500c6,0x1b,0x1b59,0x1b57,0x1b58,0x500c7,0x1b,
0x1b5a,0x1b59,0x126,0x40070,0x27,0x1b5b,0x1b5a,0x50085,
0x27,0x1b5c,0x1b5b,0x170,0x50080,0x127,0x1b5d,0x1b41,
0x128,0x50051,0x1c,0x1b5e,0x1b5d,0x0,0x4007c,0x1b,
0x1b5f,0x1b5e,0x50084,0x1b,0x1b60,0x1b5f,0x139,0x50051,
0x1c,0x1b61,0x1b5d,0x1,0x4007c,0x1b,0x1b62,0x1b61,
0x50084,0x1b,0x1b63,0x1b62,0x13a,0x50080,0x1b,0x1b64,
0x1b60,0x1b63,0x50051,0x1c,0x1b65,0x1b5d,0x2,0x4007c,
0x1b,0x1b66,0x1b65,0x50084,0x1b,0x1b67,0x1b66,0x13b,
0x50080,0x1b,0x1b68,0x1b64,0x1b67,0x500c2,0x1b,0x1b69,
0x1b68,0x37,0x500c6,0x1b,0x1b6a,0x1b68,0x1b69,0x50084,
0x1b,0x1b6b,0x1b6a,0x13c,0x500c2,0x1b,0x1b6c,0x1b6b,
0x4d,0x500c6,0x1b,0x1b6d,0x1b6b,0x1b6c,0x50084,0x1b,
0x1b6e,0x1b6d,0x13d,0x500c2,0x1b,0x1b6f,0x1b6e,0x37,
0x500c6,0x1b,0x1b70,0x1b6e,0x1b6f,0x500c7,0x1b,0x1b71,
0x1b70,0x126,0x40070,0x27,0x1b72,0x1b71,0x50085,0x27,
0x1b73,0x1b72,0x170,0x50080,0x127,0x1b74,0x1b41,0x129,
0x50051,0x1c,0x1b75,0x1b74,0x0,0x4007c,0x1b,0x1b76,
0x1b75,0x50084,0x1b,0x1b77,0x1b76,0x139,0x50051,0x1c,
0x1b78,0x1b74,0x1,0x4007c,0x1b,0x1b79,0x1b78,0x50084,
0x1b,0x1b7a,0x1b79,0x13a,0x50080,0x1b,0x1b7b,0x1b77,
0x1b7a,0x50051,0x1c,0x1b7c,0x1b74,0x2,0x4007c,0x1b,
0x1b7d,0x1b7c,0x50084,0x1b,0x1b7e,0x1b7d,0x13b,0x50080,
0x1b,0x1b7f,0x1b7b,0x1b7e,0x500c2,0x1b,0x1b80,0x1b7f,
0x37,0x500c6,0x1b,0x1b81,0x1b7f,0x1b80,0x50084,0x1b,
0x1b82,0x1b81,0x13c,0x500c2,0x1b,0x1b83,0x1b82,0x4d,
0x500c6,0x1b,0x1b84,0x1b82,0x1b83,0x50084,0x1b,0x1b85,
0x1b84,0x13d,0x500c2,0x1b,0x1b86,0x1b85,0x37,0x500c6,
0x1b,0x1b87,0x1b85,0x1b86,0x500c7,0x1b,0x1b88,0x1b87,
0x126,0x40070,0x27,0x1b89,0x1b88,0x50085,0x27,0x1b8a,
0x1b89,0x170,0x50080,0x127,0x1b8b,0x1b41,0x12a,0x50051,
0x1c,0x1b8c,0x1b8b,0x0,0x4007c,0x1b,0x1b8d,0x1b8c,
0x50084,0x1b,0x1b8e,0x1b8d,0x139,0x50051,0x1c,0x1b8f,
0x1b8b,0x1,0x4007c,0x1b,0x1b90,0x1b8f,0x50084,0x1b,
0x1b91,0x1b90,0x13a,0x50080,0x1b,0x1b92,0x1b8e,0x1b91,
0x50051,0x1c,0x1b93,0x1b8b,0x2,0x4007c,0x1b,0x1b94,
0x1b93,0x50084,0x1b,0x1b95,0x1b94,0x13b,0x50080,0x1b,
0x1b96,0x1b92,0x1b95,0x500c2,0x1b,0x1b97,0x1b96,0x37,
0x500c6,0x1b,0x1b98,0x1b96,0x1b97,0x50084,0x1b,0x1b99,
0x1b98,0x13c,0x500c2,0x1b,0x1b9a,0x1b99,0x4d,0x500c6,
0x1b,0x1b9b,0x1b99,0x1b9a,0x50084,0x1b,0x1b9c,0x1b9b,
0x13d,0x500c2,0x1b,0x1b9d,0x1b9c,0x37,0x500c6,0x1b,
0x1b9e,0x1b9c,0x1b9d,0x500c7,0x1b,0x1b9f,0x1b9e,0x126,
0x40070,0x27,0x1ba0,0x1b9f,0x50085,0x27,0x1ba1,0x1ba0,
0x170,0x50080,0x127,0x1ba2,0x1b41,0x12b,0x50051,0x1c,
0x1ba3,0x1ba2,0x0,0x4007c,0x1b,0x1ba4,0x1ba3,0x50084,
0x1b,0x1ba5,0x1ba4,0x139,0x50051,0x1c,0x1ba6,0x1ba2,
0x1,0x4007c,0x1b,0x1ba7,0x1ba6,0x50084,0x1b,0x1ba8,
0x1ba7,0x13a,0x50080,0x1b,0x1ba9,0x1ba5,0x1ba8,0x50051,
0x1c,0x1baa,0x1ba2,0x2,0x4007c,0x1b,0x1bab,0x1baa,
0x50084,0x1b,0x1bac,0x1bab,0x13b,0x50080,0x1b,0x1bad,
0x1ba9,0x1bac,0x500c2,0x1b,0x1bae,0x1bad,0x37,0x500c6,
0x1b,0x1baf,0x1bad,0x1bae,0x50084,0x1b,0x1bb0,0x1baf,
0x13c,0x500c2,0x1b,0x1bb1,0x1bb0,0x4d,0x500c6,0x1b,
0x1bb2,0x1bb0,0x1bb1,0x50084,0x1b,0x1bb3,0x1bb2,0x13d,
0x500c2,0x1b,0x1bb4,0x1bb3,0x37,0x500c6,0x1b,0x1bb5,
0x1bb3,0x1bb4,0x500c7,0x1b,0x1bb6,0x1bb5,0x126,0x40070,
0x27,0x1bb7,0x1bb6,0x50085,0x27,0x1bb8,0x1bb7,0x170,
0x50080,0x127,0x1bb9,0x1b41,0x12c,0x50051,0x1c,0x1bba,
0x1bb9,0x0,0x4007c,0x1b,0x1bbb,0x1bba,0x50084,0x1b,
0x1bbc,0x1bbb,0x139,0x50051,0x1c,0x1bbd,0x1bb9,0x1,
0x4007c,0x1b,0x1bbe,0x1bbd,0x50084,0x1b,0x1bbf,0x1bbe,
0x13a,0x50080,0x1b,0x1bc0,0x1bbc,0x1bbf,0x50051,0x1c,
0x1bc1,0x1bb9,0x2,0x4007c,0x1b,0x1bc2,0x1bc1,0x50084,
0x1b,0x1bc3,0x1bc2,0x13b,0x50080,0x1b,0x1bc4,0x1bc0,
0x1bc3,0x500c2,0x1b,0x1bc5,0x1bc4,0x37,0x500c6,0x1b,
0x1bc6,0x1bc4,0x1bc5,0x50084,0x1b,0x1bc7,0x1bc6,0x13c,
0x500c2,0x1b,0x1bc8,0x1bc7,0x4d,0x500c6,0x1b,0x1bc9,
0x1bc7,0x1bc8,0x50084,0x1b,0x1bca,0x1bc9,0x13d,0x500c2,
0x1b,0x1bcb,0x1bca,0x37,0x500c6,0x1b,0x1bcc,0x1bca,
0x1bcb,0x500c7,0x1b,0x1bcd,0x1bcc,0x126,0x40070,0x27,
0x1bce,0x1bcd,0x50085,0x27,0x1bcf,0x1bce,0x170,0x50080,
0x127,0x1bd0,0x1b41,0x12d,0x50051,0x1c,0x1bd1,0x1bd0,
0x0,0x4007c,0x1b,0x1bd2,0x1bd1,0x50084,0x1b,0x1bd3,
0x1bd2,0x139,0x50051,0x1c,0x1bd4,0x1bd0,0x1,0x4007c,
0x1b,0x1bd5,0x1bd4,0x50084,0x1b,0x1bd6,0x1bd5,0x13a,
0x50080,0x1b,0x1bd7,0x1bd3,0x1bd6,0x50051,0x1c,0x1bd8,
0x1bd0,0x2,0x4007c,0x1b,0x1bd9,0x1bd8,0x50084,0x1b,
0x1bda,0x1bd9,0x13b,0x50080,0x1b,0x1bdb,0x1bd7,0x1bda,
0x500c2,0x1b,0x1bdc,0x1bdb,0x37,0x500c6,0x1b,0x1bdd,
0x1bdb,0x1bdc,0x50084,0x1b,0x1bde,0x1bdd,0x13c,0x500c2,
0x1b,0x1bdf,0x1bde,0x4d,0x500c6,0x1b,0x1be0,0x1bde,
0x1bdf,0x50084,0x1b,0x1be1,0x1be0,0x13d,0x500c2,0x1b,
0x1be2,0x1be1,0x37,0x500c6,0x1b,0x1be3,0x1be1,0x1be2,
0x500c7,0x1b,0x1be4,0x1be3,0x126,0x40070,0x27,0x1be5,
0x1be4,0x50085,0x27,0x1be6,0x1be5,0x170,0x50080,0x127,
0x1be7,0x1b41,0x12e,0x50051,0x1c,0x1be8,0x1be7,0x0,
0x4007c,0x1b,0x1be9,0x1be8,0x50084,0x1b,0x1bea,0x1be9,
0x139,0x50051,0x1c,0x1beb,0x1be7,0x1,0x4007c,0x1b,
0x1bec,0x1beb,0x50084,0x1b,0x1bed,0x1bec,0x13a,0x50080,
0x1b,0x1bee,0x1bea,0x1bed,0x50051,0x1c,0x1bef,0x1be7,
0x2,0x4007c,0x1b,0x1bf0,0x1bef,0x50084,0x1b,0x1bf1,
0x1bf0,0x13b,0x50080,0x1b,0x1bf2,0x1bee,0x1bf1,0x500c2,
0x1b,0x1bf3,0x1bf2,0x37,0x500c6,0x1b,0x1bf4,0x1bf2,
0x1bf3,0x50084,0x1b,0x1bf5,0x1bf4,0x13c,0x500c2,0x1b,
0x1bf6,0x1bf5,0x4d,0x500c6,0x1b,0x1bf7,0x1bf5,0x1bf6,
0x50084,0x1b,0x1bf8,0x1bf7,0x13d,0x500c2,0x1b,0x1bf9,
0x1bf8,0x37,0x500c6,0x1b,0x1bfa,0x1bf8,0x1bf9,0x500c7,
0x1b,0x1bfb,0x1bfa,0x126,0x40070,0x27,0x1bfc,0x1bfb,
0x50085,0x27,0x1bfd,0x1bfc,0x170,0x50051,0x27,0x1bfe,
0x1b46,0x0,0x8000c,0x27,0x1bff,0x1,0x2e,0x1b5c,
0x1b73,0x1bfe,0x8000c,0x27,0x1c00,0x1,0x2e,0x1b8a,
0x1ba1,0x1bfe,0x50051,0x27,0x1c01,0x1b46,0x1,0x8000c,
0x27,0x1c02,0x1,0x2e,0x1bff,0x1c00,0x1c01,0x8000c,
0x27,0x1c03,0x1,0x2e,0x1bb8,0x1bcf,0x1bfe,0x8000c,
0x27,0x1c04,0x1,0x2e,0x1be6,0x1bfd,0x1bfe,0x8000c,
0x27,0x1c05,0x1,0x2e,0x1c03,0x1c04,0x1c01,0x50051,
0x27,0x1c06,0x1b46,0x2,0x8000c,0x27,0x1c07,0x1,
0x2e,0x1c02,0x1c05,0x1c06,0x50085,0x27,0x1c08,0x1c07,
0xd0,0x50081,0x27,0x1c09,0x1b3d,0x1c08,0x5008e,0x3b,
0x1c0a,0x1a74,0xd1,0x50083,0x3b,0x1c0b,0x1c0a,0xd3,
0x6000c,0x3b,0x1c0c,0x1,0x8,0x1c0b,0x4006e,0x127,
0x1c0d,0x1c0c,0x6000c,0x3b,0x1c0e,0x1,0xa,0x1c0b,
0x50085,0x3b,0x1c0f,0x1c0e,0x1c0e,0x5008e,0x3b,0x1c10,
0x1c0e,0x98,0x50083,0x3b,0x1c11,0x97,0x1c10,0x50085,
0x3b,0x1c12,0x1c0f,0x1c11,0x50051,0x1c,0x1c13,0x1c0d,
0x0,0x4007c,0x1b,0x1c14,0x1c13,0x50084,0x1b,0x1c15,
0x1c14,0x139,0x50051,0x1c,0x1c16,0x1c0d,0x1,0x4007c,
0x1b,0x1c17,0x1c16,0x50084,0x1b,0x1c18,0x1c17,0x13a,
0x50080,0x1b,0x1c19,0x1c15,0x1c18,0x50051,0x1c,0x1c1a,
0x1c0d,0x2,0x4007c,0x1b,0x1c1b,0x1c1a,0x50084,0x1b,
0x1c1c,0x1c1b,0x13b,0x50080,0x1b,0x1c1d,0x1c19,0x1c1c,
0x500c2,0x1b,0x1c1e,0x1c1d,0x37,0x500c6,0x1b,0x1c1f,
0x1c1d,0x1c1e,0x50084,0x1b,0x1c20,0x1c1f,0x13c,0x500c2,
0x1b,0x1c21,0x1c20,0x4d,0x500c6,0x1b,0x1c22,0x1c20,
0x1c21,0x50084,0x1b,0x1c23,0x1c22,0x13d,0x500c2,0x1b,
0x1c24,0x1c23,0x37,0x500c6,0x1b,0x1c25,0x1c23,0x1c24,
0x500c7,0x1b,0x1c26,0x1c25,0x126,0x40070,0x27,0x1c27,
0x1c26,0x50085,0x27,0x1c28,0x1c27,0x170,0x50080,0x127,
0x1c29,0x1c0d,0x128,0x50051,0x1c,0x1c2a,0x1c29,0x0,
0x4007c,0x1b,0x1c2b,0x1c2a,0x50084,0x1b,0x1c2c,0x1c2b,
0x139,0x50051,0x1c,0x1c2d,0x1c29,0x1,0x4007c,0x1b,
0x1c2e,0x1c2d,0x50084,0x1b,0x1c2f,0x1c2e,0x13a,0x50080,
0x1b,0x1c30,0x1c2c,0x1c2f,0x50051,0x1c,0x1c31,0x1c29,
0x2,0x4007c,0x1b,0x1c32,0x1c31,0x50084,0x1b,0x1c33,
0x1c32,0x13b,0x50080,0x1b,0x1c34,0x1c30,0x1c33,0x500c2,
0x1b,0x1c35,0x1c34,0x37,0x500c6,0x1b,0x1c36,0x1c34,
0x1c35,0x50084,0x1b,0x1c37,0x1c36,0x13c,0x500c2,0x1b,
0x1c38,0x1c37,0x4d,0x500c6,0x1b,0x1c39,0x1c37,0x1c38,
0x50084,0x1b,0x1c3a,0x1c39,0x13d,0x500c2,0x1b,0x1c3b,
0x1c3a,0x37,0x500c6,0x1b,0x1c3c,0x1c3a,0x1c3b,0x500c7,
0x1b,0x1c3d,0x1c3c,0x126,0x40070,0x27,0x1c3e,0x1c3d,
0x50085,0x27,0x1c3f,0x1c3e,0x170,0x50080,0x127,0x1c40,
0x1c0d,0x129,0x50051,0x1c,0x1c41,0x1c40,0x0,0x4007c,
0x1b,0x1c42,0x1c41,0x50084,0x1b,0x1c43,0x1c42,0x139,
0x50051,0x1c,0x1c44,0x1c40,0x1,0x4007c,0x1b,0x1c45,
0x1c44,0x50084,0x1b,0x1c46,0x1c45,0x13a,0x50080,0x1b,
0x1c47,0x1c43,0x1c46,0x50051,0x1c,0x1c48,0x1c40,0x2,
0x4007c,0x1b,0x1c49,0x1c48,0x50084,0x1b,0x1c4a,0x1c49,
0x13b,0x50080,0x1b,0x1c4b,0x1c47,0x1c4a,0x500c2,0x1b,
0x1c4c,0x1c4b,0x37,0x500c6,0x1b,0x1c4d,0x1c4b,0x1c4c,
0x50084,0x1b,0x1c4e,0x1c4d,0x13c,0x500c2,0x1b,0x1c4f,
0x1c4e,0x4d,0x500c6,0x1b,0x1c50,0x1c4e,0x1c4f,0x50084,
0x1b,0x1c51,0x1c50,0x13d,0x500c2,0x1b,0x1c52,0x1c51,
0x37,0x500c6,0x1b,0x1c53,0x1c51,0x1c52,0x500c7,0x1b,
0x1c54,0x1c53,0x126,0x40070,0x27,0x1c55,0x1c54,0x50085,
0x27,0x1c56,0x1c55,0x170,0x50080,0x127,0x1c57,0x1c0d,
0x12a,0x50051,0x1c,0x1c58,0x1c57,0x0,0x4007c,0x1b,
0x1c59,0x1c58,0x50084,0x1b,0x1c5a,0x1c59,0x139,0x50051,
0x1c,0x1c5b,0x1c57,0x1,0x4007c,0x1b,0x1c5c,0x1c5b,
0x50084,0x1b,0x1c5d,0x1c5c,0x13a,0x50080,0x1b,0x1c5e,
0x1c5a,0x1c5d,0x50051,0x1c,0x1c5f,0x1c57,0x2,0x4007c,
0x1b,0x1c60,0x1c5f,0x50084,0x1b,0x1c61,0x1c60,0x13b,
0x50080,0x1b,0x1c62,0x1c5e,0x1c61,0x500c2,0x1b,0x1c63,
0x1c62,0x37,0x500c6,0x1b,0x1c64,0x1c62,0x1c63,0x50084,
0x1b,0x1c65,0x1c64,0x13c,0x500c2,0x1b,0x1c66,0x1c65,
0x4d,0x500c6,0x1b,0x1c67,0x1c65,0x1c66,0x50084,0x1b,
0x1c68,0x1c67,0x13d,0x500c2,0x1b,0x1c69,0x1c68,0x37,
0x500c6,0x1b,0x1c6a,0x1c68,0x1c69,0x500c7,0x1b,0x1c6b,
0x1c6a,0x126,0x40070,0x27,0x1c6c,0x1c6b,0x50085,0x27,
0x1c6d,0x1c6c,0x170,0x50080,0x127,0x1c6e,0x1c0d,0x12b,
0x50051,0x1c,0x1c6f,0x1c6e,0x0,0x4007c,0x1b,0x1c70,
0x1c6f,0x50084,0x1b,0x1c71,0x1c70,0x139,0x50051,0x1c,
0x1c72,0x1c6e,0x1,0x4007c,0x1b,0x1c73,0x1c72,0x50084,
0x1b,0x1c74,0x1c73,0x13a,0x50080,0x1b,0x1c75,0x1c71,
0x1c74,0x50051,0x1c,0x1c76,0x1c6e,0x2,0x4007c,0x1b,
0x1c77,0x1c76,0x50084,0x1b,0x1c78,0x1c77,0x13b,0x50080,
0x1b,0x1c79,0x1c75,0x1c78,0x500c2,0x1b,0x1c7a,0x1c79,
0x37,0x500c6,0x1b,0x1c7b,0x1c79,0x1c7a,0x50084,0x1b,
0x1c7c,0x1c7b,0x13c,0x500c2,0x1b,0x1c7d,0x1c7c,0x4d,
0x500c6,0x1b,0x1c7e,0x1c7c,0x1c7d,0x50084,0x1b,0x1c7f,
0x1c7e,0x13d,0x500c2,0x1b,0x1c80,0x1c7f,0x37,0x500c6,
0x1b,0x1c81,0x1c7f,0x1c80,0x500c7,0x1b,0x1c82,0x1c81,
0x126,0x40070,0x27,0x1c83,0x1c82,0x50085,0x27,0x1c84,
0x1c83,0x170,0x50080,0x127,0x1c85,0x1c0d,0x12c,0x50051,
0x1c,0x1c86,0x1c85,0x0,0x4007c,0x1b,0x1c87,0x1c86,
0x50084,0x1b,0x1c88,0x1c87,0x139,0x50051,0x1c,0x1c89,
0x1c85,0x1,0x4007c,0x1b,0x1c8a,0x1c89,0x50084,0x1b,
0x1c8b,0x1c8a,0x13a,0x50080,0x1b,0x1c8c,0x1c88,0x1c8b,
0x50051,0x1c,0x1c8d,0x1c85,0x2,0x4007c,0x1b,0x1c8e,
0x1c8d,0x50084,0x1b,0x1c8f,0x1c8e,0x13b,0x50080,0x1b,
0x1c90,0x1c8c,0x1c8f,0x500c2,0x1b,0x1c91,0x1c90,0x37,
0x500c6,0x1b,0x1c92,0x1c90,0x1c91,0x50084,0x1b,0x1c93,
0x1c92,0x13c,0x500c2,0x1b,0x1c94,0x1c93,0x4d,0x500c6,
0x1b,0x1c95,0x1c93,0x1c94,0x50084,0x1b,0x1c96,0x1c95,
0x13d,0x500c2,0x1b,0x1c97,0x1c96,0x37,0x500c6,0x1b,
0x1c98,0x1c96,0x1c97,0x500c7,0x1b,0x1c99,0x1c98,0x126,
0x40070,0x27,0x1c9a,0x1c99,0x50085,0x27,0x1c9b,0x1c9a,
0x170,0x50080,0x127,0x1c9c,0x1c0d,0x12d,0x50051,0x1c,
0x1c9d,0x1c9c,0x0,0x4007c,0x1b,0x1c9e,0x1c9d,0x50084,
0x1b,0x1c9f,0x1c9e,0x139,0x50051,0x1c,0x1ca0,0x1c9c,
0x1,0x4007c,0x1b,0x1ca1,0x1ca0,0x50084,0x1b,0x1ca2,
0x1ca1,0x13a,0x50080,0x1b,0x1ca3,0x1c9f,0x1ca2,0x50051,
0x1c,0x1ca4,0x1c9c,0x2,0x4007c,0x1b,0x1ca5,0x1ca4,
0x50084,0x1b,0x1ca6,0x1ca5,0x13b,0x50080,0x1b,0x1ca7,
0x1ca3,0x1ca6,0x500c2,0x1b,0x1ca8,0x1ca7,0x37,0x500c6,
0x1b,0x1ca9,0x1ca7,0x1ca8,0x50084,0x1b,0x1caa,0x1ca9,
0x13c,0x500c2,0x1b,0x1cab,0x1caa,0x4d,0x500c6,0x1b,
0x1cac,0x1caa,0x1cab,0x50084,0x1b,0x1cad,0x1cac,0x13d,
0x500c2,0x1b,0x1cae,0x1cad,0x37,0x500c6,0x1b,0x1caf,
0x1cad,0x1cae,0x500c7,0x1b,0x1cb0,0x1caf,0x126,0x40070,
0x27,0x1cb1,0x1cb0,0x50085,0x27,0x1cb2,0x1cb1,0x170,
0x50080,0x127,0x1cb3,0x1c0d,0x12e,0x50051,0x1c,0x1cb4,
0x1cb3,0x0,0x4007c,0x1b,0x1cb5,0x1cb4,0x50084,0x1b,
0x1cb6,0x1cb5,0x139,0x50051,0x1c,0x1cb7,0x1cb3,0x1,
0x4007c,0x1b,0x1cb8,0x1cb7,0x50084,0x1b,0x1cb9,0x1cb8,
0x13a,0x50080,0x1b,0x1cba,0x1cb6,0x1cb9,0x50051,0x1c,
0x1cbb,0x1cb3,0x2,0x4007c,0x1b,0x1cbc,0x1cbb,0x50084,
0x1b,0x1cbd,0x1cbc,0x13b,0x50080,0x1b,0x1cbe,0x1cba,
0x1cbd,0x500c2,0x1b,0x1cbf,0x1cbe,0x37,0x500c6,0x1b,
0x1cc0,0x1cbe,0x1cbf,0x50084,0x1b,0x1cc1,0x1cc0,0x13c,
0x500c2,0x1b,0x1cc2,0x1cc1,0x4d,0x500c6,0x1b,0x1cc3,
0x1cc1,0x1cc2,0x50084,0x1b,0x1cc4,0x1cc3,0x13d,0x500c2,
0x1b,0x1cc5,0x1cc4,0x37,0x500c6,0x1b,0x1cc6,0x1cc4,
0x1cc5,0x500c7,0x1b,0x1cc7,0x1cc6,0x126,0x40070,0x27,
0x1cc8,0x1cc7,0x50085,0x27,0x1cc9,0x1cc8,0x170,0x50051,
0x27,0x1cca,0x1c12,0x0,0x8000c,0x27,0x1ccb,0x1,
0x2e,0x1c28,0x1c3f,0x1cca,0x8000c,0x27,0x1ccc,0x1,
0x2e,0x1c56,0x1c6d,0x1cca,0x50051,0x27,0x1ccd,0x1c12,
0x1,0x8000c,0x27,0x1cce,0x1,0x2e,0x1ccb,0x1ccc,
0x1ccd,0x8000c,0x27,0x1ccf,0x1,0x2e,0x1c84,0x1c9b,
0x1cca,0x8000c,0x27,0x1cd0,0x1,0x2e,0x1cb2,0x1cc9,
0x1cca,0x8000c,0x27,0x1cd1,0x1,0x2e,0x1ccf,0x1cd0,
0x1ccd,0x50051,0x27,0x1cd2,0x1c12,0x2,0x8000c,0x27,
0x1cd3,0x1,0x2e,0x1cce,0x1cd1,0x1cd2,0x50085,0x27,
0x1cd4,0x1cd3,0xd4,0x50081,0x27,0x1cd5,0x1c09,0x1cd4,
0x5008e,0x3b,0x1cd6,0x1a74,0xd5,0x50081,0x3b,0x1cd7,
0x1cd6,0xd7,0x6000c,0x3b,0x1cd8,0x1,0x8,0x1cd7,
0x4006e,0x127,0x1cd9,0x1cd8,0x6000c,0x3b,0x1cda,0x1,
0xa,0x1cd7,0x50085,0x3b,0x1cdb,0x1cda,0x1cda,0x5008e,
0x3b,0x1cdc,0x1cda,0x98,0x50083,0x3b,0x1cdd,0x97,
0x1cdc,0x50085,0x3b,0x1cde,0x1cdb,0x1cdd,0x50051,0x1c,
0x1cdf,0x1cd9,0x0,0x4007c,0x1b,0x1ce0,0x1cdf,0x50084,
0x1b,0x1ce1,0x1ce0,0x139,0x50051,0x1c,0x1ce2,0x1cd9,
0x1,0x4007c,0x1b,0x1ce3,0x1ce2,0x50084,0x1b,0x1ce4,
0x1ce3,0x13a,0x50080,0x1b,0x1ce5,0x1ce1,0x1ce4,0x50051,
0x1c,0x1ce6,0x1cd9,0x2,0x4007c,0x1b,0x1ce7,0x1ce6,
0x50084,0x1b,0x1ce8,0x1ce7,0x13b,0x50080,0x1b,0x1ce9,
0x1ce5,0x1ce8,0x500c2,0x1b,0x1cea,0x1ce9,0x37,0x500c6,
0x1b,0x1ceb,0x1ce9,0x1cea,0x50084,0x1b,0x1cec,0x1ceb,
0x13c,0x500c2,0x1b,0x1ced,0x1cec,0x4d,0x500c6,0x1b,
0x1cee,0x1cec,0x1ced,0x50084,0x1b,0x1cef,0x1cee,0x13d,
0x500c2,0x1b,0x1cf0,0x1cef,0x37,0x500c6,0x1b,0x1cf1,
0x1cef,0x1cf0,0x500c7,0x1b,0x1cf2,0x1cf1,0x126,0x40070,
0x27,0x1cf3,0x1cf2,0x50085,0x27,0x1cf4,0x1cf3,0x170,
0x50080,0x127,0x1cf5,0x1cd9,0x128,0x50051,0x1c,0x1cf6,
0x1cf5,0x0,0x4007c,0x1b,0x1cf7,0x1cf6,0x50084,0x1b,
0x1cf8,0x1cf7,0x139,0x50051,0x1c,0x1cf9,0x1cf5,0x1,
0x4007c,0x1b,0x1cfa,0x1cf9,0x50084,0x1b,0x1cfb,0x1cfa,
0x13a,0x50080,0x1b,0x1cfc,0x1cf8,0x1cfb,0x50051,0x1c,
0x1cfd,0x1cf5,0x2,0x4007c,0x1b,0x1cfe,0x1cfd,0x50084,
0x1b,0x1cff,0x1cfe,0x13b,0x50080,0x1b,0x1d00,0x1cfc,
0x1cff,0x500c2,0x1b,0x1d01,0x1d00,0x37,0x500c6,0x1b,
0x1d02,0x1d00,0x1d01,0x50084,0x1b,0x1d03,0x1d02,0x13c,
0x500c2,0x1b,0x1d04,0x1d03,0x4d,0x500c6,0x1b,0x1d05,
0x1d03,0x1d04,0x50084,0x1b,0x1d06,0x1d05,0x13d,0x500c2,
0x1b,0x1d07,0x1d06,0x37,0x500c6,0x1b,0x1d08,0x1d06,
0x1d07,0x500c7,0x1b,0x1d09,0x1d08,0x126,0x40070,0x27,
0x1d0a,0x1d09,0x50085,0x27,0x1d0b,0x1d0a,0x170,0x50080,
0x127,0x1d0c,0x1cd9,0x129,0x50051,0x1c,0x1d0d,0x1d0c,
0x0,0x4007c,0x1b,0x1d0e,0x1d0d,0x50084,0x1b,0x1d0f,
0x1d0e,0x139,0x50051,0x1c,0x1d10,0x1d0c,0x1,0x4007c,
0x1b,0x1d11,0x1d10,0x50084,0x1b,0x1d12,0x1d11,0x13a,
0x50080,0x1b,0x1d13,0x1d0f,0x1d12,0x50051,0x1c,0x1d14,
0x1d0c,0x2,0x4007c,0x1b,0x1d15,0x1d14,0x50084,0x1b,
0x1d16,0x1d15,0x13b,0x50080,0x1b,0x1d17,0x1d13,0x1d16,
0x500c2,0x1b,0x1d18,0x1d17,0x37,0x500c6,0x1b,0x1d19,
0x1d17,0x1d18,0x50084,0x1b,0x1d1a,0x1d19,0x13c,0x500c2,
0x1b,0x1d1b,0x1d1a,0x4d,0x500c6,0x1b,0x1d1c,0x1d1a,
0x1d1b,0x50084,0x1b,0x1d1d,0x1d1c,0x13d,0x500c2,0x1b,
0x1d1e,0x1d1d,0x37,0x500c6,0x1b,0x1d1f,0x1d1d,0x1d1e,
0x500c7,0x1b,0x1d20,0x1d1f,0x126,0x40070,0x27,0x1d21,
0x1d20,0x50085,0x27,0x1d22,0x1d21,0x170,0x50080,0x127,
0x1d23,0x1cd9,0x12a,0x50051,0x1c,0x1d24,0x1d23,0x0,
0x4007c,0x1b,0x1d25,0x1d24,0x50084,0x1b,0x1d26,0x1d25,
0x139,0x50051,0x1c,0x1d27,0x1d23,0x1,0x4007c,0x1b,
0x1d28,0x1d27,0x50084,0x1b,0x1d29,0x1d28,0x13a,0x50080,
0x1b,0x1d2a,0x1d26,0x1d29,0x50051,0x1c,0x1d2b,0x1d23,
0x2,0x4007c,0x1b,0x1d2c,0x1d2b,0x50084,0x1b,0x1d2d,
0x1d2c,0x13b,0x50080,0x1b,0x1d2e,0x1d2a,0x1d2d,0x500c2,
0x1b,0x1d2f,0x1d2e,0x37,0x500c6,0x1b,0x1d30,0x1d2e,
0x1d2f,0x50084,0x1b,0x1d31,0x1d30,0x13c,0x500c2,0x1b,
0x1d32,0x1d31,0x4d,0x500c6,0x1b,0x1d33,0x1d31,0x1d32,
0x50084,0x1b,0x1d34,0x1d33,0x13d,0x500c2,0x1b,0x1d35,
0x1d34,0x37,0x500c6,0x1b,0x1d36,0x1d34,0x1d35,0x500c7,
0x1b,0x1d37,0x1d36,0x126,0x40070,0x27,0x1d38,0x1d37,
0x50085,0x27,0x1d39,0x1d38,0x170,0x50080,0x127,0x1d3a,
0x1cd9,0x12b,0x50051,0x1c,0x1d3b,0x1d3a,0x0,0x4007c,
0x1b,0x1d3c,0x1d3b,0x50084,0x1b,0x1d3d,0x1d3c,0x139,
0x50051,0x1c,0x1d3e,0x1d3a,0x1,0x4007c,0x1b,0x1d3f,
0x1d3e,0x50084,0x1b,0x1d40,0x1d3f,0x13a,0x50080,0x1b,
0x1d41,0x1d3d,0x1d40,0x50051,0x1c,0x1d42,0x1d3a,0x2,
0x4007c,0x1b,0x1d43,0x1d42,0x50084,0x1b,0x1d44,0x1d43,
0x13b,0x50080,0x1b,0x1d45,0x1d41,0x1d44,0x500c2,0x1b,
0x1d46,0x1d45,0x37,0x500c6,0x1b,0x1d47,0x1d45,0x1d46,
0x50084,0x1b,0x1d48,0x1d47,0x13c,0x500c2,0x1b,0x1d49,
0x1d48,0x4d,0x500c6,0x1b,0x1d4a,0x1d48,0x1d49,0x50084,
0x1b,0x1d4b,0x1d4a,0x13d,0x500c2,0x1b,0x1d4c,0x1d4b,
0x37,0x500c6,0x1b,0x1d4d,0x1d4b,0x1d4c,0x500c7,0x1b,
0x1d4e,0x1d4d,0x126,0x40070,0x27,0x1d4f,0x1d4e,0x50085,
0x27,0x1d50,0x1d4f,0x170,0x50080,0x127,0x1d51,0x1cd9,
0x12c,0x50051,0x1c,0x1d52,0x1d51,0x0,0x4007c,0x1b,
0x1d53,0x1d52,0x50084,0x1b,0x1d54,0x1d53,0x139,0x50051,
0x1c,0x1d55,0x1d51,0x1,0x4007c,0x1b,0x1d56,0x1d55,
0x50084,0x1b,0x1d57,0x1d56,0x13a,0x50080,0x1b,0x1d58,
0x1d54,0x1d57,0x50051,0x1c,0x1d59,0x1d51,0x2,0x4007c,
0x1b,0x1d5a,0x1d59,0x50084,0x1b,0x1d5b,0x1d5a,0x13b,
0x50080,0x1b,0x1d5c,0x1d58,0x1d5b,0x500c2,0x1b,0x1d5d,
0x1d5c,0x37,0x500c6,0x1b,0x1d5e,0x1d5c,0x1d5d,0x50084,
0x1b,0x1d5f,0x1d5e,0x13c,0x500c2,0x1b,0x1d60,0x1d5f,
0x4d,0x500c6,0x1b,0x1d61,0x1d5f,0x1d60,0x50084,0x1b,
0x1d62,0x1d61,0x13d,0x500c2,0x1b,0x1d63,0x1d62,0x37,
0x500c6,0x1b,0x1d64,0x1d62,0x1d63,0x500c7,0x1b,0x1d65,
0x1d64,0x126,0x40070,0x27,0x1d66,0x1d65,0x50085,0x27,
0x1d67,0x1d66,0x170,0x50080,0x127,0x1d68,0x1cd9,0x12d,
0x50051,0x1c,0x1d69,0x1d68,0x0,0x4007c,0x1b,0x1d6a,
0x1d69,0x50084,0x1b,0x1d6b,0x1d6a,0x139,0x50051,0x1c,
0x1d6c,0x1d68,0x1,0x4007c,0x1b,0x1d6d,0x1d6c,0x50084,
0x1b,0x1d6e,0x1d6d,0x13a,0x50080,0x1b,0x1d6f,0x1d6b,
0x1d6e,0x50051,0x1c,0x1d70,0x1d68,0x2,0x4007c,0x1b,
0x1d71,0x1d70,0x50084,0x1b,0x1d72,0x1d71,0x13b,0x50080,
0x1b,0x1d73,0x1d6f,0x1d72,0x500c2,0x1b,0x1d74,0x1d73,
0x37,0x500c6,0x1b,0x1d75,0x1d73,0x1d74,0x50084,0x1b,
0x1d76,0x1d75,0x13c,0x500c2,0x1b,0x1d77,0x1d76,0x4d,
0x500c6,0x1b,0x1d78,0x1d76,0x1d77,0x50084,0x1b,0x1d79,
0x1d78,0x13d,0x500c2,0x1b,0x1d7a,0x1d79,0x37,0x500c6,
0x1b,0x1d7b,0x1d79,0x1d7a,0x500c7,0x1b,0x1d7c,0x1d7b,
0x126,0x40070,0x27,0x1d7d,0x1d7c,0x50085,0x27,0x1d7e,
0x1d7d,0x170,0x50080,0x127,0x1d7f,0x1cd9,0x12e,0x50051,
0x1c,0x1d80,0x1d7f,0x0,0x4007c,0x1b,0x1d81,0x1d80,
0x50084,0x1b,0x1d82,0x1d81,0x139,0x50051,0x1c,0x1d83,
0x1d7f,0x1,0x4007c,0x1b,0x1d84,0x1d83,0x50084,0x1b,
0x1d85,0x1d84,0x13a,0x50080,0x1b,0x1d86,0x1d82,0x1d85,
0x50051,0x1c,0x1d87,0x1d7f,0x2,0x4007c,0x1b,0x1d88,
0x1d87,0x50084,0x1b,0x1d89,0x1d88,0x13b,0x50080,0x1b,
0x1d8a,0x1d86,0x1d89,0x500c2,0x1b,0x1d8b,0x1d8a,0x37,
0x500c6,0x1b,0x1d8c,0x1d8a,0x1d8b,0x50084,0x1b,0x1d8d,
0x1d8c,0x13c,0x500c2,0x1b,0x1d8e,0x1d8d,0x4d,0x500c6,
0x1b,0x1d8f,0x1d8d,0x1d8e,0x50084,0x1b,0x1d90,0x1d8f,
0x13d,0x500c2,0x1b,0x1d91,0x1d90,0x37,0x500c6,0x1b,
0x1d92,0x1d90,0x1d91,0x500c7,0x1b,0x1d93,0x1d92,0x126,
0x40070,0x27,0x1d94,0x1d93,0x50085,0x27,0x1d95,0x1d94,
0x170,0x50051,0x27,0x1d96,0x1cde,0x0,0x8000c,0x27,
0x1d97,0x1,0x2e,0x1cf4,0x1d0b,0x1d96,0x8000c,0x27,
0x1d98,0x1,0x2e,0x1d22,0x1d39,0x1d96,0x50051,0x27,
0x1d99,0x1cde,0x1,0x8000c,0x27,0x1d9a,0x1,0x2e,
0x1d97,0x1d98,0x1d99,0x8000c,0x27,0x1d9b,0x1,0x2e,
0x1d50,0x1d67,0x1d96,0x8000c,0x27,0x1d9c,0x1,0x2e,
0x1d7e,0x1d95,0x1d96,0x8000c,0x27,0x1d9d,0x1,0x2e,
0x1d9b,0x1d9c,0x1d99,0x50051,0x27,0x1d9e,0x1cde,0x2,
0x8000c,0x27,0x1d9f,0x1,0x2e,0x1d9a,0x1d9d,0x1d9e,
0x50085,0x27,0x1da0,0x1d9f,0xd8,0x50081,0x27,0x1da1,
0x1cd5,0x1da0,0x50083,0x27,0x1da2,0x1da1,0xd0,0x50085,
0x27,0x1da3,0x1da2,0x98,0x8000c,0x27,0x1da4,0x1,
0x2b,0x1da3,0x28,0x66,0x50085,0x27,0x1da5,0x1da4,
0x84,0x400d1,0x27,0x1da6,0x1da5,0x8000c,0x27,0x1da7,
0x1,0x2b,0x1da6,0xc1,0x66,0x6000c,0x27,0x1da8,
0x1,0x8,0x1da5,0x50085,0x27,0x1da9,0x1da7,0x68,
0x50083,0x27,0x1daa,0x68,0x1da9,0x50081,0x27,0x1dab,
0x68,0x1da9,0x6000c,0x27,0x1dac,0x1,0xa,0x1da5,
0x8000c,0x27,0x1dad,0x1,0x31,0x1daa,0x1dab,0x1dac,
0x50081,0x27,0x1dae,0x1da8,0x1dad,0x50085,0x27,0x1daf,
0x1dae,0x167,0x60050,0x3b,0x1db0,0x1daf,0x1daf,0x1daf,
0x8000c,0x3b,0x1db1,0x1,0x2e,0x199,0x19a,0x1db0,
0x8004f,0x3b,0x1db2,0x180d,0x180d,0x0,0x1,0x2,
0x50051,0x27,0x1db3,0x180d,0x3,0x50083,0x27,0x1db4,
0x66,0x1db3,0x7000c,0x27,0x1db5,0x1,0x50,0x1226,
0x1db4,0x60050,0x3b,0x1db6,0x1db5,0x1db5,0x1db5,0x8000c,
0x3b,0x1db7,0x1,0x2e,0x1db2,0x1db1,0x1db6,0x50051,
0x27,0x1db8,0x1db7,0x0,0x50051,0x27,0x1db9,0x1db7,
0x1,0x50051,0x27,0x1dba,0x1db7,0x2,0x70050,0x39,
0x1dbb,0x1db8,0x1db9,0x1dba,0x66,0x200f9,0xbd0,0x200f8,
0xbd0,0x900f5,0x39,0x1dbc,0x1200,0x1203,0x180d,0x1813,
0x1dbb,0x180f,0x200f9,0x19f,0x200f8,0xbce,0x500c7,0x1b,
0x1dbd,0x1a5,0x5e,0x500ab,0x25,0x1dbe,0x1dbd,0x1d,
0x300f7,0x1dbf,0x0,0x400fa,0x1dbe,0x1dc0,0x1dbf,0x200f8,
0x1dc0,0x7004f,0x2d,0x1dc1,0x195,0x195,0x1,0x2,
0x50080,0x2d,0x1dc2,0x1dc1,0x2e,0x500b8,0x150,0x1dc3,
0xa05,0x2a,0x4009a,0x25,0x1dc4,0x1dc3,0x400a8,0x25,
0x1dc5,0x1dc4,0x300f7,0x1dc6,0x0,0x400fa,0x1dc5,0x1dc7,
0x1dc6,0x200f8,0x1dc7,0x40070,0x29,0x1dc8,0x1dc2,0x500be,
0x150,0x1dc9,0xa05,0x1dc8,0x4009a,0x25,0x1dca,0x1dc9,
0x200f9,0x1dc6,0x200f8,0x1dc6,0x700f5,0x25,0x1dcb,0x2b,
0x1dc0,0x1dca,0x1dc7,0x300f7,0x1dcc,0x0,0x400fa,0x1dcb,
0x1dcd,0x1dcc,0x200f8,0x1dcd,0x100fc,0x200f8,0x1dcc,0x6000c,
0x29,0x1dce,0x1,0x8,0xa05,0x4006d,0x2d,0x1dcf,
0x1dce,0x50051,0x1b,0x1dd0,0x1dcf,0x1,0x50051,0x1b,
0x1dd1,0x1dc2,0x0,0x50080,0x1b,0x1dd2,0x1dd1,0x33,
0x500c7,0x1b,0x1dd3,0x1dd2,0x15b,0x50084,0x1b,0x1dd4,
0x1dd0,0x1dd3,0x50051,0x1b,0x1dd5,0x1dcf,0x0,0x50080,
0x1b,0x1dd6,0x1dd4,0x1dd5,0x50041,0x143,0x1dd7,0x9,
0x21,0x4003d,0x1b,0x1dd8,0x1dd7,0x50086,0x1b,0x1dd9,
0x1dd6,0x24,0x50080,0x1b,0x1dda,0x1dd8,0x1dd9,0x60041,
0x14f,0x1ddb,0x18,0x21,0x1dda,0x4003d,0x1b,0x1ddc,
0x1ddb,0x500c7,0x1b,0x1ddd,0x1dd6,0x33,0x50084,0x1b,
0x1dde,0x1ddd,0x2f,0x500c7,0x1b,0x1ddf,0x1dde,0x32,
0x500c2,0x1b,0x1de0,0x1ddc,0x1ddf,0x500c7,0x1b,0x1de1,
0x1de0,0x34,0x500aa,0x25,0x1de2,0x1de1,0x1d,0x300f7,
0x1de3,0x0,0x400fa,0x1de2,0x1de4,0x1de3,0x200f8,0x1de4,
0x100fc,0x200f8,0x1de3,0x50041,0x177,0x1de5,0x4,0x1e,
0x4003d,0x27,0x1de6,0x1de5,0x40070,0x27,0x1de7,0x1de1,
0x50085,0x27,0x1de8,0x1de7,0x65,0x50085,0x27,0x1de9,
0x1de6,0x1de8,0x50051,0x27,0x1dea,0x190,0x0,0x50051,
0x27,0x1deb,0x190,0x1,0x50051,0x27,0x1dec,0x190,
0x2,0x70050,0x39,0x1ded,0x1dea,0x1deb,0x1dec,0x1de9,
0x200f9,0x19f,0x200f8,0x1dbf,0x500c7,0x1b,0x1dee,0x1a5,
0x2c,0x500aa,0x25,0x1def,0x1dee,0x1d,0x300f7,0x1df0,
0x0,0x400fa,0x1def,0x1df1,0x1df0,0x200f8,0x1df1,0x300f7,
0x1df2,0x0,0x300fb,0x1d,0x1df3,0x200f8,0x1df3,0x300f7,
0x1df4,0x0,0x400fa,0x1a1,0x1df5,0x1df4,0x200f8,0x1df5,
0x100fc,0x200f8,0x1df4,0x500c7,0x1b,0x1df6,0x1a5,0xba,
0x500ab,0x25,0x1df7,0x1df6,0x1d,0x300f7,0x1df8,0x0,
0x400fa,0x1df7,0x1df9,0x1df8,0x200f8,0x1df9,0x50094,0x27,
0x1dfa,0x197,0x197,0x500ba,0x25,0x1dfb,0x1dfa,0x66,
0x200f9,0x1df8,0x200f8,0x1df8,0x700f5,0x25,0x1dfc,0x26,
0x1df4,0x1dfb,0x1df9,0x300f7,0x1dfd,0x0,0x400fa,0x1dfc,
0x1dfe,0x1dfd,0x200f8,0x1dfe,0x100fc,0x200f8,0x1dfd,0x500ab,
0x25,0x1dff,0x192,0x1d,0x300f7,0x1e00,0x0,0x400fa,
0x1dff,0x1e01,0x1e00,0x200f8,0x1e01,0x7004f,0x29,0x1e02,
0x18f,0x18f,0x0,0x1,0x4006d,0x2d,0x1e03,0x1e02,
0x50050,0x2d,0x1e04,0x192,0x192,0x50086,0x2d,0x1e05,
0x1e03,0x1e04,0x50051,0x1b,0x1e06,0x1e05,0x0,0x50051,
0x1b,0x1e07,0x1e05,0x1,0x500c6,0x1b,0x1e08,0x1e06,
0x1e07,0x500c7,0x1b,0x1e09,0x1e08,0x2c,0x500ab,0x25,
0x1e0a,0x1e09,0x1d,0x300f7,0x1e0b,0x0,0x400fa,0x1e0a,
0x1e0c,0x1e0b,0x200f8,0x1e0c,0x300f7,0x1e0d,0x0,0x300fb,
0x1d,0x1e0e,0x200f8,0x1e0e,0x60041,0x155,0x1e0f,0x16,
0x35,0x21,0x4003d,0x1b,0x1e10,0x1e0f,0x500ab,0x25,
0x1e11,0x1e10,0x1d,0x300f7,0x1e12,0x0,0x400fa,0x1e11,
0x1e13,0x1e12,0x200f8,0x1e13,0x60041,0x155,0x1e14,0x16,
0x35,0x30,0x4003d,0x1b,0x1e15,0x1e14,0x500aa,0x25,
0x1e16,0x1e15,0x1d,0x200f9,0x1e12,0x200f8,0x1e12,0x700f5,
0x25,0x1e17,0x2b,0x1e0e,0x1e16,0x1e13,0x300f7,0x1e18,
0x0,0x400fa,0x1e17,0x1e19,0x1e18,0x200f8,0x1e19,0x200f9,
0x1e0d,0x200f8,0x1e18,0x8004f,0x3b,0x1e1a,0x191,0x191,
0x0,0x1,0x2,0x50094,0x27,0x1e1b,0x1e1a,0x63,
0x50085,0x27,0x1e1c,0x1e1b,0x162,0x500aa,0x25,0x1e1d,
0x1e10,0x2c,0x300f7,0x1e1e,0x0,0x400fa,0x1e1d,0x1e1f,
0x1e20,0x200f8,0x1e20,0x500aa,0x25,0x1e21,0x1e10,0x24,
0x300f7,0x1e22,0x0,0x400fa,0x1e21,0x1e23,0x1e24,0x200f8,
0x1e24,0x500aa,0x25,0x1e25,0x1e10,0x2f,0x300f7,0x1e26,
0x0,0x400fa,0x1e25,0x1e27,0x1e28,0x200f8,0x1e28,0x500aa,
0x25,0x1e29,0x1e10,0x22,0x300f7,0x1e2a,0x0,0x400fa,
0x1e29,0x1e2b,0x1e2c,0x200f8,0x1e2c,0x500aa,0x25,0x1e2d,
0x1e10,0x23,0x300f7,0x1e2e,0x0,0x400fa,0x1e2d,0x1e2f,
0x1e30,0x200f8,0x1e30,0x500aa,0x25,0x1e31,0x1e10,0x36,
0x300f7,0x1e32,0x0,0x400fa,0x1e31,0x1e33,0x1e34,0x200f8,
0x1e34,0x500aa,0x25,0x1e35,0x1e10,0x4d,0x300f7,0x1e36,
0x0,0x400fa,0x1e35,0x1e37,0x1e38,0x200f8,0x1e38,0x500aa,
0x25,0x1e39,0x1e10,0x8f,0x300f7,0x1e3a,0x0,0x400fa,
0x1e39,0x1e3b,0x1e3c,0x200f8,0x1e3c,0x500aa,0x25,0x1e3d,
0x1e10,0x46,0x300f7,0x1e3e,0x0,0x400fa,0x1e3d,0x1e3f,
0x1e40,0x200f8,0x1e40,0x500aa,0x25,0x1e41,0x1e10,0x37,
0x300f7,0x1e42,0x0,0x400fa,0x1e41,0x1e43,0x1e42,0x200f8,
0x1e43,0x50085,0x3b,0x1e44,0x1e1a,0x1e1a,0x5008e,0x3b,
0x1e45,0x1e1a,0x98,0x50083,0x3b,0x1e46,0x97,0x1e45,
0x50085,0x3b,0x1e47,0x1e44,0x1e46,0x50085,0x3b,0x1e48,
0x1e47,0x9b,0x50081,0x3b,0x1e49,0x1e48,0x9f,0x8000c,
0x3b,0x1e4a,0x1,0x2b,0x1e49,0x75,0x76,0x200f9,
0x1e42,0x200f8,0x1e42,0x700f5,0x3b,0x1e4b,0x1e1a,0x1e40,
0x1e4a,0x1e43,0x200f9,0x1e3e,0x200f8,0x1e3f,0x60050,0x3b,
0x1e4c,0x1e1c,0x1e1c,0x1e1c,0x8000c,0x3b,0x1e4d,0x1,
0x2e,0x92,0x95,0x1e4c,0x50085,0x3b,0x1e4e,0x1e4d,
0x163,0x200f9,0x1e3e,0x200f8,0x1e3e,0x700f5,0x3b,0x1e4f,
0x1e4e,0x1e3f,0x1e4b,0x1e42,0x200f9,0x1e3a,0x200f8,0x1e3b,
0x8000c,0x3b,0x1e50,0x1,0x2b,0x1e1a,0x75,0x76,
0x5008e,0x3b,0x1e51,0x1e50,0x67,0x50081,0x3b,0x1e52,
0x1e51,0x90,0x6000c,0x3b,0x1e53,0x1,0x8,0x1e52,
0x50085,0x3b,0x1e54,0x1e53,0x164,0x200f9,0x1e3a,0x200f8,
0x1e3a,0x700f5,0x3b,0x1e55,0x1e54,0x1e3b,0x1e4f,0x1e3e,
0x200f9,0x1e36,0x200f8,0x1e37,0x60050,0x3b,0x1e56,0x1e1c,
0x1e1c,0x1e1c,0x8000c,0x3b,0x1e57,0x1,0x2e,0x8b,
0x8e,0x1e56,0x50085,0x3b,0x1e58,0x1e57,0x163,0x200f9,
0x1e36,0x200f8,0x1e36,0x700f5,0x3b,0x1e59,0x1e58,0x1e37,
0x1e55,0x1e3a,0x200f9,0x1e32,0x200f8,0x1e33,0x5008e,0x3b,
0x1e5a,0x1e1a,0x67,0x50085,0x3b,0x1e5b,0x1e5a,0x166,
0x50081,0x3b,0x1e5c,0x88,0x1e5b,0x200f9,0x1e32,0x200f8,
0x1e32,0x700f5,0x3b,0x1e5d,0x1e5c,0x1e33,0x1e59,0x1e36,
0x200f9,0x1e2e,0x200f8,0x1e2f,0x50085,0x27,0x1e5e,0x1e1b,
0x168,0x50085,0x27,0x1e5f,0x1e1b,0x169,0x50081,0x27,
0x1e60,0x85,0x1e5f,0x50085,0x27,0x1e61,0x1e1b,0x16a,
0x60050,0x3b,0x1e62,0x1e5e,0x1e60,0x1e61,0x8000c,0x3b,
0x1e63,0x1,0x2b,0x1e62,0x75,0x76,0x200f9,0x1e2e,
0x200f8,0x1e2e,0x700f5,0x3b,0x1e64,0x1e63,0x1e2f,0x1e5d,
0x1e32,0x200f9,0x1e2a,0x200f8,0x1e2b,0x3003e,0x17f,0x15c,
0x50085,0x27,0x1e65,0x1e1b,0x16b,0x4006d,0x1b,0x1e66,
0x1e65,0x7000c,0x1b,0x1e67,0x1,0x26,0x1e66,0x33,
0x50041,0x152,0x1e68,0x17f,0x1e67,0x4003d,0x3b,0x1e69,
0x1e68,0x50080,0x1b,0x1e6a,0x1e67,0x2c,0x50041,0x152,
0x1e6b,0x17f,0x1e6a,0x4003d,0x3b,0x1e6c,0x1e6b,0x40070,
0x27,0x1e6d,0x1e67,0x50083,0x27,0x1e6e,0x1e65,0x1e6d,
0x60050,0x3b,0x1e6f,0x1e6e,0x1e6e,0x1e6e,0x8000c,0x3b,
0x1e70,0x1,0x2e,0x1e69,0x1e6c,0x1e6f,0x50085,0x3b,
0x1e71,0x1e70,0x163,0x200f9,0x1e2a,0x200f8,0x1e2a,0x700f5,
0x3b,0x1e72,0x1e71,0x1e2b,0x1e64,0x1e2e,0x200f9,0x1e26,
0x200f8,0x1e27,0x50094,0x27,0x1e73,0x1e1a,0x6c,0x50094,
0x27,0x1e74,0x1e1a,0x70,0x50094,0x27,0x1e75,0x1e1a,
0x74,0x60050,0x3b,0x1e76,0x1e73,0x1e74,0x1e75,0x50085,
0x3b,0x1e77,0x1e76,0x16c,0x8000c,0x3b,0x1e78,0x1,
0x2b,0x1e77,0x75,0x76,0x200f9,0x1e26,0x200f8,0x1e26,
0x700f5,0x3b,0x1e79,0x1e78,0x1e27,0x1e72,0x1e2a,0x200f9,
0x1e22,0x200f8,0x1e23,0x60050,0x3b,0x1e7a,0x1e1c,0x1e1c,
0x1e1c,0x200f9,0x1e22,0x200f8,0x1e22,0x700f5,0x3b,0x1e7b,
0x1e7a,0x1e23,0x1e79,0x1e26,0x200f9,0x1e1e,0x200f8,0x1e1f,
0x50051,0x27,0x1e7c,0x191,0x0,0x50051,0x27,0x1e7d,
0x191,0x1,0x7000c,0x27,0x1e7e,0x1,0x50,0x1e7c,
0x1e7d,0x50051,0x27,0x1e7f,0x191,0x2,0x7000c,0x27,
0x1e80,0x1,0x50,0x1e7f,0x65,0x7000c,0x27,0x1e81,
0x1,0x50,0x1e7e,0x1e80,0x50085,0x27,0x1e82,0x1e81,
0x67,0x50081,0x27,0x1e83,0x1e82,0x68,0x6000c,0x27,
0x1e84,0x1,0x8,0x1e83,0x50085,0x27,0x1e85,0x1e84,
0xb2,0x7000c,0x27,0x1e86,0x1,0x4f,0x66,0x1e85,
0x50088,0x27,0x1e87,0x1e86,0x1e81,0x5008e,0x3b,0x1e88,
0x1e1a,0x1e87,0x200f9,0x1e1e,0x200f8,0x1e1e,0x700f5,0x3b,
0x1e89,0x1e88,0x1e1f,0x1e7b,0x1e22,0x60041,0x155,0x1e8a,
0x16,0x35,0x30,0x4003d,0x1b,0x1e8b,0x1e8a,0x7000c,
0x1b,0x1e8c,0x1,0x26,0x1e8b,0xa0,0x40070,0x27,
0x1e8d,0x1e8c,0x50085,0x27,0x1e8e,0x1e8d,0xe4,0x60050,
0x3b,0x1e8f,0x1e8e,0x1e8e,0x1e8e,0x8000c,0x3b,0x1e90,
0x1,0x2e,0x1e1a,0x1e89,0x1e8f,0x50041,0x177,0x1e91,
0x5,0x1e,0x4003d,0x27,0x1e92,0x1e91,0x50051,0x27,
0x1e93,0x1e90,0x0,0x50051,0x27,0x1e94,0x1e90,0x1,
0x50051,0x27,0x1e95,0x1e90,0x2,0x70050,0x39,0x1e96,
0x1e93,0x1e94,0x1e95,0x1e92,0x200f9,0x1e0d,0x200f8,0x1e0d,
0x700f5,0x39,0x1e97,0x191,0x1e19,0x1e96,0x1e1e,0x200f9,
0x1df2,0x200f8,0x1e0b,0x200f9,0x1e00,0x200f8,0x1e00,0x300f7,
0x1e98,0x0,0x300fb,0x1d,0x1e99,0x200f8,0x1e99,0x60041,
0x155,0x1e9a,0x16,0x35,0x21,0x4003d,0x1b,0x1e9b,
0x1e9a,0x500ab,0x25,0x1e9c,0x1e9b,0x1d,0x300f7,0x1e9d,
0x0,0x400fa,0x1e9c,0x1e9e,0x1e9d,0x200f8,0x1e9e,0x60041,
0x155,0x1e9f,0x16,0x35,0x30,0x4003d,0x1b,0x1ea0,
0x1e9f,0x500aa,0x25,0x1ea1,0x1ea0,0x1d,0x200f9,0x1e9d,
0x200f8,0x1e9d,0x700f5,0x25,0x1ea2,0x2b,0x1e99,0x1ea1,
0x1e9e,0x300f7,0x1ea3,0x0,0x400fa,0x1ea2,0x1ea4,0x1ea3,
0x200f8,0x1ea4,0x200f9,0x1e98,0x200f8,0x1ea3,0x8004f,0x3b,
0x1ea5,0x190,0x190,0x0,0x1,0x2,0x50094,0x27,
0x1ea6,0x1ea5,0x63,0x50085,0x27,0x1ea7,0x1ea6,0x162,
0x500aa,0x25,0x1ea8,0x1e9b,0x2c,0x300f7,0x1ea9,0x0,
0x400fa,0x1ea8,0x1eaa,0x1eab,0x200f8,0x1eab,0x500aa,0x25,
0x1eac,0x1e9b,0x24,0x300f7,0x1ead,0x0,0x400fa,0x1eac,
0x1eae,0x1eaf,0x200f8,0x1eaf,0x500aa,0x25,0x1eb0,0x1e9b,
0x2f,0x300f7,0x1eb1,0x0,0x400fa,0x1eb0,0x1eb2,0x1eb3,
0x200f8,0x1eb3,0x500aa,0x25,0x1eb4,0x1e9b,0x22,0x300f7,
0x1eb5,0x0,0x400fa,0x1eb4,0x1eb6,0x1eb7,0x200f8,0x1eb7,
0x500aa,0x25,0x1eb8,0x1e9b,0x23,0x300f7,0x1eb9,0x0,
0x400fa,0x1eb8,0x1eba,0x1ebb,0x200f8,0x1ebb,0x500aa,0x25,
0x1ebc,0x1e9b,0x36,0x300f7,0x1ebd,0x0,0x400fa,0x1ebc,
0x1ebe,0x1ebf,0x200f8,0x1ebf,0x500aa,0x25,0x1ec0,0x1e9b,
0x4d,0x300f7,0x1ec1,0x0,0x400fa,0x1ec0,0x1ec2,0x1ec3,
0x200f8,0x1ec3,0x500aa,0x25,0x1ec4,0x1e9b,0x8f,0x300f7,
0x1ec5,0x0,0x400fa,0x1ec4,0x1ec6,0x1ec7,0x200f8,0x1ec7,
0x500aa,0x25,0x1ec8,0x1e9b,0x46,0x300f7,0x1ec9,0x0,
0x400fa,0x1ec8,0x1eca,0x1ecb,0x200f8,0x1ecb,0x500aa,0x25,
0x1ecc,0x1e9b,0x37,0x300f7,0x1ecd,0x0,0x400fa,0x1ecc,
0x1ece,0x1ecd,0x200f8,0x1ece,0x50085,0x3b,0x1ecf,0x1ea5,
0x1ea5,0x5008e,0x3b,0x1ed0,0x1ea5,0x98,0x50083,0x3b,
0x1ed1,0x97,0x1ed0,0x50085,0x3b,0x1ed2,0x1ecf,0x1ed1,
0x50085,0x3b,0x1ed3,0x1ed2,0x9b,0x50081,0x3b,0x1ed4,
0x1ed3,0x9f,0x8000c,0x3b,0x1ed5,0x1,0x2b,0x1ed4,
0x75,0x76,0x200f9,0x1ecd,0x200f8,0x1ecd,0x700f5,0x3b,
0x1ed6,0x1ea5,0x1ecb,0x1ed5,0x1ece,0x200f9,0x1ec9,0x200f8,
0x1eca,0x60050,0x3b,0x1ed7,0x1ea7,0x1ea7,0x1ea7,0x8000c,
0x3b,0x1ed8,0x1,0x2e,0x92,0x95,0x1ed7,0x50085,
0x3b,0x1ed9,0x1ed8,0x163,0x200f9,0x1ec9,0x200f8,0x1ec9,
0x700f5,0x3b,0x1eda,0x1ed9,0x1eca,0x1ed6,0x1ecd,0x200f9,
0x1ec5,0x200f8,0x1ec6,0x8000c,0x3b,0x1edb,0x1,0x2b,
0x1ea5,0x75,0x76,0x5008e,0x3b,0x1edc,0x1edb,0x67,
0x50081,0x3b,0x1edd,0x1edc,0x90,0x6000c,0x3b,0x1ede,
0x1,0x8,0x1edd,0x50085,0x3b,0x1edf,0x1ede,0x164,
0x200f9,0x1ec5,0x200f8,0x1ec5,0x700f5,0x3b,0x1ee0,0x1edf,
0x1ec6,0x1eda,0x1ec9,0x200f9,0x1ec1,0x200f8,0x1ec2,0x60050,
0x3b,0x1ee1,0x1ea7,0x1ea7,0x1ea7,0x8000c,0x3b,0x1ee2,
0x1,0x2e,0x8b,0x8e,0x1ee1,0x50085,0x3b,0x1ee3,
0x1ee2,0x163,0x200f9,0x1ec1,0x200f8,0x1ec1,0x700f5,0x3b,
0x1ee4,0x1ee3,0x1ec2,0x1ee0,0x1ec5,0x200f9,0x1ebd,0x200f8,
0x1ebe,0x5008e,0x3b,0x1ee5,0x1ea5,0x67,0x50085,0x3b,
0x1ee6,0x1ee5,0x166,0x50081,0x3b,0x1ee7,0x88,0x1ee6,
0x200f9,0x1ebd,0x200f8,0x1ebd,0x700f5,0x3b,0x1ee8,0x1ee7,
0x1ebe,0x1ee4,0x1ec1,0x200f9,0x1eb9,0x200f8,0x1eba,0x50085,
0x27,0x1ee9,0x1ea6,0x168,0x50085,0x27,0x1eea,0x1ea6,
0x169,0x50081,0x27,0x1eeb,0x85,0x1eea,0x50085,0x27,
0x1eec,0x1ea6,0x16a,0x60050,0x3b,0x1eed,0x1ee9,0x1eeb,
0x1eec,0x8000c,0x3b,0x1eee,0x1,0x2b,0x1eed,0x75,
0x76,0x200f9,0x1eb9,0x200f8,0x1eb9,0x700f5,0x3b,0x1eef,
0x1eee,0x1eba,0x1ee8,0x1ebd,0x200f9,0x1eb5,0x200f8,0x1eb6,
0x3003e,0x17e,0x15c,0x50085,0x27,0x1ef0,0x1ea6,0x16b,
0x4006d,0x1b,0x1ef1,0x1ef0,0x7000c,0x1b,0x1ef2,0x1,
0x26,0x1ef1,0x33,0x50041,0x152,0x1ef3,0x17e,0x1ef2,
0x4003d,0x3b,0x1ef4,0x1ef3,0x50080,0x1b,0x1ef5,0x1ef2,
0x2c,0x50041,0x152,0x1ef6,0x17e,0x1ef5,0x4003d,0x3b,
0x1ef7,0x1ef6,0x40070,0x27,0x1ef8,0x1ef2,0x50083,0x27,
0x1ef9,0x1ef0,0x1ef8,0x60050,0x3b,0x1efa,0x1ef9,0x1ef9,
0x1ef9,0x8000c,0x3b,0x1efb,0x1,0x2e,0x1ef4,0x1ef7,
0x1efa,0x50085,0x3b,0x1efc,0x1efb,0x163,0x200f9,0x1eb5,
0x200f8,0x1eb5,0x700f5,0x3b,0x1efd,0x1efc,0x1eb6,0x1eef,
0x1eb9,0x200f9,0x1eb1,0x200f8,0x1eb2,0x50094,0x27,0x1efe,
0x1ea5,0x6c,0x50094,0x27,0x1eff,0x1ea5,0x70,0x50094,
0x27,0x1f00,0x1ea5,0x74,0x60050,0x3b,0x1f01,0x1efe,
0x1eff,0x1f00,0x50085,0x3b,0x1f02,0x1f01,0x16c,0x8000c,
0x3b,0x1f03,0x1,0x2b,0x1f02,0x75,0x76,0x200f9,
0x1eb1,0x200f8,0x1eb1,0x700f5,0x3b,0x1f04,0x1f03,0x1eb2,
0x1efd,0x1eb5,0x200f9,0x1ead,0x200f8,0x1eae,0x60050,0x3b,
0x1f05,0x1ea7,0x1ea7,0x1ea7,0x200f9,0x1ead,0x200f8,0x1ead,
0x700f5,0x3b,0x1f06,0x1f05,0x1eae,0x1f04,0x1eb1,0x200f9,
0x1ea9,0x200f8,0x1eaa,0x50051,0x27,0x1f07,0x190,0x0,
0x50051,0x27,0x1f08,0x190,0x1,0x7000c,0x27,0x1f09,
0x1,0x50,0x1f07,0x1f08,0x50051,0x27,0x1f0a,0x190,
0x2,0x7000c,0x27,0x1f0b,0x1,0x50,0x1f0a,0x65,
0x7000c,0x27,0x1f0c,0x1,0x50,0x1f09,0x1f0b,0x50085,
0x27,0x1f0d,0x1f0c,0x67,0x50081,0x27,0x1f0e,0x1f0d,
0x68,0x6000c,0x27,0x1f0f,0x1,0x8,0x1f0e,0x50085,
0x27,0x1f10,0x1f0f,0xb2,0x7000c,0x27,0x1f11,0x1,
0x4f,0x66,0x1f10,0x50088,0x27,0x1f12,0x1f11,0x1f0c,
0x5008e,0x3b,0x1f13,0x1ea5,0x1f12,0x200f9,0x1ea9,0x200f8,
0x1ea9,0x700f5,0x3b,0x1f14,0x1f13,0x1eaa,0x1f06,0x1ead,
0x60041,0x155,0x1f15,0x16,0x35,0x30,0x4003d,0x1b,
0x1f16,0x1f15,0x7000c,0x1b,0x1f17,0x1,0x26,0x1f16,
0xa0,0x40070,0x27,0x1f18,0x1f17,0x50085,0x27,0x1f19,
0x1f18,0xe4,0x60050,0x3b,0x1f1a,0x1f19,0x1f19,0x1f19,
0x8000c,0x3b,0x1f1b,0x1,0x2e,0x1ea5,0x1f14,0x1f1a,
0x50041,0x177,0x1f1c,0x4,0x1e,0x4003d,0x27,0x1f1d,
0x1f1c,0x50051,0x27,0x1f1e,0x1f1b,0x0,0x50051,0x27,
0x1f1f,0x1f1b,0x1,0x50051,0x27,0x1f20,0x1f1b,0x2,
0x70050,0x39,0x1f21,0x1f1e,0x1f1f,0x1f20,0x1f1d,0x200f9,
0x1e98,0x200f8,0x1e98,0x700f5,0x39,0x1f22,0x190,0x1ea4,
0x1f21,0x1ea9,0x200f9,0x1df2,0x200f8,0x1df2,0x700f5,0x39,
0x1f23,0x1e97,0x1e0d,0x1f22,0x1e98,0x200f9,0x19f,0x200f8,
0x1df0,0x500c7,0x1b,0x1f24,0x1a5,0x24,0x500ab,0x25,
0x1f25,0x1f24,0x1d,0x300f7,0x1f26,0x0,0x400fa,0x1f25,
0x1f27,0x1f26,0x200f8,0x1f27,0x500b8,0x150,0x1f28,0xa05,
0x2a,0x4009a,0x25,0x1f29,0x1f28,0x400a8,0x25,0x1f2a,
0x1f29,0x300f7,0x1f2b,0x0,0x400fa,0x1f2a,0x1f2c,0x1f2b,
0x200f8,0x1f2c,0x7004f,0x2d,0x1f2d,0x195,0x195,0x1,
0x2,0x50080,0x2d,0x1f2e,0x1f2d,0x2e,0x40070,0x29,
0x1f2f,0x1f2e,0x500be,0x150,0x1f30,0xa05,0x1f2f,0x4009a,
0x25,0x1f31,0x1f30,0x200f9,0x1f2b,0x200f8,0x1f2b,0x700f5,
0x25,0x1f32,0x2b,0x1f27,0x1f31,0x1f2c,0x200f9,0x1f26,
0x200f8,0x1f26,0x700f5,0x25,0x1f33,0x26,0x1df0,0x1f32,
0x1f2b,0x300f7,0x1f34,0x0,0x400fa,0x1f33,0x1f35,0x1f34,
0x200f8,0x1f35,0x100fc,0x200f8,0x1f34,0x6000c,0x29,0x1f36,
0x1,0x8,0xa05,0x4006e,0x59,0x1f37,0x1f36,0x4007c,
0x2d,0x1f38,0x1f37,0x7004f,0x2d,0x1f39,0x195,0x195,
0x1,0x2,0x500c7,0x2d,0x1f3a,0x1f38,0x1f39,0x50051,
0x1b,0x1f3b,0x1f3a,0x1,0x50041,0x143,0x1f3c,0x9,
0x30,0x4003d,0x1b,0x1f3d,0x1f3c,0x50080,0x1b,0x1f3e,
0x1f3d,0x2c,0x50084,0x1b,0x1f3f,0x1f3b,0x1f3e,0x50051,
0x1b,0x1f40,0x1f3a,0x0,0x50080,0x1b,0x1f41,0x1f3f,
0x1f40,0x500c7,0x1b,0x1f42,0x1a5,0x5f,0x500ab,0x25,
0x1f43,0x1f42,0x1d,0x300f7,0x1f44,0x0,0x400fa,0x1f43,
0x1f45,0x1f46,0x200f8,0x1f46,0x50041,0x143,0x1f47,0x9,
0x21,0x4003d,0x1b,0x1f48,0x1f47,0x50080,0x1b,0x1f49,
0x1f48,0x1f41,0x60041,0x14f,0x1f4a,0x18,0x21,0x1f49,
0x4003d,0x1b,0x1f4b,0x1f4a,0x200f9,0x1f44,0x200f8,0x1f45,
0x50041,0x143,0x1f4c,0x9,0x21,0x4003d,0x1b,0x1f4d,
0x1f4c,0x50080,0x1b,0x1f4e,0x1f4d,0x5d,0x50086,0x1b,
0x1f4f,0x1f41,0x24,0x50080,0x1b,0x1f50,0x1f4e,0x1f4f,
0x60041,0x14f,0x1f51,0x18,0x21,0x1f50,0x4003d,0x1b,
0x1f52,0x1f51,0x500c7,0x1b,0x1f53,0x1f41,0x33,0x50084,
0x1b,0x1f54,0x1f53,0x2f,0x500c7,0x1b,0x1f55,0x1f54,
0x32,0x500c2,0x1b,0x1f56,0x1f52,0x1f55,0x500c7,0x1b,
0x1f57,0x1f56,0x34,0x50080,0x1b,0x1f58,0x1f4d,0x1f57,
0x60041,0x14f,0x1f59,0x18,0x21,0x1f58,0x4003d,0x1b,
0x1f5a,0x1f59,0x200f9,0x1f44,0x200f8,0x1f44,0x700f5,0x1b,
0x1f5b,0x1f5a,0x1f45,0x1f4b,0x1f46,0x500c2,0x1b,0x1f5c,
0x1f5b,0x4a,0x500aa,0x25,0x1f5d,0x1f5c,0x1d,0x300f7,
0x1f5e,0x0,0x400fa,0x1f5d,0x1f5f,0x1f5e,0x200f8,0x1f5f,
0x100fc,0x200f8,0x1f5e,0x500c7,0x1b,0x1f60,0x1f5b,0x34,
0x40070,0x27,0x1f61,0x1f60,0x500c2,0x1b,0x1f62,0x1f5b,
0x2f,0x500c7,0x1b,0x1f63,0x1f62,0x34,0x40070,0x27,
0x1f64,0x1f63,0x500c2,0x1b,0x1f65,0x1f5b,0x37,0x500c7,
0x1b,0x1f66,0x1f65,0x34,0x40070,0x27,0x1f67,0x1f66,
0x40070,0x27,0x1f68,0x1f5c,0x70050,0x39,0x1f69,0x1f61,
0x1f64,0x1f67,0x1f68,0x50085,0x39,0x1f6a,0x1f69,0x15d,
0x500c7,0x1b,0x1f6b,0x1a5,0x31,0x500ab,0x25,0x1f6c,
0x1f6b,0x1d,0x300f7,0x1f6d,0x0,0x400fa,0x1f6c,0x1f6e,
0x1f6d,0x200f8,0x1f6e,0x8004f,0x3b,0x1f6f,0x1f6a,0x1f6a,
0x0,0x1,0x2,0x500bc,0x151,0x1f70,0x1f6f,0x3c,
0x50085,0x3b,0x1f71,0x1f6f,0x15f,0x50081,0x3b,0x1f72,
0x1f6f,0x3e,0x50085,0x3b,0x1f73,0x1f72,0x161,0x7000c,
0x3b,0x1f74,0x1,0x1a,0x1f73,0x40,0x600a9,0x3b,
0x1f75,0x1f70,0x1f71,0x1f74,0x9004f,0x39,0x1f76,0x1f6a,
0x1f75,0x4,0x5,0x6,0x3,0x200f9,0x1f6d,0x200f8,
0x1f6d,0x700f5,0x39,0x1f77,0x1f6a,0x1f5e,0x1f76,0x1f6e,
0x200f9,0x19f,0x200f8,0x19f,0x1b00f5,0x39,0x1f78,0x8bb,
0x8b1,0x915,0x90b,0x9ff,0x950,0xa46,0xa3c,0xaae,
0xa6d,0x190,0xae9,0xb1a,0xb10,0xbcd,0xbc3,0x1dbc,
0xbd0,0x1ded,0x1de3,0x1f23,0x1df2,0x1f77,0x1f6d,0x300f7,
0x1f79,0x0,0x300fb,0x1d,0x1f7a,0x200f8,0x1f7a,0x60041,
0x155,0x1f7b,0x16,0x35,0x21,0x4003d,0x1b,0x1f7c,
0x1f7b,0x500ab,0x25,0x1f7d,0x1f7c,0x1d,0x300f7,0x1f7e,
0x0,0x400fa,0x1f7d,0x1f7f,0x1f7e,0x200f8,0x1f7f,0x60041,
0x155,0x1f80,0x16,0x35,0x30,0x4003d,0x1b,0x1f81,
0x1f80,0x500aa,0x25,0x1f82,0x1f81,0x1d,0x200f9,0x1f7e,
0x200f8,0x1f7e,0x700f5,0x25,0x1f83,0x2b,0x1f7a,0x1f82,
0x1f7f,0x300f7,0x1f84,0x0,0x400fa,0x1f83,0x1f85,0x1f84,
0x200f8,0x1f85,0x200f9,0x1f79,0x200f8,0x1f84,0x8004f,0x3b,
0x1f86,0x1f78,0x1f78,0x0,0x1,0x2,0x50094,0x27,
0x1f87,0x1f86,0x63,0x50085,0x27,0x1f88,0x1f87,0x162,
0x500aa,0x25,0x1f89,0x1f7c,0x2c,0x300f7,0x1f8a,0x0,
0x400fa,0x1f89,0x1f8b,0x1f8c,0x200f8,0x1f8c,0x500aa,0x25,
0x1f8d,0x1f7c,0x24,0x300f7,0x1f8e,0x0,0x400fa,0x1f8d,
0x1f8f,0x1f90,0x200f8,0x1f90,0x500aa,0x25,0x1f91,0x1f7c,
0x2f,0x300f7,0x1f92,0x0,0x400fa,0x1f91,0x1f93,0x1f94,
0x200f8,0x1f94,0x500aa,0x25,0x1f95,0x1f7c,0x22,0x300f7,
0x1f96,0x0,0x400fa,0x1f95,0x1f97,0x1f98,0x200f8,0x1f98,
0x500aa,0x25,0x1f99,0x1f7c,0x23,0x300f7,0x1f9a,0x0,
0x400fa,0x1f99,0x1f9b,0x1f9c,0x200f8,0x1f9c,0x500aa,0x25,
0x1f9d,0x1f7c,0x36,0x300f7,0x1f9e,0x0,0x400fa,0x1f9d,
0x1f9f,0x1fa0,0x200f8,0x1fa0,0x500aa,0x25,0x1fa1,0x1f7c,
0x4d,0x300f7,0x1fa2,0x0,0x400fa,0x1fa1,0x1fa3,0x1fa4,
0x200f8,0x1fa4,0x500aa,0x25,0x1fa5,0x1f7c,0x8f,0x300f7,
0x1fa6,0x0,0x400fa,0x1fa5,0x1fa7,0x1fa8,0x200f8,0x1fa8,
0x500aa,0x25,0x1fa9,0x1f7c,0x46,0x300f7,0x1faa,0x0,
0x400fa,0x1fa9,0x1fab,0x1fac,0x200f8,0x1fac,0x500aa,0x25,
0x1fad,0x1f7c,0x37,0x300f7,0x1fae,0x0,0x400fa,0x1fad,
0x1faf,0x1fae,0x200f8,0x1faf,0x50085,0x3b,0x1fb0,0x1f86,
0x1f86,0x5008e,0x3b,0x1fb1,0x1f86,0x98,0x50083,0x3b,
0x1fb2,0x97,0x1fb1,0x50085,0x3b,0x1fb3,0x1fb0,0x1fb2,
0x50085,0x3b,0x1fb4,0x1fb3,0x9b,0x50081,0x3b,0x1fb5,
0x1fb4,0x9f,0x8000c,0x3b,0x1fb6,0x1,0x2b,0x1fb5,
0x75,0x76,0x200f9,0x1fae,0x200f8,0x1fae,0x700f5,0x3b,
0x1fb7,0x1f86,0x1fac,0x1fb6,0x1faf,0x200f9,0x1faa,0x200f8,
0x1fab,0x60050,0x3b,0x1fb8,0x1f88,0x1f88,0x1f88,0x8000c,
0x3b,0x1fb9,0x1,0x2e,0x92,0x95,0x1fb8,0x50085,
0x3b,0x1fba,0x1fb9,0x163,0x200f9,0x1faa,0x200f8,0x1faa,
0x700f5,0x3b,0x1fbb,0x1fba,0x1fab,0x1fb7,0x1fae,0x200f9,
0x1fa6,0x200f8,0x1fa7,0x8000c,0x3b,0x1fbc,0x1,0x2b,
0x1f86,0x75,0x76,0x5008e,0x3b,0x1fbd,0x1fbc,0x67,
0x50081,0x3b,0x1fbe,0x1fbd,0x90,0x6000c,0x3b,0x1fbf,
0x1,0x8,0x1fbe,0x50085,0x3b,0x1fc0,0x1fbf,0x164,
0x200f9,0x1fa6,0x200f8,0x1fa6,0x700f5,0x3b,0x1fc1,0x1fc0,
0x1fa7,0x1fbb,0x1faa,0x200f9,0x1fa2,0x200f8,0x1fa3,0x60050,
0x3b,0x1fc2,0x1f88,0x1f88,0x1f88,0x8000c,0x3b,0x1fc3,
0x1,0x2e,0x8b,0x8e,0x1fc2,0x50085,0x3b,0x1fc4,
0x1fc3,0x163,0x200f9,0x1fa2,0x200f8,0x1fa2,0x700f5,0x3b,
0x1fc5,0x1fc4,0x1fa3,0x1fc1,0x1fa6,0x200f9,0x1f9e,0x200f8,
0x1f9f,0x5008e,0x3b,0x1fc6,0x1f86,0x67,0x50085,0x3b,
0x1fc7,0x1fc6,0x166,0x50081,0x3b,0x1fc8,0x88,0x1fc7,
0x200f9,0x1f9e,0x200f8,0x1f9e,0x700f5,0x3b,0x1fc9,0x1fc8,
0x1f9f,0x1fc5,0x1fa2,0x200f9,0x1f9a,0x200f8,0x1f9b,0x50085,
0x27,0x1fca,0x1f87,0x168,0x50085,0x27,0x1fcb,0x1f87,
0x169,0x50081,0x27,0x1fcc,0x85,0x1fcb,0x50085,0x27,
0x1fcd,0x1f87,0x16a,0x60050,0x3b,0x1fce,0x1fca,0x1fcc,
0x1fcd,0x8000c,0x3b,0x1fcf,0x1,0x2b,0x1fce,0x75,
0x76,0x200f9,0x1f9a,0x200f8,0x1f9a,0x700f5,0x3b,0x1fd0,
0x1fcf,0x1f9b,0x1fc9,0x1f9e,0x200f9,0x1f96,0x200f8,0x1f97,
0x3003e,0x17d,0x15c,0x50085,0x27,0x1fd1,0x1f87,0x16b,
0x4006d,0x1b,0x1fd2,0x1fd1,0x7000c,0x1b,0x1fd3,0x1,
0x26,0x1fd2,0x33,0x50041,0x152,0x1fd4,0x17d,0x1fd3,
0x4003d,0x3b,0x1fd5,0x1fd4,0x50080,0x1b,0x1fd6,0x1fd3,
0x2c,0x50041,0x152,0x1fd7,0x17d,0x1fd6,0x4003d,0x3b,
0x1fd8,0x1fd7,0x40070,0x27,0x1fd9,0x1fd3,0x50083,0x27,
0x1fda,0x1fd1,0x1fd9,0x60050,0x3b,0x1fdb,0x1fda,0x1fda,
0x1fda,0x8000c,0x3b,0x1fdc,0x1,0x2e,0x1fd5,0x1fd8,
0x1fdb,0x50085,0x3b,0x1fdd,0x1fdc,0x163,0x200f9,0x1f96,
0x200f8,0x1f96,0x700f5,0x3b,0x1fde,0x1fdd,0x1f97,0x1fd0,
0x1f9a,0x200f9,0x1f92,0x200f8,0x1f93,0x50094,0x27,0x1fdf,
0x1f86,0x6c,0x50094,0x27,0x1fe0,0x1f86,0x70,0x50094,
0x27,0x1fe1,0x1f86,0x74,0x60050,0x3b,0x1fe2,0x1fdf,
0x1fe0,0x1fe1,0x50085,0x3b,0x1fe3,0x1fe2,0x16c,0x8000c,
0x3b,0x1fe4,0x1,0x2b,0x1fe3,0x75,0x76,0x200f9,
0x1f92,0x200f8,0x1f92,0x700f5,0x3b,0x1fe5,0x1fe4,0x1f93,
0x1fde,0x1f96,0x200f9,0x1f8e,0x200f8,0x1f8f,0x60050,0x3b,
0x1fe6,0x1f88,0x1f88,0x1f88,0x200f9,0x1f8e,0x200f8,0x1f8e,
0x700f5,0x3b,0x1fe7,0x1fe6,0x1f8f,0x1fe5,0x1f92,0x200f9,
0x1f8a,0x200f8,0x1f8b,0x50051,0x27,0x1fe8,0x1f78,0x0,
0x50051,0x27,0x1fe9,0x1f78,0x1,0x7000c,0x27,0x1fea,
0x1,0x50,0x1fe8,0x1fe9,0x50051,0x27,0x1feb,0x1f78,
0x2,0x7000c,0x27,0x1fec,0x1,0x50,0x1feb,0x65,
0x7000c,0x27,0x1fed,0x1,0x50,0x1fea,0x1fec,0x50085,
0x27,0x1fee,0x1fed,0x67,0x50081,0x27,0x1fef,0x1fee,
0x68,0x6000c,0x27,0x1ff0,0x1,0x8,0x1fef,0x50085,
0x27,0x1ff1,0x1ff0,0xb2,0x7000c,0x27,0x1ff2,0x1,
0x4f,0x66,0x1ff1,0x50088,0x27,0x1ff3,0x1ff2,0x1fed,
0x5008e,0x3b,0x1ff4,0x1f86,0x1ff3,0x200f9,0x1f8a,0x200f8,
0x1f8a,0x700f5,0x3b,0x1ff5,0x1ff4,0x1f8b,0x1fe7,0x1f8e,
0x60041,0x155,0x1ff6,0x16,0x35,0x30,0x4003d,0x1b,
0x1ff7,0x1ff6,0x7000c,0x1b,0x1ff8,0x1,0x26,0x1ff7,
0xa0,0x40070,0x27,0x1ff9,0x1ff8,0x50085,0x27,0x1ffa,
0x1ff9,0xe4,0x60050,0x3b,0x1ffb,0x1ffa,0x1ffa,0x1ffa,
0x8000c,0x3b,0x1ffc,0x1,0x2e,0x1f86,0x1ff5,0x1ffb,
0x50051,0x27,0x1ffd,0x1f78,0x3,0x50051,0x27,0x1ffe,
0x1ffc,0x0,0x50051,0x27,0x1fff,0x1ffc,0x1,0x50051,
0x27,0x2000,0x1ffc,0x2,0x70050,0x39,0x2001,0x1ffe,
0x1fff,0x2000,0x1ffd,0x200f9,0x1f79,0x200f8,0x1f79,0x700f5,
0x39,0x2002,0x1f78,0x1f85,0x2001,0x1f8a,0x3003e,0x14,
0x2002,0x100fd,0x10038
};
inline constexpr std::uint32_t connected_project[]={
0x7230203,0x10000,0xe0000,0xb0,0x0,0x20011,0x1,0x6000b,
0x1,0x4c534c47,0x6474732e,0x3035342e,0x0,0x3000e,0x0,0x1,
0xa000f,0x5,0x2,0x6e6e6f63,0x65746365,0x72705f64,0x63656a6f,0x616d5f74,
0x6e69,0x3,0x60010,0x2,0x11,0x40,0x1,0x1,
0x30003,0x5,0x258,0x90005,0x4,0x65707974,0x7274532e,0x75746375,
0x42646572,0x65666675,0x69752e72,0x746e,0x40005,0x5,0x65786574,0x736c,
0xa0005,0x6,0x65707974,0x5357522e,0x63757274,0x65727574,0x66754264,0x2e726566,
0x746e6975,0x0,0x50005,0x7,0x64697267,0x74756f5f,0x747570,0x80005,
0x2,0x6e6e6f63,0x65746365,0x72705f64,0x63656a6f,0x616d5f74,0x6e69,0x40047,
0x3,0xb,0x1c,0x40047,0x5,0x22,0x0,0x40047,
0x5,0x21,0x0,0x40047,0x7,0x22,0x0,0x40047,
0x7,0x21,0x1,0x40047,0x8,0x6,0x4,0x50048,
0x4,0x0,0x23,0x0,0x40048,0x4,0x0,0x18,
0x30047,0x4,0x3,0x50048,0x6,0x0,0x23,0x0,
0x30047,0x6,0x3,0x40015,0x9,0x20,0x0,0x4002b,
0x9,0xa,0x208ef,0x40015,0xb,0x20,0x1,0x4002b,
0xb,0xc,0x0,0x4002b,0x9,0xd,0xe1,0x4002b,
0x9,0xe,0x0,0x4002b,0xb,0xf,0xff,0x4002b,
0xb,0x10,0x780,0x4002b,0x9,0x11,0x1,0x4002b,
0x9,0x12,0x2,0x4002b,0x9,0x13,0x3,0x4002b,
0x9,0x14,0x6,0x4002b,0x9,0x15,0x9,0x4002b,
0xb,0x16,0xf,0x4002b,0xb,0x17,0x1,0x4002b,
0xb,0x18,0x2,0x4002b,0x9,0x19,0xf,0x4002b,
0xb,0x1a,0x7,0x40017,0x1b,0xb,0x2,0x5002c,
0x1b,0x1c,0xc,0xc,0x20014,0x1d,0x3002a,0x1d,
0x1e,0x4002b,0xb,0x1f,0x100,0x4002b,0xb,0x20,
0x7fff00,0x4002b,0xb,0x21,0x2fff,0x4002b,0xb,0x22,
0xfffffffe,0x4002b,0xb,0x23,0x70,0x4002b,0xb,0x24,
0x60,0x4002b,0xb,0x25,0xe0,0x4002b,0xb,0x26,
0xc0,0x4002b,0x9,0x27,0x4,0x4002b,0xb,0x28,
0x10,0x3001d,0x8,0x9,0x3001e,0x4,0x8,0x40020,
0x29,0x2,0x4,0x3001e,0x6,0x8,0x40020,0x2a,
0x2,0x6,0x40017,0x2b,0x9,0x3,0x40020,0x2c,
0x1,0x2b,0x20013,0x2d,0x30021,0x2e,0x2d,0x40017,
0x2f,0xb,0x3,0x40020,0x30,0x7,0x2f,0x40020,
0x31,0x7,0xb,0x40020,0x32,0x2,0x9,0x40017,
0x33,0x1d,0x2,0x4003b,0x29,0x5,0x2,0x4003b,
0x2a,0x7,0x2,0x4003b,0x2c,0x3,0x1,0x4002b,
0x9,0x34,0x208f0,0x4002b,0x9,0x35,0x208f1,0x4002b,
0x9,0x36,0x208f2,0x50036,0x2d,0x2,0x0,0x2e,
0x200f8,0x37,0x4003b,0x30,0x38,0x7,0x4003d,0x2b,
0x39,0x3,0x300f7,0x3a,0x0,0x300fb,0xe,0x3b,
0x200f8,0x3b,0x50051,0x9,0x3c,0x39,0x0,0x500ae,
0x1d,0x3d,0x3c,0xd,0x300f7,0x3e,0x0,0x400fa,
0x3d,0x3f,0x3e,0x200f8,0x3f,0x200f9,0x3a,0x200f8,
0x3e,0x60041,0x32,0x40,0x5,0xc,0xe,0x4003d,
0x9,0x41,0x40,0x4007c,0xb,0x42,0x41,0x500c7,
0xb,0x43,0x42,0xf,0x500c6,0xb,0x44,0x43,
0xf,0x50082,0xb,0x45,0x44,0x10,0x60041,0x32,
0x46,0x5,0xc,0x11,0x4003d,0x9,0x47,0x46,
0x4007c,0xb,0x48,0x47,0x4007e,0xb,0x49,0x48,
0x500c4,0xb,0x4a,0x49,0x28,0x500c3,0xb,0x4b,
0x4a,0x28,0x60041,0x32,0x4c,0x5,0xc,0x12,
0x4003d,0x9,0x4d,0x4c,0x4007c,0xb,0x4e,0x4d,
0x500c7,0xb,0x4f,0x4e,0xf,0x500c6,0xb,0x50,
0x4f,0xf,0x50082,0xb,0x51,0x50,0x10,0x200f9,
0x52,0x200f8,0x52,0x700f5,0x9,0x53,0xe,0x3e,
0x54,0x55,0x500b0,0x1d,0x56,0x53,0x13,0x400f6,
0x57,0x55,0x0,0x400fa,0x56,0x55,0x57,0x200f8,
0x55,0x50080,0x9,0x58,0x13,0x53,0x60041,0x32,
0x59,0x5,0xc,0x58,0x4003d,0x9,0x5a,0x59,
0x4007c,0xb,0x5b,0x5a,0x50080,0x9,0x5c,0x14,
0x53,0x60041,0x32,0x5d,0x5,0xc,0x5c,0x4003d,
0x9,0x5e,0x5d,0x4007c,0xb,0x5f,0x5e,0x50080,
0x9,0x60,0x15,0x53,0x60041,0x32,0x61,0x5,
0xc,0x60,0x4003d,0x9,0x62,0x61,0x4007c,0xb,
0x63,0x62,0x50084,0xb,0x64,0x45,0x5b,0x500c3,
0xb,0x65,0x64,0x16,0x50084,0xb,0x66,0x4b,
0x5f,0x500c3,0xb,0x67,0x66,0x16,0x50080,0xb,
0x68,0x65,0x67,0x50084,0xb,0x69,0x51,0x63,
0x500c3,0xb,0x6a,0x69,0x16,0x50080,0xb,0x6b,
0x68,0x6a,0x500c4,0xb,0x6c,0x6b,0x28,0x500c3,
0xb,0x6d,0x6c,0x28,0x50089,0x9,0x6e,0x3c,
0x19,0x4007c,0xb,0x6f,0x6e,0x500c3,0xb,0x70,
0x5b,0x1a,0x50084,0xb,0x71,0x6f,0x70,0x50080,
0xb,0x72,0x6d,0x71,0x50086,0x9,0x73,0x3c,
0x19,0x4007c,0xb,0x74,0x73,0x500c3,0xb,0x75,
0x63,0x1a,0x50084,0xb,0x76,0x74,0x75,0x50080,
0xb,0x77,0x72,0x76,0x500c4,0xb,0x78,0x77,
0x28,0x500c3,0xb,0x79,0x78,0x28,0x50041,0x31,
0x7a,0x38,0x53,0x3003e,0x7a,0x79,0x50080,0x9,
0x54,0x53,0x11,0x200f9,0x52,0x200f8,0x57,0x50041,
0x31,0x7b,0x38,0x18,0x4003d,0xb,0x7c,0x7b,
0x500ad,0x1d,0x7d,0x7c,0x1f,0x300f7,0x7e,0x0,
0x400fa,0x7d,0x7f,0x7e,0x200f8,0x7f,0x4003d,0xb,
0x80,0x7b,0x7000c,0xb,0x81,0x1,0x27,0x80,
0x21,0x500c7,0xb,0x82,0x81,0x22,0x50087,0xb,
0x83,0x20,0x82,0x50041,0x31,0x84,0x38,0xc,
0x4003d,0xb,0x85,0x84,0x50084,0xb,0x86,0x85,
0x83,0x500c3,0xb,0x87,0x86,0x16,0x50080,0xb,
0x88,0x87,0x23,0x500c4,0xb,0x89,0x88,0x28,
0x500c3,0xb,0x8a,0x89,0x28,0x50041,0x31,0x8b,
0x38,0x17,0x4003d,0xb,0x8c,0x8b,0x50084,0xb,
0x8d,0x8c,0x83,0x500c3,0xb,0x8e,0x8d,0x16,
0x50080,0xb,0x8f,0x8e,0x24,0x500c4,0xb,0x90,
0x8f,0x28,0x500c3,0xb,0x91,0x90,0x28,0x50050,
0x1b,0x92,0x8a,0x91,0x500af,0x33,0x93,0x92,
0x1c,0x4009b,0x1d,0x94,0x93,0x300f7,0x95,0x0,
0x400fa,0x94,0x96,0x95,0x200f8,0x96,0x500b1,0x1d,
0x97,0x8a,0x25,0x200f9,0x95,0x200f8,0x95,0x700f5,
0x1d,0x98,0x1e,0x7f,0x97,0x96,0x300f7,0x99,
0x0,0x400fa,0x98,0x9a,0x99,0x200f8,0x9a,0x500b1,
0x1d,0x9b,0x91,0x26,0x200f9,0x99,0x200f8,0x99,
0x700f5,0x1d,0x9c,0x1e,0x95,0x9b,0x9a,0x200f9,
0x7e,0x200f8,0x7e,0x700f5,0x1d,0x9d,0x1e,0x57,
0x9c,0x99,0x700f5,0x1b,0x9e,0x1c,0x57,0x92,
0x99,0x50084,0x9,0x9f,0x3c,0x27,0x50080,0x9,
0xa0,0xa,0x9f,0x50051,0xb,0xa1,0x9e,0x0,
0x4007c,0x9,0xa2,0xa1,0x60041,0x32,0xa3,0x7,
0xc,0xa0,0x3003e,0xa3,0xa2,0x50051,0xb,0xa4,
0x9e,0x1,0x4007c,0x9,0xa5,0xa4,0x50080,0x9,
0xa6,0x9f,0x34,0x60041,0x32,0xa7,0x7,0xc,
0xa6,0x3003e,0xa7,0xa5,0x4003d,0xb,0xa8,0x7b,
0x4007c,0x9,0xa9,0xa8,0x50080,0x9,0xaa,0x9f,
0x35,0x60041,0x32,0xab,0x7,0xc,0xaa,0x3003e,
0xab,0xa9,0x600a9,0xb,0xac,0x9d,0x17,0xc,
0x4007c,0x9,0xad,0xac,0x50080,0x9,0xae,0x9f,
0x36,0x60041,0x32,0xaf,0x7,0xc,0xae,0x3003e,
0xaf,0xad,0x200f9,0x3a,0x200f8,0x3a,0x100fd,0x10038
};
inline constexpr std::uint32_t connected_rows[]={
0x7230203,0x10000,0xe0000,0x108,0x0,0x20011,0x1,0x6000b,
0x1,0x4c534c47,0x6474732e,0x3035342e,0x0,0x3000e,0x0,0x1,
0x9000f,0x5,0x2,0x6e6e6f63,0x65746365,0x6f725f64,0x6d5f7377,0x6e6961,
0x3,0x60010,0x2,0x11,0x40,0x1,0x1,0x30003,
0x5,0x258,0x90005,0x4,0x65707974,0x7274532e,0x75746375,0x42646572,
0x65666675,0x69752e72,0x746e,0x40005,0x5,0x65786574,0x736c,0xa0005,
0x6,0x65707974,0x5357522e,0x63757274,0x65727574,0x66754264,0x2e726566,0x746e6975,
0x0,0x50005,0x7,0x64697267,0x74756f5f,0x747570,0x70005,0x2,
0x6e6e6f63,0x65746365,0x6f725f64,0x6d5f7377,0x6e6961,0x40047,0x3,0xb,
0x1c,0x40047,0x5,0x22,0x0,0x40047,0x5,0x21,
0x0,0x40047,0x7,0x22,0x0,0x40047,0x7,0x21,
0x1,0x40047,0x8,0x6,0x4,0x50048,0x4,0x0,
0x23,0x0,0x40048,0x4,0x0,0x18,0x30047,0x4,
0x3,0x50048,0x6,0x0,0x23,0x0,0x30047,0x6,
0x3,0x40015,0x9,0x20,0x0,0x4002b,0x9,0xa,
0xeaf,0x4002b,0x9,0xb,0x208ef,0x40015,0xc,0x20,
0x1,0x4002b,0xc,0xd,0x0,0x4002b,0x9,0xe,
0xc0,0x4002b,0x9,0xf,0x2a3,0x4002b,0x9,0x10,
0x0,0x4002b,0x9,0x11,0xc,0x4002b,0x9,0x12,
0xd,0x4002b,0x9,0x13,0xe1,0x4002b,0x9,0x14,
0x4,0x4002b,0x9,0x15,0x1,0x4002b,0xc,0x16,
0x1,0x40017,0x17,0xc,0x2,0x5002c,0x17,0x18,
0x16,0xd,0x4002b,0x9,0x19,0x180,0x4002b,0x9,
0x1a,0xf,0x4002b,0xc,0x1b,0x2,0x4002b,0x9,
0x1c,0x2,0x20014,0x1d,0x3002a,0x1d,0x1e,0x4002b,
0xc,0x1f,0xe0,0x4002b,0xc,0x20,0x200,0x3001d,
0x8,0x9,0x3001e,0x4,0x8,0x40020,0x21,0x2,
0x4,0x3001e,0x6,0x8,0x40020,0x22,0x2,0x6,
0x40017,0x23,0x9,0x3,0x40020,0x24,0x1,0x23,
0x20013,0x25,0x30021,0x26,0x25,0x40020,0x27,0x2,
0x9,0x4003b,0x21,0x5,0x2,0x4003b,0x22,0x7,
0x2,0x4003b,0x24,0x3,0x1,0x4002b,0xc,0x28,
0xffffffff,0x4002b,0x9,0x29,0x208f2,0x4002b,0x9,0x2a,
0x208f0,0x4002b,0x9,0x2b,0x181,0x4002b,0x9,0x2c,
0x182,0x4002b,0x9,0x2d,0x184,0x4002b,0x9,0x2e,
0x183,0x4002b,0x9,0x2f,0x185,0x4002b,0x9,0x30,
0x186,0x4002b,0x9,0x31,0x187,0x4002b,0x9,0x32,
0x188,0x4002b,0x9,0x33,0x189,0x4002b,0x9,0x34,
0x18a,0x4002b,0x9,0x35,0x18b,0x4002b,0x9,0x36,
0x18c,0x4002b,0x9,0x37,0x18e,0x4002b,0x9,0x38,
0x18d,0x4002b,0xc,0x39,0xe1,0x4002b,0x9,0x3a,
0x208f1,0x50036,0x25,0x2,0x0,0x26,0x200f8,0x3b,
0x4003d,0x23,0x3c,0x3,0x300f7,0x3d,0x0,0x300fb,
0x10,0x3e,0x200f8,0x3e,0x50051,0x9,0x3f,0x3c,
0x0,0x500ae,0x1d,0x40,0x3f,0xe,0x300f7,0x41,
0x0,0x400fa,0x40,0x42,0x41,0x200f8,0x42,0x200f9,
0x3d,0x200f8,0x41,0x50084,0x9,0x43,0x3f,0xf,
0x50080,0x9,0x44,0xa,0x43,0x60041,0x27,0x45,
0x5,0xd,0x11,0x4003d,0x9,0x46,0x45,0x4007c,
0xc,0x47,0x46,0x60041,0x27,0x48,0x5,0xd,
0x12,0x4003d,0x9,0x49,0x48,0x4007c,0xc,0x4a,
0x49,0x50050,0x17,0x4b,0x47,0x4a,0x200f9,0x4c,
0x200f8,0x4c,0x700f5,0x17,0x4d,0x4b,0x41,0x4e,
0x4f,0x700f5,0x9,0x50,0x10,0x41,0x51,0x4f,
0x700f5,0x9,0x52,0x10,0x41,0x53,0x4f,0x500b0,
0x1d,0x54,0x52,0x13,0x400f6,0x55,0x4f,0x0,
0x400fa,0x54,0x56,0x55,0x200f8,0x56,0x50084,0x9,
0x57,0x52,0x14,0x50080,0x9,0x58,0xb,0x57,
0x50080,0x9,0x59,0x57,0x29,0x60041,0x27,0x5a,
0x7,0xd,0x59,0x4003d,0x9,0x5b,0x5a,0x500aa,
0x1d,0x5c,0x5b,0x10,0x300f7,0x5d,0x0,0x400fa,
0x5c,0x5e,0x5d,0x200f8,0x5e,0x200f9,0x4f,0x200f8,
0x5d,0x60041,0x27,0x5f,0x7,0xd,0x58,0x4003d,
0x9,0x60,0x5f,0x4007c,0xc,0x61,0x60,0x50080,
0x9,0x62,0x57,0x2a,0x60041,0x27,0x63,0x7,
0xd,0x62,0x4003d,0x9,0x64,0x63,0x4007c,0xc,
0x65,0x64,0x50050,0x17,0x66,0x61,0x65,0x50082,
0x17,0x67,0x66,0x18,0x50051,0xc,0x68,0x67,
0x0,0x50051,0xc,0x69,0x67,0x1,0x50051,0xc,
0x6a,0x4d,0x0,0x50082,0xc,0x6b,0x68,0x6a,
0x50084,0x9,0x6c,0x52,0x1a,0x50080,0x9,0x6d,
0x19,0x6c,0x500aa,0x1d,0x6e,0x3f,0x10,0x300f7,
0x6f,0x0,0x400fa,0x6e,0x70,0x6f,0x200f8,0x70,
0x60041,0x27,0x71,0x7,0xd,0x6d,0x3003e,0x71,
0x15,0x4007c,0x9,0x72,0x68,0x50080,0x9,0x73,
0x6c,0x2b,0x60041,0x27,0x74,0x7,0xd,0x73,
0x3003e,0x74,0x72,0x50080,0xc,0x75,0x69,0x1b,
0x4007c,0x9,0x76,0x75,0x50080,0x9,0x77,0x6c,
0x2c,0x60041,0x27,0x78,0x7,0xd,0x77,0x3003e,
0x78,0x76,0x50080,0x9,0x79,0x6c,0x2d,0x60041,
0x27,0x7a,0x7,0xd,0x79,0x3003e,0x7a,0x10,
0x50080,0x9,0x7b,0x6c,0x2e,0x60041,0x27,0x7c,
0x7,0xd,0x7b,0x3003e,0x7c,0x10,0x50080,0x9,
0x7d,0x6c,0x2f,0x60041,0x27,0x7e,0x7,0xd,
0x7d,0x3003e,0x7e,0x10,0x50080,0x9,0x7f,0x6c,
0x30,0x60041,0x27,0x80,0x7,0xd,0x7f,0x3003e,
0x80,0x72,0x4007c,0x9,0x81,0x69,0x50080,0x9,
0x82,0x6c,0x31,0x60041,0x27,0x83,0x7,0xd,
0x82,0x3003e,0x83,0x81,0x4007c,0x9,0x84,0x6a,
0x50080,0x9,0x85,0x6c,0x32,0x60041,0x27,0x86,
0x7,0xd,0x85,0x3003e,0x86,0x84,0x50051,0xc,
0x87,0x4d,0x1,0x4007c,0x9,0x88,0x87,0x50080,
0x9,0x89,0x6c,0x33,0x60041,0x27,0x8a,0x7,
0xd,0x89,0x3003e,0x8a,0x88,0x50080,0x9,0x8b,
0x6c,0x34,0x60041,0x27,0x8c,0x7,0xd,0x8b,
0x3003e,0x8c,0x15,0x50082,0xc,0x8d,0x68,0x16,
0x4007c,0x9,0x8e,0x8d,0x50080,0x9,0x8f,0x6c,
0x35,0x60041,0x27,0x90,0x7,0xd,0x8f,0x3003e,
0x90,0x8e,0x50080,0xc,0x91,0x69,0x16,0x4007c,
0x9,0x92,0x91,0x50080,0x9,0x93,0x6c,0x36,
0x60041,0x27,0x94,0x7,0xd,0x93,0x3003e,0x94,
0x92,0x50080,0x9,0x95,0x6c,0x37,0x60041,0x27,
0x96,0x7,0xd,0x95,0x3003e,0x96,0x10,0x50080,
0x9,0x97,0x6c,0x38,0x60041,0x27,0x98,0x7,
0xd,0x97,0x3003e,0x98,0x10,0x200f9,0x6f,0x200f8,
0x6f,0x500af,0x1d,0x99,0x68,0xd,0x300f7,0x9a,
0x0,0x400fa,0x99,0x9b,0x9a,0x200f8,0x9b,0x500b1,
0x1d,0x9c,0x68,0x1f,0x200f9,0x9a,0x200f8,0x9a,
0x700f5,0x1d,0x9d,0x1e,0x6f,0x9c,0x9b,0x300f7,
0x9e,0x0,0x400fa,0x9d,0x9f,0x9e,0x200f8,0x9f,
0x4007c,0xc,0xa0,0x3f,0x50080,0xc,0xa1,0x69,
0x1b,0x500aa,0x1d,0xa2,0xa0,0xa1,0x200f9,0x9e,
0x200f8,0x9e,0x700f5,0x1d,0xa3,0x1e,0x9a,0xa2,
0x9f,0x300f7,0xa4,0x0,0x400fa,0xa3,0xa5,0xa4,
0x200f8,0xa5,0x50080,0x9,0xa6,0x50,0x15,0x50080,
0x9,0xa7,0x44,0x50,0x60041,0x27,0xa8,0x7,
0xd,0xa7,0x3003e,0xa8,0x6d,0x200f9,0xa4,0x200f8,
0xa4,0x700f5,0x9,0xa9,0x50,0x9e,0xa6,0xa5,
0x50082,0xc,0xaa,0x68,0x1b,0x50082,0xc,0xab,
0x68,0x39,0x7000c,0xc,0xac,0x1,0x2a,0xd,
0xab,0x7000c,0xc,0xad,0x1,0x2a,0x6b,0xd,
0x7000c,0xc,0xae,0x1,0x27,0xad,0xaa,0x500b3,
0x1d,0xaf,0xac,0xae,0x300f7,0xb0,0x0,0x400fa,
0xaf,0xb1,0xb0,0x200f8,0xb1,0x50051,0xc,0xb2,
0x4d,0x1,0x50082,0xc,0xb3,0x69,0xb2,0x500ad,
0x1d,0xb4,0xac,0xd,0x300f7,0xb5,0x0,0x400fa,
0xb4,0xb6,0xb5,0x200f8,0xb6,0x500ad,0x1d,0xb7,
0x6b,0xd,0x200f9,0xb5,0x200f8,0xb5,0x700f5,0x1d,
0xb8,0x1e,0xb1,0xb7,0xb6,0x300f7,0xb9,0x0,
0x400fa,0xb8,0xba,0xbb,0x200f8,0xba,0x6000c,0xc,
0xbc,0x1,0x5,0xb3,0x50084,0xc,0xbd,0xac,
0xbc,0x50082,0xc,0xbe,0xbd,0x16,0x50087,0xc,
0xbf,0xbe,0x6b,0x7000c,0xc,0xc0,0x1,0x2a,
0xd,0xbf,0x7000c,0xc,0xc1,0x1,0x27,0xac,
0xc0,0x200f9,0xb9,0x200f8,0xbb,0x200f9,0xb9,0x200f8,
0xb9,0x700f5,0xc,0xc2,0xc1,0xba,0xd,0xbb,
0x500b1,0x1d,0xc3,0x69,0xb2,0x600a9,0xc,0xc4,
0xc3,0x16,0x28,0x50084,0xc,0xc5,0xc2,0xc4,
0x50080,0xc,0xc6,0x69,0xc5,0x500ad,0x1d,0xc7,
0xae,0xd,0x300f7,0xc8,0x0,0x400fa,0xc7,0xc9,
0xc8,0x200f8,0xc9,0x500ad,0x1d,0xca,0x6b,0xd,
0x200f9,0xc8,0x200f8,0xc8,0x700f5,0x1d,0xcb,0x1e,
0xb9,0xca,0xc9,0x300f7,0xcc,0x0,0x400fa,0xcb,
0xcd,0xce,0x200f8,0xcd,0x6000c,0xc,0xcf,0x1,
0x5,0xb3,0x50084,0xc,0xd0,0xae,0xcf,0x50082,
0xc,0xd1,0xd0,0x16,0x50087,0xc,0xd2,0xd1,
0x6b,0x7000c,0xc,0xd3,0x1,0x2a,0xd,0xd2,
0x7000c,0xc,0xd4,0x1,0x27,0xae,0xd3,0x200f9,
0xcc,0x200f8,0xce,0x200f9,0xcc,0x200f8,0xcc,0x700f5,
0xc,0xd5,0xd4,0xcd,0xd,0xce,0x50084,0xc,
0xd6,0xd5,0xc4,0x50080,0xc,0xd7,0x69,0xd6,
0x4007c,0xc,0xd8,0x3f,0x7000c,0xc,0xd9,0x1,
0x27,0xc6,0xd7,0x500af,0x1d,0xda,0xd8,0xd9,
0x300f7,0xdb,0x0,0x400fa,0xda,0xdc,0xdb,0x200f8,
0xdc,0x7000c,0xc,0xdd,0x1,0x2a,0xc6,0xd7,
0x500b3,0x1d,0xde,0xd8,0xdd,0x200f9,0xdb,0x200f8,
0xdb,0x700f5,0x1d,0xdf,0x1e,0xcc,0xde,0xdc,
0x300f7,0xe0,0x0,0x400fa,0xdf,0xe1,0xe0,0x200f8,
0xe1,0x50080,0x9,0xe2,0x6c,0x2f,0x50080,0x9,
0xe3,0xa9,0x15,0x50080,0x9,0xe4,0x44,0xa9,
0x60041,0x27,0xe5,0x7,0xd,0xe4,0x3003e,0xe5,
0xe2,0x200f9,0xe0,0x200f8,0xe0,0x700f5,0x9,0xe6,
0xa9,0xdb,0xe3,0xe1,0x200f9,0xb0,0x200f8,0xb0,
0x700f5,0x9,0xe7,0xa9,0xa4,0xe6,0xe0,0x50080,
0x9,0xe8,0x57,0x3a,0x60041,0x27,0xe9,0x7,
0xd,0xe8,0x4003d,0x9,0xea,0xe9,0x4007c,0xc,
0xeb,0xea,0x500b1,0x1d,0xec,0xeb,0x20,0x300f7,
0xed,0x0,0x400fa,0xec,0xee,0xed,0x200f8,0xee,
0x50082,0xc,0xef,0x68,0x16,0x500af,0x1d,0xf0,
0xef,0xd,0x200f9,0xed,0x200f8,0xed,0x700f5,0x1d,
0xf1,0x1e,0xb0,0xf0,0xee,0x300f7,0xf2,0x0,
0x400fa,0xf1,0xf3,0xf2,0x200f8,0xf3,0x50082,0xc,
0xf4,0x68,0x16,0x500b1,0x1d,0xf5,0xf4,0x1f,
0x200f9,0xf2,0x200f8,0xf2,0x700f5,0x1d,0xf6,0x1e,
0xed,0xf5,0xf3,0x300f7,0xf7,0x0,0x400fa,0xf6,
0xf8,0xf7,0x200f8,0xf8,0x4007c,0xc,0xf9,0x3f,
0x50080,0xc,0xfa,0x69,0x16,0x500aa,0x1d,0xfb,
0xf9,0xfa,0x200f9,0xf7,0x200f8,0xf7,0x700f5,0x1d,
0xfc,0x1e,0xf2,0xfb,0xf8,0x300f7,0xfd,0x0,
0x400fa,0xfc,0xfe,0xfd,0x200f8,0xfe,0x50080,0x9,
0xff,0x6c,0x34,0x50080,0x9,0x100,0xe7,0x15,
0x50080,0x9,0x101,0x44,0xe7,0x60041,0x27,0x102,
0x7,0xd,0x101,0x3003e,0x102,0xff,0x200f9,0xfd,
0x200f8,0xfd,0x700f5,0x9,0x103,0xe7,0xf7,0x100,
0xfe,0x200f9,0x4f,0x200f8,0x4f,0x700f5,0x17,0x4e,
0x4d,0x5e,0x67,0xfd,0x700f5,0x9,0x51,0x50,
0x5e,0x103,0xfd,0x50080,0x9,0x53,0x52,0x15,
0x200f9,0x4c,0x200f8,0x55,0x50084,0x9,0x104,0x3f,
0x1c,0x60041,0x27,0x105,0x7,0xd,0x104,0x3003e,
0x105,0x44,0x50080,0x9,0x106,0x104,0x15,0x60041,
0x27,0x107,0x7,0xd,0x106,0x3003e,0x107,0x50,
0x200f9,0x3d,0x200f8,0x3d,0x100fd,0x10038
};
}
